latitude,longitude,roof_area_sqm,annual_ghi,avg_temperature,system_size_kw,tilt_angle,annual_generation_kwh
18.1126,79.4154,44.3,1898.94,29.15,6.64,17.8,9416.9
33.6693,81.7296,47.6,1647.94,23.25,8.13,26.3,11539.42
27.7638,92.7819,38.0,1875.36,29.07,6.75,23.1,10027.63
24.1638,77.8601,41.9,1815.14,28.74,7.13,15.1,9418.04
12.2125,93.2198,55.7,2213.19,29.85,8.97,9.4,15970.28
12.2119,70.5559,346.1,2118.5,29.57,49.84,7.3,82575.84
9.5683,90.5272,125.5,2178.62,34.17,21.53,7.2,36104.58
31.3868,92.5789,323.9,1756.77,22.05,62.4,33.0,85570.96
24.2301,73.2727,109.4,1969.69,28.99,13.18,28.9,20060.97
27.118,80.48,139.9,1918.53,26.48,18.29,29.2,24193.18
8.5558,72.7995,25.9,2216.8,35.08,3.36,12.1,5879.09
34.1876,88.4915,22.9,1773.81,21.8,4.45,41.5,5051.04
30.476,83.5251,119.1,1778.47,28.37,20.6,38.0,26949.8
13.7332,86.4244,438.0,2140.18,38.11,85.91,20.9,122346.13
12.9093,73.6981,45.5,2084.6,32.23,7.58,6.0,11425.84
12.9519,74.1406,39.2,2111.04,33.48,6.16,8.0,9617.05
16.2145,69.2034,133.3,2030.17,31.5,24.45,16.3,35449.37
22.1684,77.34,41.0,1908.39,28.1,5.45,19.3,6841.9
19.6625,84.2326,22.6,1934.95,28.09,3.4,12.3,5007.41
15.8632,92.8801,126.2,2095.88,29.29,19.85,11.6,34772.07
24.52,87.3409,67.9,2007.49,25.29,9.77,34.0,14583.62
11.7663,80.6265,73.7,2225.89,34.12,11.03,8.7,19159.47
15.8879,95.6405,288.1,1957.49,30.41,36.38,14.3,58147.78
17.8918,88.8581,81.5,2125.08,25.39,11.06,8.0,16074.43
20.3139,94.9748,82.2,1952.9,30.35,12.07,24.7,17349.58
29.1998,83.3001,25.1,1866.46,25.38,4.61,27.5,6240.93
13.3912,75.5082,28.8,2030.46,35.27,3.88,5.5,5520.41
21.8843,69.532,52.0,1961.44,29.5,7.68,31.3,12168.33
23.9952,89.0565,34.2,1937.18,24.84,4.28,29.5,6434.56
9.2542,71.5178,43.1,2058.66,29.98,7.09,13.8,11440.88
24.4037,76.7805,45.9,1953.39,26.18,7.75,33.6,11404.61
12.6042,83.4417,44.6,2224.8,31.68,8.44,10.8,13317.91
9.7564,84.3681,32.5,2154.41,36.1,6.03,14.1,9880.37
33.6199,85.4169,123.0,1847.66,23.45,17.57,27.7,26596.45
34.0721,72.8214,28.6,1715.53,25.53,3.75,38.0,5026.48
29.8267,79.0124,21.7,1875.09,22.53,2.87,20.1,4216.13
16.2246,85.8986,117.6,1874.47,33.23,23.23,8.8,30127.35
10.6371,96.1247,377.1,2346.03,35.26,65.56,9.1,118579.39
26.4743,89.1013,44.0,1987.1,22.65,5.44,16.7,8817.78
19.8841,94.7555,111.6,1963.32,32.3,14.61,19.1,22109.3
11.295,90.1041,65.7,1982.92,33.7,10.44,11.8,14165.58
21.3698,85.1598,135.3,1982.39,29.77,18.49,23.8,30117.34
8.9285,73.5687,38.8,2067.77,32.85,7.15,5.0,10516.66
32.5517,87.3339,432.7,1793.66,26.5,71.76,26.2,99780.73
14.9871,86.078,127.4,2107.16,29.48,21.53,17.3,36160.06
25.8881,85.4716,79.8,1802.7,28.61,12.53,29.1,18127.41
16.4162,82.2038,22.2,2138.19,32.85,3.12,6.9,4455.94
22.0418,83.331,67.7,2011.69,26.73,11.31,22.8,17684.1
22.7612,77.6988,59.3,2012.36,32.32,10.51,28.5,15779.99
12.9911,83.0601,27.3,2110.87,33.22,4.09,5.0,6813.99
34.1788,73.7291,33.8,1615.54,24.53,5.42,32.4,6963.25
28.9286,91.3501,140.7,1901.52,22.53,26.33,25.5,41853.66
33.3665,73.3875,46.2,1721.77,27.82,6.09,41.6,8098.67
32.1603,70.464,121.9,1653.93,21.68,19.94,25.9,25479.45
24.1433,80.6511,20.7,2017.58,29.79,3.06,20.5,4717.2
32.8906,87.0909,30.2,1919.92,21.81,5.33,40.9,8491.58
10.3893,80.6938,118.2,2153.69,32.69,14.37,7.0,21658.06
13.2915,76.0259,23.9,2277.48,34.2,4.14,13.9,7390.87
9.2211,84.187,430.4,2185.32,36.51,55.19,5.0,85827.7
16.7839,78.0631,470.1,2011.45,28.5,58.85,26.5,84665.42
18.4943,95.0532,85.4,1960.67,32.46,15.2,25.0,23243.97
15.3264,94.7567,120.6,2199.09,33.79,20.65,18.0,32402.54
30.3759,82.5688,201.9,1734.82,23.05,38.68,21.6,52325.63
17.6323,77.5086,40.7,2085.44,33.86,6.58,9.1,9814.58
15.5852,89.3768,52.1,2018.73,28.67,8.47,16.5,11561.11
22.6528,69.0647,24.5,1899.43,27.16,4.33,18.4,6427.71
11.805,81.7683,41.3,2213.93,34.25,6.02,14.3,10000.28
29.6593,77.7534,121.2,1779.73,23.55,14.9,31.6,18706.54
10.0129,94.6955,114.1,2131.38,34.62,15.79,16.8,23863.67
34.6459,68.3481,34.3,1811.0,23.49,4.77,30.3,6085.32
28.8506,84.0316,40.2,1952.48,25.24,5.91,30.4,9277.21
13.3653,89.4792,127.4,2155.0,34.25,24.9,18.9,42385.61
8.1491,82.0655,49.0,2144.93,34.48,9.03,8.0,15143.96
30.0175,70.4767,138.9,1762.84,25.56,27.06,36.6,38188.36
27.0851,96.2014,129.5,1862.86,28.7,25.88,19.7,35289.61
27.6832,83.0223,40.8,1871.38,27.72,6.32,32.4,9242.6
28.8243,85.8114,37.2,1746.13,27.2,5.14,37.7,6751.47
9.9992,74.8617,62.1,2221.86,31.8,10.23,6.6,17230.94
17.6786,82.0214,25.0,2032.63,31.69,4.76,15.0,7634.54
11.1285,80.4453,44.6,2006.43,31.84,7.02,5.0,11106.09
31.3038,70.172,44.1,1706.22,21.95,7.07,34.1,9259.0
24.829,71.0787,38.4,1856.75,27.28,5.03,25.9,6689.07
16.9342,92.2867,33.2,2033.35,29.17,5.1,7.7,7661.9
9.7161,74.9548,52.6,2320.25,35.81,7.94,14.8,13391.99
16.3965,73.6538,82.7,2067.92,32.85,12.25,23.0,19027.3
16.7799,82.6424,92.1,1974.7,27.24,17.58,24.9,27269.7
27.6994,90.2937,98.6,1863.06,24.48,12.3,28.6,16152.39
25.2141,69.7964,47.9,1861.98,24.33,9.47,24.3,13289.81
31.9547,84.7274,23.3,1794.8,23.3,2.81,39.5,3684.7
20.7498,71.4571,101.9,2016.95,30.17,19.93,18.7,32427.66
11.229,69.0574,86.8,2238.62,33.06,14.22,14.3,23556.96
27.2576,69.5296,149.0,1851.42,25.15,26.25,29.6,36657.38
28.5412,92.1908,136.2,1961.38,28.36,18.38,26.0,28269.65
23.1545,71.4212,93.9,1999.86,23.57,16.18,14.9,24020.2
28.8161,69.3094,50.0,1768.71,28.11,9.53,19.2,12601.77
21.3325,80.6991,101.4,2136.8,27.91,13.3,19.9,23793.35
22.1138,92.4758,66.7,1972.11,28.49,8.68,21.7,14325.14
19.5436,75.6098,344.6,1925.41,28.75,49.73,26.0,70671.12
8.6863,80.2297,72.6,2319.88,37.78,9.65,7.0,16333.91
10.9131,69.1578,113.6,2313.79,31.23,14.64,6.5,24638.24
8.8486,81.0233,143.7,2182.08,34.64,25.05,8.1,36959.98
25.1831,84.7508,425.2,1850.41,28.32,58.29,19.9,85941.36
16.4876,84.5563,245.6,2033.43,27.96,42.58,8.3,72981.14
21.7314,77.6404,79.7,2010.01,26.98,15.06,14.0,22372.96
32.5043,77.1505,56.9,1861.15,23.68,9.8,28.9,13569.01
14.7309,71.0921,28.6,2124.48,30.2,3.7,5.0,5749.0
19.0803,78.6372,59.3,2008.69,28.38,9.83,13.5,15001.51
28.3999,70.8853,99.9,1952.64,25.12,15.14,34.2,21364.43
14.1776,90.2313,120.8,2063.78,33.52,17.82,8.9,26641.89
10.0785,96.022,42.5,2245.06,33.38,6.19,5.0,10840.2
15.8233,96.1322,56.0,2036.14,33.64,10.87,24.8,16321.4
12.353,93.0871,30.2,2156.13,31.05,5.42,14.8,9390.3
33.1018,85.423,78.8,1739.08,21.2,10.3,24.3,14061.56
29.8193,88.3251,23.1,1802.79,29.03,3.66,21.1,4662.1
25.1019,76.271,86.2,1861.97,25.99,12.55,27.3,17513.34
31.5294,86.2923,29.0,1884.06,21.79,5.74,32.3,8628.91
29.6991,81.2138,39.0,1750.78,21.75,7.74,21.1,9844.46
13.0374,81.9785,138.3,2050.11,34.88,20.14,7.5,28515.89
32.0991,89.9755,33.6,1935.9,23.47,4.99,40.7,6945.5
22.5622,76.1756,124.7,2016.11,27.94,20.94,24.0,33237.34
29.8009,77.2231,201.1,1616.77,24.87,31.84,28.6,39296.75
32.1945,94.8146,463.2,1719.28,26.14,63.49,27.2,88420.01
16.5861,69.6305,24.6,1900.49,30.78,4.25,9.3,5749.48
10.9714,82.0834,69.2,2070.46,38.35,10.16,9.0,13543.75
14.1542,94.4712,23.2,1838.14,32.5,4.0,22.6,5386.59
19.5319,85.7005,258.4,1981.47,31.93,38.94,10.5,61619.52
30.0864,83.8458,105.2,1711.09,26.67,18.52,39.9,23870.35
31.2397,75.2426,49.6,1786.48,24.47,8.61,25.4,11001.94
8.1877,77.955,43.8,2066.61,33.74,7.04,6.4,10006.89
21.7902,92.7094,31.4,1958.41,29.46,5.54,12.7,8569.12
19.2701,84.2173,107.6,1963.94,30.95,16.88,21.0,24100.48
13.9969,82.9275,38.7,2212.21,31.16,5.0,13.7,9054.95
11.2364,70.8878,132.3,2254.65,33.88,17.8,14.6,30867.73
17.1156,68.4648,123.6,2098.75,33.37,17.27,18.0,26206.11
33.4586,95.9469,349.3,1715.62,27.68,43.68,31.4,60824.88
16.7265,78.9326,384.2,2201.75,32.78,67.97,21.5,106332.74
22.0073,85.4932,42.4,1823.62,32.42,6.33,12.5,7873.44
26.9815,70.3117,63.3,1746.05,25.2,8.07,27.8,10480.11
17.818,87.8103,70.0,2016.57,31.99,13.0,10.1,20162.49
34.2381,95.0444,391.0,1908.04,25.87,68.31,33.0,106663.15
33.9861,84.6943,45.5,1716.06,21.51,7.11,39.8,9293.37
14.7981,71.6573,32.3,2062.97,30.97,4.51,7.6,6284.33
21.4257,84.8699,49.4,1842.98,32.43,6.53,30.1,8179.35
16.1237,90.2241,26.5,2129.45,29.39,4.15,23.9,6260.94
15.6907,79.7861,32.5,2137.82,28.86,6.2,14.0,9471.82
8.9959,93.5153,31.4,2245.2,37.61,4.24,5.0,7058.78
24.4582,86.8118,143.0,1853.41,29.99,23.67,30.3,36146.54
21.5723,94.0782,28.6,1899.16,29.76,5.62,29.2,8297.64
9.3899,86.0817,97.1,2071.53,34.28,16.6,5.0,24048.38
15.5235,71.8074,25.6,2071.29,30.74,3.98,23.8,5912.98
32.5232,76.9811,332.4,1672.15,24.53,58.95,40.8,73242.94
14.4682,73.8521,450.1,1989.38,35.25,83.7,13.9,126759.35
11.9122,94.356,80.4,2095.69,33.72,13.45,17.9,22477.06
21.2152,90.0516,433.8,1922.99,33.39,82.31,20.1,116144.42
34.6126,87.6156,47.3,1677.94,21.23,7.63,35.9,10874.67
14.5355,76.728,57.3,2119.68,32.02,10.68,10.9,18762.28
26.1477,73.3373,42.7,1879.67,26.09,8.37,19.3,11759.17
28.5637,89.9371,27.7,1806.8,23.58,4.43,33.5,6069.72
14.4162,81.7506,25.3,2099.15,31.81,4.25,5.0,6459.39
27.6618,74.5479,110.1,1766.76,26.99,18.58,29.3,25358.92
17.9301,85.882,41.2,2029.68,31.58,7.51,25.2,11120.44
25.0723,69.1697,89.5,1904.75,31.66,16.63,19.5,24692.43
25.1053,77.4589,21.2,1771.86,28.23,2.59,21.8,3226.94
22.4659,81.5882,468.0,2019.27,30.79,83.63,24.2,124571.99
10.4378,72.2908,123.1,2085.6,34.04,22.49,5.4,35299.85
30.5532,96.555,28.2,1801.27,28.21,4.96,37.5,7028.96
16.6611,74.0638,34.9,2137.25,35.9,6.18,14.0,10847.27
13.036,71.7802,52.8,2183.41,33.8,6.51,14.7,9958.39
9.1009,73.9025,30.2,2182.93,32.52,4.69,5.0,7400.71
23.9541,90.3028,102.3,1883.83,26.72,18.96,14.8,23857.17
26.2942,80.3397,101.7,1946.5,27.33,19.81,19.8,27592.01
8.4479,84.3971,26.2,2245.91,35.71,3.63,5.0,5490.89
21.8265,68.6093,43.3,1901.65,30.17,7.2,21.2,10166.83
14.1154,68.9985,29.0,2026.33,33.17,5.34,15.8,8029.13
25.4197,80.9289,37.4,1720.66,27.18,6.74,16.3,8926.89
12.7079,91.683,28.1,2127.58,31.61,4.77,5.0,7416.01
26.6553,93.6719,32.8,1857.59,27.41,3.98,26.4,5840.28
18.4419,70.5145,26.2,2102.94,34.01,4.67,24.4,7292.88
33.2917,83.6125,39.0,1773.47,25.66,7.09,35.9,9205.19
11.7131,94.4837,299.0,2239.9,34.4,53.16,5.0,80200.71
17.2088,79.2512,51.6,1978.45,32.92,9.36,25.0,14060.44
11.0638,92.0574,52.8,2235.9,32.88,8.16,19.4,14543.58
32.9667,71.8772,34.1,1708.29,22.75,6.81,29.5,10208.12
31.6882,95.1264,25.5,1835.82,22.84,4.63,34.0,6951.08
14.9644,89.7913,108.5,1957.94,31.62,18.04,14.8,28762.92
25.8196,95.2987,90.8,1898.06,26.14,17.69,34.7,25964.81
30.065,87.6219,39.6,1644.05,27.49,7.64,30.2,9841.08
22.9904,78.5387,48.6,1908.8,27.3,8.99,32.2,12967.14
22.3006,95.2073,102.9,1977.82,26.96,16.98,16.3,25385.86
14.53,75.9914,128.7,2040.78,35.95,20.88,11.4,32442.87
10.5138,77.633,42.6,2070.72,32.97,6.23,16.1,9328.06
32.2248,88.3234,142.2,1831.64,24.41,19.92,37.9,27834.8
32.3113,90.1942,71.4,1754.12,24.96,11.49,37.0,14590.92
25.0937,94.9527,439.6,1853.15,25.03,73.07,32.3,105779.84
17.1538,73.9393,140.6,2038.58,33.35,19.62,21.2,28360.44
17.4287,91.1419,31.8,2241.22,32.03,6.16,20.2,10397.79
27.6008,89.4178,81.4,1939.47,29.3,13.39,26.8,20355.95
32.222,69.85,145.2,1857.01,22.74,23.54,31.6,35342.89
31.9513,79.2295,112.8,1803.72,24.42,17.46,30.1,25427.28
29.0566,76.2002,88.1,1834.3,25.6,10.98,31.5,15392.8
25.3349,76.8302,427.1,1696.29,27.73,81.41,23.5,108516.94
10.2718,96.5055,29.1,2104.79,31.07,4.23,5.0,6506.55
12.364,86.6405,25.3,2083.0,33.26,4.34,5.0,6010.76
32.261,88.8126,104.4,1613.31,21.23,17.6,40.8,22489.91
24.3736,96.3219,37.0,1812.68,28.35,6.17,14.9,8486.23
8.2483,78.9389,44.8,2037.06,30.63,7.26,5.0,11731.51
10.7397,91.2534,33.7,2147.62,30.06,4.53,9.6,7400.92
25.9145,80.6014,131.5,1943.04,28.58,18.73,21.2,25371.67
8.1367,93.2165,29.3,2286.08,33.84,4.75,6.3,8086.9
12.3418,73.2391,107.5,2155.03,31.07,19.7,5.0,32999.2
22.8158,95.4829,26.3,1856.24,30.87,4.06,15.4,5746.7
26.6812,74.3444,31.6,1709.17,27.25,4.3,32.7,5537.59
25.603,77.4604,45.7,1742.6,28.82,5.81,30.8,7018.68
14.0553,89.9296,26.5,1989.49,31.94,4.58,6.1,6399.73
27.2288,79.4189,131.0,1782.77,31.71,20.16,30.6,27651.51
14.4057,85.6381,249.0,2071.92,30.91,32.38,16.6,46531.39
16.7858,80.8926,53.4,1960.72,34.54,9.3,21.1,13290.55
28.1553,89.5287,23.3,1864.32,25.81,3.18,27.6,4611.11
25.5401,74.6216,124.6,1865.7,23.8,20.02,20.9,30529.99
30.929,69.6953,27.9,1788.12,25.65,4.03,34.2,5721.72
25.7555,76.698,39.6,1971.62,27.64,7.71,23.2,12201.6
23.3443,81.755,119.9,1829.38,25.99,16.58,17.7,23516.69
10.5292,72.8726,84.5,2187.97,32.02,12.98,8.7,20506.96
17.9283,78.2891,34.2,2020.17,30.48,6.74,23.2,9909.76
15.1605,79.5995,32.1,2044.43,32.48,4.67,14.7,6877.42
14.5877,69.6644,481.6,2152.24,27.09,82.62,10.6,139898.7
34.2713,84.9159,29.6,1797.44,25.28,4.3,40.9,5697.08
18.6136,93.646,214.2,1933.24,29.23,27.6,26.2,39189.28
32.0853,72.4005,278.0,1751.89,21.5,47.31,30.8,65364.42
25.0407,85.3364,117.0,1915.76,29.21,22.6,22.5,35656.47
29.4599,87.2774,40.9,1791.88,25.3,6.39,31.7,9151.32
21.5712,80.1607,142.4,2002.52,31.33,24.22,12.7,34508.59
23.5764,88.3318,46.5,1942.12,28.87,7.84,27.4,11646.3
21.298,79.9112,28.6,2107.24,29.01,4.39,26.9,7555.81
13.2716,82.6345,95.5,1982.69,32.32,16.16,11.2,24851.75
27.5062,68.2132,42.4,1839.09,27.19,5.97,21.0,7658.12
15.5809,88.0599,47.5,1990.86,30.76,7.14,6.2,10044.09
8.6565,87.1789,83.7,2236.51,33.0,13.01,11.4,20707.9
25.4278,69.1136,94.4,1756.93,28.38,17.86,20.8,25525.29
12.782,78.6793,47.0,2141.63,32.56,6.95,12.1,11940.01
33.3924,96.3919,30.8,1692.53,23.64,5.25,31.1,6704.8
33.7561,80.2014,34.4,1677.66,25.59,4.72,27.3,5846.4
32.7013,82.5564,47.1,1639.66,23.66,6.61,32.9,8513.88
17.9943,94.388,130.2,1982.9,30.53,22.38,17.2,33892.21
8.4173,88.8006,74.3,2279.25,33.61,13.45,10.9,21813.2
33.0646,84.88,82.5,1746.82,24.58,12.95,28.1,17194.13
19.561,91.1363,30.6,2042.12,30.5,4.49,13.9,6375.21
34.0997,93.0666,47.4,1863.38,25.06,9.14,40.4,13859.85
34.0177,81.2498,50.0,1752.78,22.13,6.54,38.1,8147.74
31.0313,81.7781,43.2,1740.73,23.72,7.68,36.5,9396.72
15.9501,79.1955,34.5,2094.28,33.01,6.05,8.4,9553.54
18.3976,96.0345,20.3,1969.3,30.83,3.56,12.9,4927.66
30.9807,88.2178,40.9,1745.99,22.85,7.97,32.5,10625.06
16.5569,70.4135,88.9,1924.38,33.76,15.85,23.7,22536.22
12.5763,93.0258,113.3,2191.73,29.54,16.33,20.4,27668.36
23.0336,81.9362,110.7,1898.51,29.8,16.41,29.7,23100.85
33.2762,69.9939,34.4,1759.6,21.1,5.21,24.1,7691.72
26.7928,83.9418,480.5,1778.85,30.31,58.85,33.2,78378.38
23.3917,80.0978,158.1,1957.83,24.98,30.53,31.4,48218.5
10.6238,93.4547,41.4,2091.82,36.12,5.21,5.0,8096.67
24.6052,73.9158,91.0,1889.77,27.36,16.01,22.9,25736.89
34.7315,91.9675,121.4,1789.06,22.24,21.66,35.5,32106.28
11.7823,84.173,117.5,2195.18,33.67,22.04,6.4,35922.98
21.9949,69.5837,20.3,1946.33,29.97,3.34,22.3,5120.98
31.6891,96.1835,28.6,1632.15,22.53,5.08,39.4,6296.64
28.0008,82.8658,68.9,2079.41,24.37,9.94,35.3,15592.89
26.8194,76.4354,25.0,2000.92,27.83,4.49,35.6,6305.84
26.9671,81.6128,405.0,1916.41,23.05,59.72,26.6,86247.45
17.7063,92.8779,74.0,1965.03,29.46,14.22,15.9,23485.36
15.927,76.8422,34.2,2048.23,37.51,4.56,19.2,6439.14
29.8528,73.5876,74.7,1763.18,23.23,10.85,28.2,14462.29
29.8731,71.7431,108.0,1907.39,27.45,17.27,20.7,24626.49
31.411,76.6379,41.6,1799.6,23.29,7.58,35.8,10539.33
32.6575,90.6214,29.9,1693.43,24.92,5.38,28.3,7149.71
21.8062,81.6772,361.1,1913.83,30.1,49.41,12.8,68651.24
21.5409,74.597,132.5,2045.96,31.16,17.43,12.0,26936.19
29.554,72.8194,22.8,1940.04,24.9,3.29,38.2,5128.72
25.549,77.6492,41.3,2006.38,31.08,6.56,20.6,10492.49
26.9531,95.2578,82.3,1919.41,25.29,13.43,25.9,19752.47
29.4864,77.9478,62.3,1793.03,25.8,9.61,38.5,13433.5
32.0301,96.6556,36.4,1508.14,24.68,6.29,31.4,6970.59
17.1259,82.0717,72.6,2059.51,28.65,11.2,8.7,16657.36
18.1407,73.1958,44.6,2017.32,29.86,8.74,19.2,12653.92
10.5375,93.8431,21.3,2165.52,34.18,3.0,5.0,4789.16
23.6136,81.3503,59.9,1923.27,27.11,10.19,15.5,14153.91
8.9704,88.5805,35.6,2076.43,39.45,6.02,16.0,8309.21
20.5711,96.5276,356.1,2018.31,27.67,50.76,16.4,76553.09
22.6514,69.4551,41.9,1986.85,30.77,6.41,26.2,8770.94
15.7366,70.8041,75.9,2115.33,33.23,11.33,15.9,19267.85
23.9525,88.8932,45.3,1988.58,27.79,6.05,18.4,8870.29
8.8235,76.1729,48.6,2233.5,32.9,7.69,9.2,13598.3
9.0084,73.3447,99.9,2149.05,33.01,15.08,5.0,23579.08
30.2102,69.1415,42.8,1794.55,23.97,5.75,27.2,7529.21
17.7251,68.6336,102.5,2032.24,27.05,15.99,18.2,26579.48
11.4306,90.4601,56.9,2146.86,31.45,8.76,6.0,14120.14
22.1006,71.8986,82.6,2026.05,25.69,10.78,25.3,18412.94
28.7898,81.5639,58.7,1877.28,28.34,7.67,19.8,10531.6
13.8272,85.571,148.9,2261.3,33.61,25.58,13.5,42555.65
24.818,80.4222,72.9,2073.79,29.0,12.87,29.1,21236.18
10.3044,68.7861,113.6,2164.89,35.14,22.18,8.9,37593.45
9.3954,90.7215,249.5,1867.95,34.71,31.68,16.9,43701.34
22.3466,68.3049,39.6,2040.71,31.47,5.13,25.0,9207.42
22.5971,90.0948,71.0,1894.02,27.21,8.82,31.8,12383.46
25.2106,93.9058,43.6,1826.09,27.47,7.08,20.9,9229.94
27.6045,80.5524,23.3,1815.24,27.67,3.96,36.4,5130.22
34.348,83.5307,46.9,1690.0,20.5,7.14,36.5,9389.17
21.9401,81.8325,134.0,1998.06,34.92,24.64,26.8,39094.06
16.7198,79.287,117.9,1918.29,31.13,20.62,24.8,29096.22
29.47,93.7353,56.7,1727.32,25.62,11.28,30.5,16296.67
15.3125,93.9241,26.3,2095.83,34.22,3.44,22.6,5413.45
19.8522,77.7387,45.8,2036.5,31.5,5.71,20.7,9289.7
10.1183,85.837,192.7,2213.19,34.12,27.36,12.1,46112.63
8.6845,94.8803,24.7,2124.72,34.95,3.0,7.6,4848.41
33.9915,95.8997,36.3,1653.89,20.3,7.07,26.9,9436.89
30.5715,82.7598,28.2,1753.18,23.73,4.07,31.6,5417.97
26.7913,81.1319,72.2,1880.95,27.58,11.86,36.3,16262.7
19.0417,76.0821,37.3,2120.09,30.92,5.42,24.8,8750.19
12.6789,95.8073,31.2,1951.98,35.34,4.35,17.6,6862.03
12.2238,72.1416,64.1,2106.31,32.86,8.47,15.1,12332.87
14.7566,84.8151,36.0,1971.77,29.18,5.25,11.7,7068.62
22.8291,76.194,88.7,1800.9,30.44,15.01,16.2,19950.24
27.2941,76.0912,42.0,1930.06,29.19,8.31,21.8,12720.85
25.8253,79.7441,23.1,1922.71,28.78,3.8,16.0,5460.6
15.5582,96.965,112.1,2099.91,31.27,18.22,19.0,27108.21
33.7814,69.594,93.6,1809.62,25.49,11.5,40.0,15960.35
27.9232,84.7777,90.6,1803.0,32.89,16.96,23.3,20804.62
22.9676,70.3946,73.2,1895.97,28.49,9.05,14.8,13278.22
24.5165,72.4811,20.9,2077.56,24.94,4.03,21.2,6367.73
19.3292,80.7473,45.4,1976.35,28.73,7.41,15.2,11066.53
14.6887,82.8033,29.8,2138.41,33.24,3.98,13.7,6537.45
17.6113,75.505,388.4,2027.51,27.47,60.64,12.9,94572.56
28.4618,77.1773,481.7,1683.83,26.13,96.14,25.3,121119.79
8.3886,70.522,347.7,2029.43,35.59,50.22,16.5,78106.68
11.134,76.7934,31.9,2097.27,36.66,4.52,7.8,7257.52
9.2421,96.0302,76.8,2262.13,37.06,9.94,15.0,14951.12
9.0997,95.3965,143.4,2243.27,36.23,24.06,11.6,39444.23
31.0974,77.7115,118.2,1857.37,20.28,15.03,27.8,20782.83
26.9988,84.5548,116.5,1779.06,28.29,21.12,33.4,26571.3
20.8027,94.3783,92.6,2098.82,30.65,17.92,22.7,29272.76
10.6415,68.1793,45.4,2075.26,34.32,8.82,5.0,13228.67
21.2736,91.5098,41.4,1978.1,25.57,5.33,12.6,7935.75
20.7837,95.5027,28.5,1969.06,27.69,4.69,25.8,6782.62
12.6765,70.6484,38.0,2101.91,30.56,4.85,11.6,7893.13
19.714,72.682,32.9,2096.24,25.7,5.45,17.8,9135.5
18.7596,95.8616,20.2,1949.92,30.15,3.74,11.7,6044.37
24.628,83.5887,44.2,1792.73,25.92,7.21,17.8,9749.22
25.1475,68.4117,62.3,1892.94,32.53,11.82,31.1,15419.93
9.2232,75.4713,328.5,2146.0,34.11,60.49,15.8,93226.84
18.1145,81.0484,83.6,2288.13,33.04,11.88,19.3,21313.31
24.8982,88.0944,30.3,1949.95,24.26,5.16,20.8,7474.36
21.5847,89.2617,34.3,1922.73,27.83,4.14,30.2,5536.2
31.1252,96.8672,49.9,1699.26,24.79,7.57,33.6,9592.6
25.7847,76.3378,292.9,1729.45,25.18,40.73,31.7,52488.62
12.3992,83.6084,68.2,2038.8,32.18,13.3,5.0,18999.96
9.9054,83.4664,38.4,2174.9,33.71,5.85,8.9,9653.73
25.3453,79.7637,73.6,2001.97,26.73,12.69,32.8,19165.01
8.7158,72.9057,23.2,2276.85,38.39,4.14,5.5,7163.22
23.8159,96.3462,167.6,1933.64,28.64,30.47,28.3,43675.62
33.3862,92.7462,20.7,1717.19,24.54,3.7,36.5,5055.3
23.5378,82.4517,32.9,1941.82,29.09,4.71,16.6,6701.7
18.4806,85.4941,92.7,1969.86,31.51,16.21,24.0,22510.4
25.3688,74.5906,214.9,2024.83,27.02,35.23,17.6,52445.15
20.3728,83.7698,424.4,1962.15,28.79,71.21,24.9,97299.27
22.7317,88.1541,62.9,1927.92,28.7,7.56,32.6,11842.1
33.4195,82.9398,47.5,1565.18,25.87,6.68,42.6,7959.69
18.4248,96.7183,37.6,1996.72,32.56,7.32,24.4,10424.73
33.9521,85.7289,159.7,1799.78,22.84,22.87,34.6,31705.6
32.4445,78.7582,146.3,1674.58,25.54,22.68,35.9,25666.61
13.2864,90.3924,80.8,2044.79,32.23,10.9,17.8,17844.99
9.8728,72.9434,33.5,2229.71,34.23,4.39,5.0,7729.96
10.721,79.151,78.4,2032.89,32.83,10.72,5.0,16270.34
8.492,78.0618,41.9,2275.77,34.42,6.88,10.4,11870.93
10.55,80.5224,98.6,2111.53,36.54,19.08,5.0,27607.32
26.4412,90.6716,196.3,1836.97,26.89,28.68,34.6,37406.18
9.9221,82.041,60.4,2075.49,34.41,8.81,9.7,12553.15
16.6123,91.0264,41.8,2075.22,28.23,6.9,11.8,10776.82
30.8116,84.7182,27.1,1986.18,24.12,4.03,28.7,6555.79
8.6283,77.92,24.1,2251.21,34.23,4.65,15.6,7550.53
29.9906,91.4894,324.8,1735.03,23.45,48.79,38.5,65861.42
15.6101,74.9104,44.1,2153.87,31.62,7.02,7.9,11766.09
11.1905,74.5071,77.9,2117.24,32.71,12.67,16.7,18321.38
26.8119,82.6306,77.6,1971.34,26.69,14.17,28.4,23526.82
24.9815,75.5646,133.4,1958.87,27.6,22.02,26.7,35040.58
31.6917,68.2635,201.7,1538.1,22.43,28.07,37.3,34311.67
27.8469,86.8006,111.7,1762.43,25.27,14.51,22.3,20499.14
29.694,82.8217,484.3,1885.06,25.39,94.44,30.3,145102.29
15.6149,80.92,45.2,2075.06,33.94,8.33,12.0,13047.53
12.7909,96.0421,56.2,2031.86,33.36,6.85,5.0,10979.92
28.2666,84.5648,82.0,1784.51,24.56,15.23,20.4,20264.13
29.7845,93.0395,24.3,1655.38,25.99,4.06,22.5,5225.44
34.7436,72.0441,144.9,1711.54,26.38,23.41,37.0,32905.29
19.1407,84.507,148.6,2176.32,31.82,17.98,11.3,25086.36
18.0445,93.1714,73.5,2083.59,31.58,13.41,19.4,21594.27
28.9631,84.9101,40.1,1997.9,27.02,5.45,30.7,8683.48
17.2017,88.8224,134.2,2104.96,33.74,23.91,25.3,33808.95
33.1304,78.7893,27.0,1829.85,25.84,3.28,35.7,4695.58
31.1771,70.681,68.8,1940.74,25.7,12.63,40.9,17775.13
19.5828,81.2791,20.3,2021.69,31.93,2.48,10.2,3768.75
28.2735,79.4399,91.2,1820.1,23.71,12.66,32.4,17759.55
28.3727,93.1447,47.0,1915.9,22.83,6.65,18.9,9278.52
10.7843,75.0759,47.1,2266.19,34.06,6.24,15.4,11065.59
32.3689,96.0353,23.8,1722.96,24.17,3.78,30.1,4956.03
21.6418,95.786,26.1,1896.72,27.77,3.73,23.9,5493.83
30.3144,75.1813,90.8,1809.45,26.61,18.11,26.5,26754.55
16.6413,78.0935,128.1,2110.98,27.39,21.31,9.8,32482.22
32.1791,93.9711,38.4,1828.62,23.05,6.34,36.6,8994.85
18.5084,96.032,35.4,1896.91,29.3,4.88,26.6,6752.43
8.2926,80.8597,37.8,2347.66,31.6,5.77,5.0,10046.9
32.4453,77.3089,59.6,1708.69,26.99,7.75,40.9,11064.98
10.4647,83.2567,34.3,2134.43,31.17,6.21,5.0,10144.7
16.6215,87.9453,49.8,1972.6,29.94,7.29,21.3,11009.29
33.6517,75.9308,22.7,1954.14,25.27,4.08,42.8,6199.11
33.6664,89.3577,35.6,1757.37,24.74,5.33,26.6,7312.9
23.4828,69.4981,28.9,1853.23,25.82,5.75,22.2,7498.97
25.0596,69.4295,36.2,1962.04,28.69,4.84,21.8,8056.55
20.108,79.2023,107.4,2043.59,30.13,12.9,17.9,18540.98
15.9167,78.2507,107.7,2042.48,36.1,18.06,21.0,29422.18
16.8739,77.1534,45.6,2107.52,31.81,8.94,20.1,14594.76
26.158,82.2396,89.0,1807.13,26.55,15.28,35.5,20991.01
28.3141,77.3013,35.5,1794.91,24.15,4.5,22.0,6107.64
29.3726,73.5755,153.8,1654.48,23.89,25.11,30.2,36691.7
29.3197,76.9746,43.7,1710.33,23.75,8.42,28.3,11594.41
10.4626,96.2722,75.9,2300.28,36.63,9.15,18.8,15273.25
21.3493,79.9223,131.7,2091.03,29.03,17.56,11.6,26619.41
9.5541,80.8967,28.0,2177.29,35.43,5.18,19.3,7914.6
22.8373,84.7198,153.8,2065.96,31.35,29.45,22.4,46312.17
19.9213,96.5169,24.6,1972.61,24.92,4.35,22.4,6335.63
31.968,75.0064,148.6,1749.1,26.77,29.61,29.2,41125.39
17.4747,87.7572,29.6,2033.98,30.85,3.76,24.5,5518.41
11.1608,88.7636,23.3,2133.11,34.45,3.81,12.4,6382.28
11.8608,85.6124,61.9,2113.29,31.61,10.82,15.1,18039.18
28.5608,70.5688,29.3,1921.38,24.24,5.16,31.5,7666.14
24.6919,87.6293,21.1,1911.56,28.47,3.88,22.0,5822.54
10.7303,69.8587,35.3,2207.85,38.54,6.84,5.0,11294.93
10.2709,85.2881,71.4,2241.63,35.98,10.63,16.4,16166.29
26.9262,89.4479,35.6,1890.38,29.01,4.39,22.7,6833.26
9.9646,74.1181,24.2,2087.02,33.73,3.61,16.9,5481.62
30.1902,92.407,93.0,1692.35,23.81,16.15,32.4,22020.09
27.0685,68.8803,37.9,1868.67,24.86,5.2,24.1,7789.05
10.1964,92.4706,21.9,2146.76,33.04,4.04,12.1,5700.03
10.2906,81.3495,32.0,2165.76,29.86,4.4,13.2,6987.36
34.6393,74.3101,29.1,1719.21,21.56,3.51,38.8,4910.4
18.1053,71.8796,27.2,2224.79,29.33,4.37,24.6,7330.64
18.0073,95.6459,361.6,1913.45,30.15,64.4,11.2,95392.86
29.9456,70.1073,37.7,1645.78,25.39,5.57,38.8,6981.02
33.5757,73.7737,38.9,1766.23,24.22,7.0,31.8,10213.56
34.622,78.0868,24.8,1690.69,22.99,3.84,41.8,5022.74
28.3412,85.9868,28.6,1859.14,24.68,3.82,22.8,5841.81
18.159,83.7992,71.0,2063.85,26.5,9.03,8.7,13352.86
10.2545,71.6437,36.2,2262.15,32.83,6.4,11.7,10821.09
28.983,76.4021,33.8,1701.73,23.61,5.1,25.5,6535.59
23.0769,74.9238,29.9,1884.08,29.15,5.77,32.8,8253.74
19.454,74.1927,128.6,2028.13,31.66,20.99,11.5,31113.11
32.4716,79.9232,22.8,1821.15,25.86,3.37,23.4,4587.68
11.0023,88.4169,49.2,2321.43,35.16,7.28,5.0,11980.84
21.3009,74.3061,61.7,2037.04,28.75,8.05,15.6,12099.51
8.3065,78.6337,43.2,2189.94,33.82,7.23,9.9,11851.62
20.6538,79.3366,86.8,1901.0,27.81,14.46,20.8,19050.85
9.5202,96.3172,136.5,2127.49,31.3,25.12,6.5,35634.61
11.2081,95.6853,22.2,2094.84,35.54,3.02,5.0,4652.25
11.1732,91.204,87.5,2195.3,33.22,12.53,5.8,17591.27
25.5287,75.0081,267.4,1905.04,24.62,34.17,19.2,49406.19
28.1432,69.9731,149.3,1731.53,24.28,21.45,33.1,28085.3
23.751,77.1902,494.9,1881.61,26.18,76.34,29.3,112611.28
33.9787,75.737,25.7,1802.59,23.4,5.06,39.5,6804.52
18.1215,82.6718,38.9,2045.95,32.58,6.7,27.5,10866.87
15.7142,90.5541,337.4,2106.64,30.83,61.63,23.4,100723.78
31.4522,92.8914,24.6,1808.49,19.94,3.6,31.4,4788.62
14.0371,92.5011,208.7,2221.45,31.9,27.46,12.3,45375.99
34.007,78.4306,49.7,1750.76,22.98,6.98,42.3,10084.38
8.3282,87.9298,308.5,2163.21,34.4,43.34,10.6,67469.29
34.1867,77.0722,23.8,1655.38,21.96,3.96,30.1,5097.93
9.1653,69.7663,26.4,2198.99,34.91,3.9,10.5,6848.58
32.0609,88.3454,243.9,1571.65,24.3,46.0,41.9,53394.4
22.2479,68.285,35.3,1928.79,28.54,7.03,29.2,10781.18
34.81,79.8663,30.1,1700.95,23.76,4.43,30.4,5563.87
9.9925,77.552,33.7,2054.98,33.24,5.94,19.1,7663.73
22.9541,88.1079,66.6,1856.57,27.3,11.5,32.6,17007.97
34.1712,90.2211,264.4,1793.69,25.98,35.84,28.8,50218.15
22.1236,76.8187,22.1,1964.23,29.76,4.28,30.0,6438.21
24.9938,91.5372,46.7,1902.26,29.01,6.35,32.7,8562.72
26.7852,76.5236,26.0,1886.37,29.0,4.65,17.6,6214.83
20.2726,80.9435,125.7,1986.5,30.53,18.58,23.7,29468.74
24.9441,89.0835,30.5,1994.44,29.23,4.55,21.0,6960.77
23.7765,88.0947,34.2,1925.9,24.74,5.36,27.3,7928.82
32.3313,96.6337,28.7,1645.38,24.46,5.44,40.6,6898.54
9.2271,74.5297,119.6,2308.32,34.08,15.7,9.2,29293.27
15.586,87.2072,445.6,2093.08,34.94,55.42,13.9,89562.18
33.6611,85.6808,78.6,1690.96,25.31,11.96,42.1,14992.28
32.0371,94.5379,27.3,1667.06,22.92,3.39,41.5,4015.21
20.3027,72.5345,118.1,2010.22,30.21,20.68,11.5,31825.12
24.7436,89.8021,69.5,1889.24,27.8,12.57,33.2,17026.37
15.4893,84.4798,39.2,2191.12,32.54,7.38,7.1,11221.35
13.0793,75.9653,22.8,2080.9,30.68,4.1,9.8,6863.8
20.5199,81.7586,38.6,1907.65,30.09,7.46,25.8,11169.97
17.5405,77.6795,101.3,2099.93,30.25,18.23,23.1,29301.15
23.7587,84.8001,61.4,1990.37,28.47,11.96,28.3,16943.29
10.0988,93.781,114.9,2175.71,32.61,15.56,5.0,27466.57
34.3087,84.5098,33.4,1780.55,21.99,5.34,27.0,7717.94
34.6277,86.32,26.5,1717.69,25.37,5.29,43.4,6787.25
26.8504,83.0437,273.7,1879.4,24.41,47.77,18.5,66666.06
22.4746,69.4838,34.8,2032.66,26.53,6.62,14.0,10207.67
16.3572,74.7529,182.0,2099.6,31.14,22.29,23.1,34056.29
29.9725,82.2681,145.8,1790.95,23.57,27.66,32.8,42792.6
26.4877,76.9968,40.0,1975.41,24.91,7.03,23.5,10532.38
12.3907,73.2711,23.1,1931.78,33.23,3.08,5.7,4163.2
32.595,82.6199,438.0,1921.46,20.92,53.46,40.3,85870.45
30.2085,77.3615,29.7,1663.77,22.99,4.18,40.0,5156.85
33.6446,75.4851,358.9,1688.23,27.57,69.36,24.6,91414.04
27.5944,81.4556,28.3,1844.03,27.1,4.91,28.7,7215.87
24.5622,71.8652,123.3,1890.16,26.05,23.87,19.8,34440.78
19.2926,94.9046,122.3,2077.25,30.75,19.04,25.9,28101.36
33.1837,93.1634,343.2,1662.07,24.8,66.9,30.1,85789.85
31.3837,88.521,27.2,1799.95,26.47,4.28,35.7,5551.88
9.2209,71.0802,75.4,2131.77,34.2,10.28,10.0,16406.05
8.7119,90.5004,31.5,2210.8,36.63,4.16,9.5,7086.39
18.1645,91.4308,24.4,2011.86,26.35,4.86,25.3,8059.97
29.8849,90.2652,30.1,1813.51,23.04,4.42,29.3,5947.96
34.6565,71.305,40.5,1676.19,23.33,5.38,41.6,6847.22
12.0613,86.6733,44.9,2086.09,33.83,5.42,9.3,8216.48
24.0415,92.1954,30.0,1934.23,25.96,4.28,17.5,6393.32
18.2841,84.7432,231.8,2090.38,30.89,44.3,17.4,64988.42
34.1877,86.7458,133.3,1680.76,21.97,21.68,34.2,27428.58
30.7372,81.2925,46.7,1721.23,24.21,7.97,30.3,9812.98
30.6349,83.3325,293.5,1841.65,26.86,56.88,36.8,73873.58
20.6547,68.9969,20.8,1969.61,31.12,3.35,21.9,4835.92
19.2001,86.5299,40.8,2064.84,27.97,7.64,27.0,12867.55
15.382,70.362,128.4,1994.66,29.56,18.73,15.7,29081.29
9.5221,80.6154,20.5,2030.25,33.49,4.07,5.0,6161.76
31.3475,76.487,109.5,1737.1,24.44,13.83,23.9,19599.97
29.9483,83.8174,37.7,1743.62,23.81,6.7,37.3,9125.0
34.9924,71.8691,31.4,1707.83,24.93,5.42,26.1,7197.47
34.9092,88.0577,42.5,1664.69,23.59,5.75,27.3,7162.58
22.9967,91.0553,299.9,1989.34,29.06,45.31,14.3,65207.03
28.7627,72.7373,117.7,1803.22,23.12,17.07,27.2,22500.15
33.5087,71.0251,101.7,1752.88,25.86,12.97,34.2,17107.83
30.9405,72.2199,74.8,1799.68,19.04,12.48,21.3,17175.68
14.6784,93.4367,38.2,2095.39,33.66,7.62,15.0,12218.36
20.1647,83.3175,123.7,1979.11,31.39,20.38,18.0,30404.55
11.4873,81.5506,49.2,2178.08,32.57,8.05,17.0,12806.4
33.7594,71.0946,31.4,1672.68,25.95,3.87,40.4,4705.56
24.3667,86.8371,56.4,2017.35,27.51,7.4,28.1,11626.87
14.1734,93.172,49.6,2069.96,32.35,7.99,13.6,12190.22
26.1359,92.0174,38.7,1768.63,27.52,7.7,20.5,10519.16
24.6895,86.1556,144.6,1914.64,33.86,27.5,31.6,35077.36
17.6704,70.1831,60.4,1957.84,33.34,8.89,14.5,13217.28
11.0661,71.2595,84.2,2198.04,35.02,13.76,8.2,23288.48
26.1325,69.43,24.0,2050.38,25.01,3.94,34.5,6333.9
22.0483,75.4669,45.1,1884.2,28.97,7.88,31.6,10963.24
28.8526,71.9342,138.0,1851.24,23.99,24.16,36.8,35755.27
22.0444,75.5414,100.1,1806.76,30.32,18.34,32.0,22977.55
31.0089,79.1667,68.7,1822.15,24.93,8.38,38.4,11598.13
22.9015,95.3465,194.5,1860.92,26.05,38.02,27.0,53757.11
23.1453,85.7009,355.9,1877.4,28.35,44.7,19.0,67087.3
31.6696,92.2142,35.2,1685.84,22.65,5.56,40.7,6454.04
18.894,88.6002,119.5,2062.48,30.4,23.13,26.4,33700.97
11.6184,71.2626,80.5,2215.45,31.65,12.8,6.4,23047.18
8.7771,89.3417,90.2,2187.88,34.71,11.29,8.6,16257.81
28.3887,75.9779,20.6,1763.85,27.33,2.86,19.8,3952.27
24.7484,86.5341,111.0,2025.69,27.36,18.46,33.8,27122.49
27.0102,77.8879,298.1,1797.78,25.66,37.87,28.5,53403.37
13.75,96.9325,142.0,1923.54,32.82,21.85,8.7,33482.6
11.682,75.643,114.2,2170.39,34.74,16.71,7.5,27241.62
8.3927,76.0948,32.0,2104.55,32.61,5.92,18.0,9806.8
17.4659,94.9895,27.9,2108.7,31.26,3.59,19.8,5576.22
23.9278,68.7147,47.2,1882.81,30.47,8.24,22.3,11568.06
18.5906,88.204,20.5,2057.67,31.38,3.12,18.6,5071.64
19.8118,89.0345,82.7,2099.51,29.8,13.81,11.8,21171.34
32.4123,92.255,48.3,1663.87,25.29,6.59,23.9,8573.38
17.4029,96.2587,115.4,1985.47,31.67,19.48,19.3,30927.73
21.8777,96.2925,36.0,1944.15,30.26,6.26,22.1,9689.56
29.1586,69.893,26.1,1942.15,21.43,3.28,26.3,4602.64
18.7067,91.8333,45.0,1954.61,27.08,8.37,20.0,12389.59
24.7963,86.743,221.5,1850.11,29.45,41.84,16.2,58597.26
31.2838,86.7729,27.4,1819.14,21.51,3.43,40.2,4744.81
33.6371,71.7221,25.8,1692.35,24.27,4.33,29.5,5684.04
11.971,86.8554,65.8,2140.72,32.51,11.03,5.0,17748.78
33.0179,96.492,483.7,1625.56,21.75,58.52,26.4,71733.97
21.2871,94.4427,110.2,2137.98,29.72,16.24,13.2,25675.2
14.9726,80.7348,39.1,1966.68,32.26,7.73,8.5,10624.53
20.3967,69.1585,48.6,1951.12,33.64,8.0,18.7,11415.98
34.4609,78.5065,230.7,1721.11,21.84,44.91,39.2,55585.61
21.3007,91.9653,50.6,2113.6,31.89,8.81,16.7,14011.91
16.8763,88.3435,109.9,1934.24,31.71,13.44,15.6,19466.97
25.1018,81.321,35.2,2050.86,25.98,4.45,33.7,6591.85
14.4839,69.5979,34.3,2143.86,33.68,6.1,10.4,10593.83
10.0483,80.3799,21.9,2196.5,35.21,3.59,15.9,5724.02
11.4798,81.6017,95.4,2058.59,33.51,12.42,5.0,19160.48
11.4572,94.9281,28.6,2183.46,33.98,4.84,5.0,7544.77
12.1014,86.5915,246.1,2068.3,31.96,45.48,11.2,69667.27
11.7483,77.0379,26.7,2233.86,31.66,4.81,6.4,8157.75
25.3036,83.2342,83.3,1810.85,28.73,11.63,33.4,15528.09
12.9108,69.9156,30.6,2102.55,32.34,4.3,5.0,6683.51
17.333,96.2045,80.9,1987.58,30.64,15.97,19.3,25029.31
32.2133,78.4417,49.4,1685.16,24.66,9.43,34.3,12014.61
20.797,81.8582,143.3,2028.96,29.77,20.84,12.1,29410.46
26.0241,78.3032,107.5,1918.4,24.03,19.98,30.7,27335.87
12.6526,87.7928,49.4,2212.97,35.48,6.57,12.0,11624.97
13.1918,87.2047,149.1,1964.16,32.91,20.24,17.7,31005.33
9.1035,88.7443,85.6,2265.27,34.1,11.51,15.6,19842.61
12.5612,75.7762,305.8,2318.33,33.81,38.84,9.0,65577.91
15.5219,77.1544,485.7,2028.47,32.09,91.49,15.2,131154.87
12.7793,71.6323,363.0,2265.58,34.38,60.37,8.0,99776.58
10.395,87.0098,26.4,2135.84,35.0,3.71,5.0,5810.22
11.2572,69.1541,40.7,2031.58,34.97,7.64,5.0,10760.28
20.441,85.3328,222.0,1951.61,32.1,40.9,29.7,54487.07
13.571,93.2212,30.2,2183.58,34.26,3.87,12.4,5777.52
17.8353,93.8341,26.8,1955.91,30.25,4.6,8.1,6888.85
21.5923,81.0221,74.5,1907.31,26.64,13.24,11.8,17847.03
26.6407,81.3198,20.1,1911.95,29.95,3.57,22.4,5232.1
9.0614,70.2321,138.1,2181.14,34.05,24.56,5.0,38989.67
29.5841,87.4522,79.6,1858.26,24.34,10.63,27.1,15783.87
24.9533,91.8165,58.6,1913.87,23.9,8.51,16.2,12633.91
10.2075,75.095,22.6,2198.64,34.68,4.24,5.0,6800.69
31.5866,80.2177,36.7,1740.86,24.68,7.04,35.0,9536.01
32.8636,92.3263,49.8,1770.99,20.78,7.09,41.0,9662.52
9.6491,93.4365,24.4,2096.13,35.16,2.97,7.8,4490.58
15.4757,75.0522,23.0,2168.51,30.64,4.34,22.2,7374.78
29.7674,83.9665,33.1,1757.44,30.59,4.98,20.4,6348.4
28.203,73.5823,106.3,1926.65,24.77,15.56,33.8,22915.03
12.9821,70.9545,79.4,2091.63,31.89,11.74,5.0,16893.47
13.6524,94.4225,80.3,2114.42,30.71,12.3,20.4,19686.21
18.0027,91.7947,92.4,1980.35,33.05,13.89,25.7,19668.54
21.0821,90.041,29.4,1883.24,28.37,4.86,26.8,6756.95
24.6929,69.4142,141.5,1759.95,26.04,17.88,31.1,22966.26
17.9607,92.4681,54.2,1936.28,31.93,10.72,19.2,15586.21
20.4884,80.7033,27.0,1949.3,26.62,5.27,15.8,7061.17
28.1817,77.9295,130.9,1853.68,27.17,25.48,31.0,37442.68
8.9904,83.8478,45.0,2263.0,38.12,8.57,7.8,14253.96
14.8158,70.6492,23.3,2041.66,33.07,4.03,5.0,5886.95
27.2604,89.9427,490.8,1782.76,27.61,67.58,26.8,85674.75
32.1706,84.8906,392.7,1649.51,25.86,48.68,35.2,63189.41
21.8153,73.4111,77.3,1989.73,32.2,9.88,12.1,13999.0
22.3671,73.4587,95.6,2052.05,30.95,13.95,24.8,23050.84
10.8936,73.3432,254.0,2249.22,34.58,40.72,13.9,69728.63
20.0801,69.6531,202.5,2039.35,31.37,40.39,13.2,66032.05
22.3807,85.0462,28.7,1992.23,26.76,4.45,21.0,6884.88
14.5467,92.3701,108.0,2217.97,33.61,17.49,23.8,29932.98
15.2696,68.5074,44.8,2095.71,29.72,7.86,23.0,12600.33
18.1867,69.4211,30.9,2068.33,29.68,4.16,16.4,6402.69
8.5419,84.6103,30.4,2164.58,28.59,5.92,5.5,9854.24
16.6961,91.7654,96.8,1934.51,31.89,15.71,9.2,21592.28
13.7091,77.4754,114.5,2042.53,31.14,16.26,5.0,27153.68
16.8424,78.1388,413.1,2040.1,33.24,80.47,12.8,121706.49
11.2336,85.294,29.8,2146.66,34.33,5.07,20.0,7967.05
32.0442,75.9522,108.6,1921.31,26.43,17.24,41.2,25468.85
24.027,68.7716,31.7,1918.02,25.62,5.27,30.3,7297.75
26.3358,89.3216,41.5,1964.26,28.83,7.46,23.4,11890.95
29.3076,86.1438,207.6,1781.66,29.62,27.48,22.2,34800.54
21.4579,84.8419,27.7,1932.82,30.47,5.24,23.4,7201.9
10.3468,89.5088,92.6,2051.44,35.52,18.22,13.3,27450.88
22.5019,87.5817,46.7,1879.58,28.81,7.72,21.0,10385.31
23.8447,73.9706,37.2,1956.95,26.82,6.49,27.7,10480.47
28.1269,78.222,146.5,1838.32,27.47,27.66,33.1,38242.78
19.6548,71.6572,23.1,2065.65,26.74,3.46,25.3,4565.42
11.4447,71.7659,33.8,2152.5,32.61,6.74,11.5,11079.6
15.6619,87.6097,32.6,2033.89,28.01,5.68,21.5,8988.74
17.8032,92.8994,110.0,2195.41,29.18,16.93,8.3,27111.15
25.4398,95.9192,434.2,1878.57,28.44,75.63,29.0,100783.84
23.411,86.2221,134.1,2015.64,29.08,21.7,18.1,32857.6
17.6146,73.3389,384.6,1994.84,30.78,49.58,13.0,72535.32
34.6359,71.0639,114.2,1777.32,23.35,20.97,26.5,27152.33
24.3559,91.5727,482.2,1979.83,23.87,79.63,18.2,114797.9
14.4051,84.7839,88.4,2101.39,31.37,16.23,24.2,25355.44
10.7481,85.9303,133.3,1962.18,32.4,17.65,9.1,27258.09
12.1272,90.6624,47.6,2127.17,31.82,7.77,20.7,12500.11
14.6409,88.395,99.2,2178.9,33.21,17.98,7.9,26454.58
12.3384,92.1993,41.9,2164.11,31.33,8.34,6.4,13892.81
13.0373,69.6302,31.3,2145.0,31.52,5.97,14.2,10068.41
15.6976,89.6781,205.6,1923.66,27.36,38.89,12.7,61271.17
12.6811,92.6747,37.6,2058.1,32.31,5.26,15.6,7740.5
32.2127,76.2979,218.8,1797.08,21.93,40.92,30.7,57628.05
10.1663,86.573,95.8,2193.84,34.18,12.79,16.4,21275.08
22.1618,77.1107,46.2,2042.26,26.72,6.27,20.8,9617.67
19.0807,95.7812,58.6,1988.96,30.22,7.55,20.5,11733.59
34.5242,68.9693,53.0,1755.03,22.77,10.0,30.9,13646.4
11.0251,84.814,38.2,2146.86,36.98,4.91,15.1,7404.87
18.7421,72.8286,83.1,1927.69,31.16,10.89,21.8,15220.16
34.1757,88.6544,91.8,1548.37,19.54,12.82,32.1,16705.55
31.3687,73.1008,32.2,1813.84,21.95,5.33,26.9,7155.02
30.0609,74.8261,22.6,1816.82,25.18,4.3,32.3,5694.29
14.9634,82.3368,20.1,2025.21,30.01,3.09,23.8,4736.38
12.614,94.5302,47.0,1987.41,26.99,7.69,5.3,11547.82
26.0534,74.1397,26.5,1925.42,29.58,3.54,32.0,4789.37
33.0932,72.183,92.6,1727.05,25.15,13.08,34.0,17108.0
23.0326,90.0103,49.2,1973.96,29.28,6.43,23.5,9319.12
23.4335,82.518,439.4,2071.32,26.84,67.13,32.7,101318.22
15.5594,94.4418,23.2,1892.62,32.45,3.89,17.7,6234.88
28.7763,72.2518,35.3,1770.06,24.24,5.03,35.4,6724.27
13.0502,86.7319,123.0,2092.35,33.14,23.09,13.3,34820.37
16.7393,74.7535,394.4,2159.08,29.23,78.3,11.7,140596.76
19.4868,72.5461,126.1,1862.33,32.86,16.34,23.4,23729.95
21.7055,87.8195,33.7,2108.17,25.69,4.1,30.2,6790.03
14.5451,85.2169,211.6,2093.06,34.52,38.76,21.4,57139.68
11.1006,89.89,33.9,2136.51,33.68,4.59,5.1,7681.75
24.4867,76.9744,39.4,1887.39,26.6,5.85,20.8,8808.38
15.793,80.9912,38.3,2024.82,31.83,5.8,16.1,8966.59
23.6934,79.7587,57.1,2001.37,29.4,11.03,25.1,15397.18
12.1678,96.5386,21.9,2039.5,35.86,3.79,6.0,5655.72
20.9908,76.4752,146.5,1993.8,29.78,18.06,15.6,29447.22
22.3799,76.5497,65.2,1910.43,26.75,7.9,27.6,11635.03
9.3992,78.2819,253.1,2113.84,34.48,34.41,14.0,52815.83
17.0883,84.3732,43.0,2243.29,34.54,6.26,23.9,10203.06
11.6292,75.3174,32.3,2168.2,36.06,5.13,20.3,8012.23
9.7111,94.5434,25.4,2218.26,36.05,4.76,5.9,7470.34
34.7289,75.7049,34.0,1809.9,24.56,4.94,41.9,6821.27
16.7036,93.9787,106.9,1929.63,32.48,16.05,20.0,24874.21
29.8666,71.0008,95.3,1946.58,27.48,13.94,39.0,21735.0
14.8753,87.0403,141.9,1875.53,30.99,17.13,10.3,23214.58
26.4006,94.3026,78.5,1807.29,24.01,15.41,21.8,22880.0
28.5262,72.8937,381.5,1793.81,25.9,50.02,32.6,71500.72
24.0822,96.0815,23.4,1957.06,26.13,3.34,32.7,5101.66
20.7326,81.1336,287.3,1988.31,27.16,37.45,27.2,57676.66
19.1197,95.4257,42.2,1986.5,28.56,6.72,23.7,9653.54
17.4194,87.6278,72.5,2029.49,35.73,14.1,15.2,20787.47
33.0973,76.746,109.0,1670.01,23.98,13.96,37.5,18770.57
30.4267,73.4608,65.3,1676.54,25.63,10.15,36.4,12215.95
34.0557,76.8083,23.1,1789.12,20.83,2.81,39.1,3721.89
11.356,70.6975,102.3,2195.09,29.8,18.59,14.9,31359.5
27.7334,72.1722,386.3,1971.56,24.48,66.16,18.7,95267.06
33.3352,71.0352,61.3,1680.77,26.48,10.79,36.5,14501.14
12.8933,80.2654,141.8,2167.35,33.47,22.37,12.5,35112.82
9.7954,91.0718,26.8,2144.99,35.39,5.16,19.0,8143.53
28.0103,72.1001,23.6,1935.05,27.47,3.61,30.2,5448.06
23.5108,71.7793,220.9,2002.56,26.84,35.6,25.7,53518.13
30.7294,86.6594,67.0,1807.77,27.55,11.76,40.6,15735.92
11.7739,73.7183,59.1,2104.91,32.04,9.55,5.0,14420.93
29.4722,70.8307,43.9,1890.37,28.15,5.94,25.0,8524.12
13.4439,72.8386,34.9,2153.76,33.43,5.07,16.6,7760.8
12.4187,94.7882,31.7,2065.71,29.43,4.03,8.7,6237.0
12.4352,91.8227,48.5,2013.94,31.51,7.5,9.4,11794.41
29.9935,78.2679,31.1,1781.03,21.53,5.25,37.8,6809.89
25.9603,87.0188,25.0,1997.95,29.24,3.24,27.5,4819.55
22.1228,83.581,77.4,2037.51,28.6,13.19,14.2,20691.16
17.6884,87.6366,73.9,1936.62,26.18,14.15,13.9,18847.05
31.6844,87.7975,35.0,1680.26,25.09,5.14,23.2,7171.57
18.596,86.2333,79.2,2111.25,29.16,10.9,19.7,18511.27
30.0482,75.7169,330.6,1712.28,22.11,63.29,23.5,77381.62
19.8566,69.1312,40.1,2027.32,33.02,7.03,27.0,9421.63
18.1775,81.2114,422.1,1967.52,30.63,54.21,19.7,81061.74
20.4924,93.8382,398.6,2104.5,28.79,60.84,11.7,90391.19
16.1372,84.5154,26.2,1991.9,30.54,4.55,12.2,7158.37
28.1855,92.1393,23.5,1928.13,22.89,3.9,30.5,5989.3
21.5735,96.7571,36.3,1970.47,26.28,6.15,18.3,9368.45
14.2697,72.7449,69.9,2107.32,34.75,11.56,14.5,17725.67
32.2885,88.0616,22.5,1605.18,23.12,4.15,40.5,5514.93
18.3651,87.5545,35.8,1837.2,30.38,5.22,15.4,7526.75
22.6759,96.4187,82.7,1918.19,24.31,14.61,19.4,22358.56
32.4747,96.5824,42.7,1779.21,21.35,8.51,38.9,12457.74
24.8544,87.9137,260.0,1806.6,28.64,39.31,21.2,51244.01
11.1562,75.0648,49.4,2056.09,34.34,9.05,5.0,14594.89
33.3755,91.1581,415.5,1788.16,27.09,58.04,27.0,77697.57
24.9481,71.1038,21.7,1939.96,30.06,3.1,33.9,4546.99
17.0425,90.6403,35.3,2026.22,30.47,6.87,25.7,10263.12
11.7603,94.3957,36.9,2194.73,34.25,4.5,6.3,6610.84
29.4387,79.1022,393.4,1720.17,24.72,54.04,30.5,75818.97
24.742,86.2884,34.9,1870.17,31.58,5.54,17.5,6995.4
22.4034,80.4741,98.3,2072.57,30.82,14.96,25.9,22244.56
32.1351,80.6952,278.8,1771.03,24.48,47.49,25.8,63038.22
29.2921,77.0008,77.1,1826.85,25.82,10.45,20.3,13030.31
12.0952,90.1018,48.4,2310.76,36.05,6.08,18.6,9704.96
16.4165,95.1491,261.2,1936.56,32.37,39.06,12.9,57354.63
14.7092,95.2818,172.2,2142.95,35.1,27.89,6.9,42927.18
28.0865,73.0687,25.0,1971.56,21.57,4.13,34.8,6225.91
8.9054,93.3676,135.7,2157.71,35.52,22.82,14.2,34555.14
23.387,89.3855,355.3,1991.8,27.04,58.23,27.1,88942.16
28.5864,75.3323,422.6,1750.88,29.25,59.02,36.8,76021.29
31.6727,69.9513,44.3,1718.95,27.44,8.02,31.5,9768.15
17.2362,75.7719,132.3,2064.55,30.91,16.81,9.8,25580.63
30.1739,94.454,36.5,1864.75,28.09,4.96,21.4,6506.79
10.9871,86.3622,25.3,2235.91,37.22,4.53,7.4,7765.86
30.8542,88.9106,24.4,1914.19,24.86,3.48,22.6,4970.59
11.4422,75.4574,37.2,2132.64,38.39,5.94,12.2,10508.12
18.7268,88.8623,86.7,2102.41,30.11,12.67,9.0,20714.95
29.527,68.8155,105.8,1785.13,24.88,16.99,28.4,23434.39
12.0478,78.8843,35.0,2199.31,34.91,5.16,5.6,8578.43
14.1898,86.1758,38.1,2105.18,31.51,7.6,11.6,10798.63
27.5008,72.2368,21.0,1884.64,26.4,3.12,31.0,4730.12
27.441,91.8671,161.5,1883.94,29.07,27.48,24.5,37753.81
25.311,74.8159,402.6,1760.03,27.25,76.92,22.1,104116.43
26.7366,86.9162,25.8,1772.81,23.18,4.41,36.6,5744.79
22.6536,79.7507,378.3,1944.44,29.14,62.52,27.0,89168.11
14.7986,85.2853,36.4,1942.64,30.55,6.03,15.1,8845.98
17.3338,71.1161,148.2,2098.49,32.53,23.67,18.9,37541.26
12.9031,68.4905,442.4,2181.47,34.19,81.67,15.3,132714.96
32.5282,94.3774,32.4,1784.67,26.91,4.02,23.0,5394.41
23.7516,75.8193,111.6,1826.78,29.73,21.3,15.4,26667.02
18.823,91.7706,23.5,2115.6,32.31,3.93,21.8,6966.67
20.4742,96.9812,31.6,2138.44,28.05,5.94,17.8,9820.03
33.5767,74.1315,123.4,1751.39,25.1,14.91,24.7,20250.74
12.1405,75.69,367.9,2166.31,37.07,69.74,8.1,108904.42
23.8282,87.2229,34.5,1931.23,26.5,4.48,16.4,6272.51
21.659,95.998,211.8,1996.57,32.45,37.63,30.0,55853.49
24.5093,94.5586,431.1,1893.27,26.47,66.1,18.6,96687.21
8.489,82.5834,28.2,2188.43,33.08,4.92,5.0,8565.42
31.5473,91.0582,44.6,1848.61,25.0,7.6,34.1,12005.53
33.1672,71.9366,111.2,1934.64,25.11,14.79,33.6,23924.92
23.2586,96.3457,87.3,1813.34,29.96,14.07,24.8,17702.15
26.8096,95.9662,21.2,1853.12,24.61,3.02,25.5,4254.93
32.9075,72.7481,231.3,1657.23,24.66,38.13,32.3,50085.05
27.0954,76.6833,138.9,1983.64,25.04,24.87,32.7,37073.63
12.1186,70.9045,44.5,2078.85,30.17,5.63,6.5,8770.8
23.5598,75.8798,107.5,1804.47,26.14,17.33,21.5,21541.61
24.3813,91.6627,34.0,1956.19,26.13,5.76,33.5,8897.78
19.4515,78.9712,39.4,2133.42,30.89,5.66,13.3,8179.28
27.884,70.5635,313.2,1895.18,28.36,61.46,23.8,81563.43
33.2279,77.9245,375.5,1762.28,20.7,60.69,27.1,79061.93
32.9903,96.4601,29.2,1782.9,24.46,3.93,23.4,5293.64
20.1727,86.2608,133.8,2094.08,27.17,17.22,15.6,25266.69
11.0574,80.0687,120.2,2075.03,34.88,19.63,5.0,28372.64
34.5907,72.8296,29.9,1712.42,21.79,4.49,27.7,6290.14
30.6502,96.5991,44.9,1756.08,22.7,6.08,27.9,8288.42
11.3659,91.8046,98.7,2045.98,35.08,12.09,5.0,18555.85
32.8627,76.1628,67.5,1726.2,22.64,11.15,37.9,14002.08
31.4872,70.032,22.3,1865.85,23.8,3.75,37.4,5372.07
22.0086,69.6421,41.0,1993.17,24.26,5.38,20.2,8287.76
23.9644,71.491,46.0,1964.18,29.71,7.73,33.7,10833.27
18.7731,84.8423,44.2,2017.8,31.79,8.67,22.4,13098.66
9.4786,94.9341,115.6,2215.25,34.35,22.91,14.4,33996.67
17.0503,82.4056,24.2,1973.05,27.87,4.63,10.9,7065.18
29.677,92.4454,22.8,1785.05,27.66,4.21,36.4,5568.38
8.1251,80.9307,270.8,2213.11,33.61,37.03,17.0,59299.64
17.0045,88.5489,45.6,2060.12,30.04,6.05,11.7,9774.22
18.7506,89.2243,48.9,2032.11,34.79,7.6,22.5,11692.5
22.5097,73.0449,234.5,1927.76,27.06,39.76,27.4,57483.51
32.8361,78.4753,126.2,1722.76,25.31,23.73,28.9,29718.32
17.3513,86.4818,107.4,2284.3,31.92,14.88,16.9,27450.38
17.3677,70.0502,21.0,2103.92,31.56,3.32,9.3,4830.24
27.9125,78.4847,36.3,1874.63,26.6,6.23,21.4,9152.84
20.2099,83.5092,130.6,1961.57,30.26,20.33,11.4,27281.9
14.0643,96.8905,77.6,2054.74,32.81,12.13,15.3,19626.26
20.2159,81.7615,46.9,1969.65,29.4,6.48,22.7,10197.2
11.8031,91.6656,27.1,2154.97,36.31,5.39,20.1,7627.49
12.7624,80.53,176.8,1963.84,30.23,27.93,13.6,42720.45
21.4559,91.0953,24.8,1832.24,30.99,4.03,16.7,5642.32
19.311,85.267,45.1,1945.45,31.55,6.2,10.5,9232.92
32.7008,93.7113,32.5,1771.96,25.28,5.24,40.4,7196.16
17.7846,79.9173,129.7,2004.73,32.83,18.21,17.4,26222.44
23.6759,85.5248,103.1,2036.08,27.76,14.04,28.4,21501.24
25.0711,86.2705,98.1,1774.13,23.58,13.93,15.4,20388.11
8.3536,80.1041,44.2,2133.53,34.7,5.31,8.1,8017.72
25.9155,72.185,32.7,1999.13,24.96,5.42,22.4,8499.65
12.807,70.7132,44.1,2123.96,31.37,6.65,5.0,11088.23
33.9489,68.4835,60.1,1803.71,20.84,11.53,39.5,15415.29
12.0139,93.3325,113.6,2291.85,32.24,14.01,12.3,22579.39
19.1949,74.8578,395.9,1942.99,28.77,48.88,15.9,67659.36
10.3044,74.1337,47.0,2150.57,29.21,8.97,16.4,14808.81
34.9156,89.345,72.4,1693.72,24.29,9.43,33.9,11660.02
21.5593,77.2805,110.4,1799.57,33.34,13.27,11.6,17350.67
24.0754,82.6753,33.0,1885.81,28.98,4.43,33.0,6669.47
9.8111,72.7128,31.5,2237.89,33.78,5.85,5.0,9685.76
28.2489,95.8326,60.7,1878.77,25.78,11.18,34.9,15386.04
13.6675,92.6959,197.0,2147.51,31.61,29.0,20.0,46685.88
32.2475,93.0499,45.1,1733.5,24.27,7.82,25.5,10354.12
13.5388,79.7964,412.4,2047.81,32.43,66.23,13.0,104802.7
13.1486,90.1085,88.2,2208.87,31.0,16.97,5.0,30092.19
8.9868,72.1724,44.9,2142.45,37.92,5.59,6.1,8955.58
20.7458,68.25,22.4,1994.1,26.29,4.15,25.4,6976.56
23.2507,68.5792,38.7,1938.55,29.57,5.18,18.0,7740.21
9.7741,85.0115,46.0,2285.0,34.0,6.97,5.0,11351.07
28.9392,81.2065,45.2,1900.81,29.38,6.11,29.1,9914.27
20.2388,83.0224,31.2,1876.08,30.17,5.49,21.0,7801.03
22.1585,68.2164,410.8,1850.14,27.91,71.59,25.7,95704.04
19.9006,80.2579,92.7,2032.1,29.15,15.19,25.1,26017.2
18.8206,88.824,134.0,2000.08,30.21,23.57,22.7,34277.07
23.1103,80.8381,35.9,1891.6,25.91,6.15,30.0,8511.52
12.1915,89.2344,42.9,2205.8,31.58,7.82,6.6,12527.37
12.9121,74.7575,22.4,2126.58,29.22,3.11,14.3,5091.93
31.2682,91.5811,356.5,1785.37,22.68,55.01,28.5,80235.44
33.5451,85.0645,36.5,1802.57,23.69,4.82,42.8,5746.3
18.0794,74.1121,38.3,1988.56,31.06,5.91,16.9,9325.32
15.3101,74.8649,119.6,2193.9,27.75,21.06,24.5,33697.98
25.388,86.2129,141.8,1823.97,26.9,24.86,30.8,33819.79
19.0358,92.0682,128.6,2053.91,31.16,22.72,23.4,38040.95
8.6854,80.0532,26.6,2302.37,34.37,3.85,8.5,6722.57
12.2161,75.4907,44.8,2013.93,31.84,7.75,11.1,12065.27
27.3313,93.1433,62.2,1824.57,25.48,9.29,27.9,13142.99
25.7909,87.4088,112.2,1971.14,25.91,21.95,21.7,34476.32
8.7316,80.9945,46.5,2279.41,33.4,6.85,16.8,12413.23
13.9932,82.1491,23.0,2078.4,32.65,3.88,19.9,5248.63
14.239,73.9234,135.0,2028.92,36.81,24.3,20.3,37928.38
26.1411,86.1773,429.5,1949.93,25.35,82.69,24.8,134763.71
8.5322,78.4035,100.4,2285.1,34.12,15.56,5.0,27100.87
10.8109,96.8737,258.1,2056.23,33.63,38.42,14.5,56846.46
29.5977,81.9253,90.5,1714.93,23.91,13.98,27.1,17566.59
12.8207,82.0907,49.1,2131.25,35.03,7.16,20.2,12490.5
25.6241,84.4097,26.1,1933.11,22.33,4.49,31.2,6423.02
14.4309,94.5859,108.0,2060.32,31.04,21.01,7.3,34693.6
10.6849,91.2237,22.5,2206.01,35.43,2.93,12.7,4895.6
14.5656,81.0828,71.8,2025.01,31.46,11.84,18.4,19850.29
27.5012,88.8423,126.3,1679.8,24.58,24.23,28.9,31166.27
31.1038,85.0008,255.9,1750.22,25.48,32.76,31.4,41013.87
30.4159,82.2786,148.6,1801.57,26.73,23.7,25.0,32537.48
18.724,73.5772,35.0,1984.9,30.6,6.63,13.4,9141.96
26.0383,81.4542,35.5,1782.62,25.28,6.82,31.4,10567.38
13.5346,75.1287,21.1,1955.13,33.42,3.4,5.0,5035.7
15.915,94.5304,484.8,2016.4,30.63,59.14,21.5,92875.46
32.2011,77.7268,25.2,1836.19,25.6,3.24,32.7,4801.82
8.3511,95.6157,338.4,2294.18,37.81,56.49,17.1,90158.21
10.3087,83.4586,288.5,2253.46,28.75,37.48,20.3,62538.52
13.6129,86.3148,91.6,2033.69,32.7,12.08,16.9,18491.67
8.7164,83.7453,39.3,2094.81,31.21,7.14,7.0,12416.84
12.8988,71.752,39.9,2151.55,37.68,7.18,12.4,10760.57
23.7421,78.8988,24.6,1967.45,26.98,4.62,17.8,6657.24
19.3785,70.8752,35.0,2027.2,31.37,4.49,11.4,6629.8
32.1021,86.0657,43.7,1605.04,24.08,5.94,33.7,7178.24
30.071,80.9594,33.3,1733.37,23.46,6.21,36.2,7687.98
17.2291,90.5616,66.6,2031.5,29.0,11.83,12.5,15722.88
15.0044,74.3936,29.4,2112.9,35.02,5.42,13.4,7753.72
18.2517,72.7724,26.4,2076.85,32.3,5.25,19.3,8681.5
23.938,79.7836,62.6,1924.66,31.72,11.84,32.1,16866.9
15.2377,94.871,282.2,2096.18,31.85,45.61,8.0,73920.69
24.852,88.6022,104.1,1903.45,27.99,15.08,19.6,21137.83
19.0541,80.1488,22.2,2055.88,29.49,3.67,27.4,5606.59
22.9053,83.0009,110.4,1956.73,27.72,18.88,13.7,29950.28
19.7754,70.4422,149.3,1993.3,27.62,21.92,22.9,36001.65
15.9506,96.5527,487.4,2035.42,31.59,88.56,18.7,142141.46
33.6082,87.3258,44.9,1745.56,21.9,5.72,31.3,7908.62
28.6174,76.2767,243.2,1867.65,26.61,44.35,28.0,65729.45
11.7831,84.9884,20.7,2153.3,33.64,2.53,18.9,4089.56
31.4486,71.175,441.7,1808.39,25.02,70.61,24.7,96772.86
21.1606,96.0093,21.7,2070.53,32.43,4.09,15.8,6178.41
32.1529,73.0688,222.0,1786.46,24.06,28.17,32.4,41581.76
29.5961,86.7929,340.6,1759.35,26.8,54.97,27.8,69662.29
19.4808,75.1182,25.4,2064.03,33.94,3.37,21.0,5595.56
8.6067,88.8093,441.8,2079.78,37.34,84.65,17.0,125494.83
15.2543,90.5278,43.3,1982.91,34.04,8.08,23.6,10972.07
22.6241,87.5292,42.7,1963.63,27.81,8.31,17.2,12043.47
25.1039,85.8205,44.5,1933.44,27.76,8.45,21.1,11908.44
14.963,93.8816,226.9,1975.06,29.23,40.6,8.2,58507.28
11.7626,70.2802,41.9,2101.65,34.3,5.64,20.3,8415.42
30.5431,77.5965,85.5,1745.74,25.4,12.33,28.5,16131.71
34.5789,75.2003,116.7,1682.65,23.09,18.64,33.6,24198.78
22.1936,96.6524,192.7,2020.0,30.67,32.2,28.2,48526.24
12.6353,79.2923,120.6,2173.08,30.5,22.01,12.9,37850.58
15.3523,89.2458,49.2,2066.13,34.96,6.79,7.7,10141.17
8.4965,87.857,21.3,2147.39,36.58,2.78,7.3,4496.26
32.6861,74.1504,22.8,1647.68,23.75,3.62,35.3,4640.78
11.1793,74.9309,62.4,2256.39,33.27,8.27,15.6,14263.75
23.5659,76.1573,32.9,1967.18,28.96,5.78,26.5,8672.55
15.3995,79.9227,28.7,2010.28,34.71,4.77,7.8,6797.43
22.9628,74.7954,432.4,1988.24,28.47,77.53,19.0,111795.25
25.5884,68.5699,34.2,1877.79,27.37,4.28,30.3,6186.65
30.403,93.5024,98.5,1773.78,24.95,19.41,38.0,27917.87
13.5734,96.0027,41.5,2134.5,36.06,4.98,5.0,7632.29
8.2969,77.9055,30.9,2135.34,34.13,4.51,5.0,6914.7
11.6959,77.8167,30.6,2105.97,33.28,5.34,14.6,8300.68
32.3005,68.2057,42.7,1772.31,26.99,5.28,33.3,7017.39
31.595,87.7273,423.0,1735.33,24.68,53.58,24.7,68744.3
24.1302,91.9378,20.4,1963.18,30.02,2.58,25.1,3581.6
24.214,72.2516,24.3,2057.67,25.88,4.05,33.7,6215.98
25.956,72.6303,71.3,1816.45,26.51,13.67,28.6,19325.11
12.735,90.9124,85.2,1981.56,35.84,14.0,11.7,19520.99
32.6891,85.8724,79.1,1595.46,22.54,13.32,39.2,15689.79
19.3068,69.301,384.0,1984.44,29.61,56.71,13.6,80662.38
18.3447,86.0539,132.8,1960.74,30.86,16.14,16.6,22319.08
22.0108,76.9586,25.8,1964.43,26.72,3.14,22.6,4542.37
9.2681,78.693,106.3,2187.78,33.6,20.31,9.4,33125.82
12.4897,90.3222,86.8,1990.93,33.2,11.13,20.9,15201.14
27.9269,91.5171,35.2,1696.12,26.13,7.03,23.8,9080.58
10.2356,79.6103,38.6,2183.43,36.55,5.14,5.0,7929.04
24.2851,95.4674,46.8,1917.7,30.75,8.14,32.6,11059.69
14.6244,79.7874,25.8,2046.69,30.31,5.05,9.0,7903.14
18.511,90.3832,22.6,1878.23,30.49,3.37,16.1,4640.17
15.7947,82.0324,38.8,2097.41,32.84,6.94,16.4,10719.23
17.6032,94.0284,287.9,2128.9,33.71,42.64,27.1,70695.41
27.4142,94.3251,207.0,1872.78,27.7,29.89,28.1,41116.68
16.0223,70.5351,61.7,1987.8,31.97,8.4,15.0,13609.33
23.2929,95.1583,105.9,1928.29,29.45,19.66,25.0,28395.2
20.8534,91.9405,29.0,1859.35,30.56,4.08,30.3,5302.71
25.9191,90.948,499.1,1962.09,25.08,71.2,32.3,103893.87
33.2944,73.8264,90.6,1751.25,24.0,18.11,26.7,24426.84
27.7794,91.3485,26.4,1702.52,29.02,3.85,33.8,5248.76
13.8034,92.6538,38.9,2071.49,31.97,5.98,20.6,9567.95
8.8419,76.3854,27.3,2221.91,34.88,5.44,12.7,8980.4
15.0811,95.6155,34.8,2045.9,31.33,5.21,18.2,8532.9
24.0671,69.4459,34.5,1888.72,23.14,5.15,22.9,6899.94
9.3885,72.3474,33.6,2077.05,34.42,6.26,12.2,9797.56
21.4019,83.5899,43.9,2004.09,29.57,6.36,26.2,9770.01
24.1148,84.698,26.5,1858.06,26.72,3.68,16.6,5260.12
17.0246,86.7094,466.5,1865.04,28.63,71.78,12.2,93242.37
28.8146,68.4921,43.7,1795.64,23.87,7.7,22.7,10093.68
10.8782,95.8506,30.0,2226.69,35.23,3.7,17.7,5986.74
10.0287,69.2931,68.1,2132.53,38.03,10.2,13.6,16795.0
27.6611,72.1488,247.8,1985.14,28.92,36.61,26.7,60961.89
21.3783,68.4064,30.0,1993.51,26.29,4.18,27.9,6128.96
26.5869,84.4389,344.9,1892.54,28.35,59.45,30.9,79861.5
19.7403,95.0357,21.4,1978.4,28.39,3.06,28.0,4727.69
14.6529,87.3125,47.4,2074.79,30.84,7.99,6.2,13916.53
30.1158,91.8571,23.0,1780.84,24.12,3.68,30.3,5410.58
29.5842,68.3852,77.9,1787.3,26.7,10.71,33.7,14097.13
26.7568,83.7184,23.3,1904.85,28.48,3.29,20.9,5413.08
15.3479,81.3273,75.7,1992.87,31.5,10.11,11.9,15668.36
23.9362,82.4701,45.1,1827.08,27.67,5.62,22.3,7573.36
17.7463,70.0942,111.5,1934.71,31.54,18.91,23.6,29939.25
10.4727,87.8486,26.8,2319.14,35.02,4.66,10.3,7736.69
32.7675,82.5934,46.2,1796.61,26.21,6.15,32.6,8306.84
11.6941,90.1893,130.1,2157.87,30.77,22.01,10.3,37350.28
33.6564,82.0734,125.4,1653.58,23.49,24.89,28.2,31730.81
20.0422,72.3321,45.4,2033.11,27.44,5.72,28.5,8770.4
12.9986,86.7995,112.0,2100.7,32.65,17.83,9.4,28066.01
22.6313,72.9992,100.1,1953.77,27.96,17.89,24.0,28326.19
31.5695,93.2994,31.2,1697.62,24.3,3.86,24.5,4434.36
27.7701,85.7804,228.3,1856.96,24.5,41.61,26.5,61006.13
29.7772,72.5589,105.7,1774.1,22.23,20.97,37.9,28214.06
25.7872,95.9078,46.7,1818.58,22.81,5.93,35.7,7923.43
26.6915,83.0326,37.8,1922.28,26.33,7.03,23.9,10005.16
30.9283,70.1141,142.0,1664.27,23.82,21.33,24.0,23650.26
14.741,86.1782,30.7,2123.84,30.61,4.04,11.0,6211.24
21.2145,75.3428,40.9,2016.9,31.7,6.51,17.8,10500.12
13.9727,91.3071,39.5,2022.12,30.59,4.96,16.9,7897.26
34.667,91.7168,117.0,1654.37,25.83,18.93,34.6,24107.42
33.4896,96.3895,39.4,1723.35,26.78,4.78,38.9,5833.96
9.0645,82.5542,72.2,2203.4,30.62,12.87,13.1,22238.54
27.0505,81.1937,24.3,1844.86,26.61,3.87,22.1,5807.39
32.9817,89.8508,49.4,1785.01,22.96,7.74,38.7,11231.39
12.8755,71.8416,54.5,2253.28,26.98,7.4,19.8,12021.87
23.3345,83.8605,96.8,1883.36,25.21,14.41,25.3,20116.7
32.7182,83.8412,32.8,1617.86,25.43,4.41,41.3,5861.23
8.9165,70.5947,30.8,2249.58,38.63,5.51,14.6,8442.75
26.8303,80.1215,43.5,1995.72,28.33,5.91,28.7,9241.11
16.0284,92.7453,124.5,2086.91,32.03,21.09,24.2,29657.67
32.9587,92.8285,47.2,1663.72,23.73,6.71,35.0,8568.65
34.2186,70.8779,89.5,1718.15,26.57,15.45,34.6,21150.77
33.4952,70.6309,106.4,1651.6,27.82,17.37,30.6,21900.52
20.8038,75.6182,46.8,2020.96,28.06,7.2,28.5,11239.98
31.2752,93.3682,49.8,1672.94,20.53,8.66,23.7,10552.98
30.8028,71.7382,49.1,1765.54,20.54,7.52,30.3,10092.36
16.6157,88.8799,41.5,1964.57,33.77,7.71,17.4,11648.67
30.3807,70.9338,64.3,1807.29,24.83,11.47,31.5,16688.6
8.9992,86.071,52.3,2152.71,34.92,8.54,12.0,13795.27
24.0993,78.326,132.5,1924.35,24.17,25.2,24.2,39733.29
14.2102,90.8785,45.2,2090.0,30.7,8.43,9.3,12136.86
11.2553,74.777,411.2,2062.47,32.94,66.84,18.4,99505.99
10.0777,86.5369,28.4,2212.75,34.48,3.56,13.2,6389.12
26.7998,74.8348,39.2,1857.7,25.74,6.48,34.0,9748.33
17.1766,88.6961,81.6,1955.74,28.8,12.11,12.7,18517.2
27.5687,93.3367,95.1,2027.04,24.62,15.52,30.3,24183.88
9.7646,71.6773,31.5,2206.35,36.62,5.41,14.0,9216.87
16.5128,93.1313,141.4,2034.51,31.66,24.26,14.2,38009.46
22.5663,85.2137,232.0,2051.02,29.67,40.33,28.8,57414.77
29.3495,71.6862,107.8,1963.05,23.59,18.79,19.4,29466.48
16.6063,80.3987,30.8,2033.46,25.22,3.97,18.5,5984.57
24.8991,72.6649,116.3,1923.61,26.35,15.74,27.2,24215.15
31.9214,88.3101,106.5,1690.37,22.5,18.14,32.6,22159.52
24.6283,90.0072,142.4,1888.92,28.22,21.74,27.2,33880.27
14.2899,71.0681,60.2,2070.86,38.74,10.89,7.6,16067.61
8.6588,82.6781,227.2,2202.93,36.09,29.54,12.4,45307.27
31.4927,91.6241,43.0,1803.75,29.9,5.82,28.2,7675.09
8.5743,95.1487,31.1,2234.45,35.88,5.12,7.6,8367.28
31.6169,82.892,25.0,1793.91,23.11,4.0,28.3,5581.16
22.2813,95.5581,35.1,1846.08,29.27,4.96,21.8,7471.11
33.3548,83.535,39.6,1668.54,27.15,6.04,35.8,7763.44
29.5671,79.4315,54.5,1768.08,28.95,6.69,36.3,7930.32
34.9442,92.5979,28.7,1692.42,21.72,3.54,34.6,4438.84
17.4692,82.2965,130.9,2113.62,31.25,16.71,13.9,30239.49
28.7141,81.6852,102.0,1734.11,22.82,16.95,28.5,23266.3
18.8521,82.2191,21.1,1976.07,31.77,3.98,22.6,6181.4
20.9566,92.5568,248.7,2043.02,32.28,35.02,17.9,52856.09
24.9426,92.1263,39.2,1871.04,27.46,4.81,23.2,6567.73
31.5893,79.7021,69.9,1812.23,23.05,12.36,32.8,17119.08
34.5703,77.6657,132.7,1710.57,23.76,25.01,30.5,33332.56
28.7434,82.2659,40.3,1847.16,26.5,5.28,22.9,7258.74
19.2797,84.6104,34.1,1978.69,30.09,5.15,12.1,8349.47
19.3766,74.9118,47.5,2048.59,30.24,6.3,16.4,9467.68
27.9147,91.0247,89.2,1717.93,25.69,11.46,18.9,14113.02
14.447,82.108,73.5,2054.89,34.09,12.63,16.1,20194.64
10.9828,77.6873,39.8,2170.04,35.13,7.86,5.0,13120.02
17.5748,71.0978,107.3,2070.35,28.73,18.7,15.1,29573.57
15.7555,74.9265,30.1,2179.84,29.49,5.97,11.1,9534.38
16.0003,95.5292,30.3,2024.71,30.89,4.69,18.6,6493.76
14.3074,76.8479,289.4,2204.83,33.64,55.51,21.3,95736.45
9.1365,72.8969,28.7,2126.82,34.78,3.92,11.8,6467.66
8.4826,81.3595,398.6,2297.6,33.5,51.59,9.3,87126.69
34.6685,76.9055,115.1,1785.36,23.52,20.29,38.1,28218.01
19.5499,69.0196,304.3,1919.03,29.14,45.55,10.1,64422.31
18.3768,77.3712,31.9,2037.78,32.09,4.64,10.8,7574.14
26.3505,83.7792,31.0,1865.59,27.41,5.38,18.2,7172.32
13.8929,83.9997,28.5,2143.98,31.72,4.18,5.9,6432.58
33.649,78.3402,58.6,1720.46,23.92,9.71,28.9,12436.33
29.2313,80.9718,76.8,1793.26,28.08,11.06,29.9,15486.84
10.4141,96.0,29.6,2266.07,32.77,5.41,5.0,9140.11
19.2747,78.9431,104.8,1989.16,30.73,15.19,28.0,22650.76
31.7362,75.4886,43.2,1838.86,24.18,7.04,38.8,9478.86
33.5078,75.0605,31.9,1722.83,24.38,3.88,42.9,5456.18
20.6198,81.2752,48.3,2106.18,28.01,8.86,11.5,13667.77
24.5621,90.0261,44.8,1847.62,27.77,7.6,31.6,11232.64
12.5099,73.9737,49.5,2069.69,35.19,6.71,18.6,11802.82
34.7616,88.5696,46.3,1840.25,21.08,6.35,42.8,8639.73
14.2551,68.6133,365.9,2051.81,29.53,51.59,14.8,82320.04
33.4538,80.1491,109.8,1869.92,20.96,18.25,39.2,26406.01
25.5405,90.5001,23.9,1955.62,24.77,3.91,16.6,6399.0
24.4089,77.8233,122.2,1892.27,28.81,17.35,15.9,24231.53
21.8426,84.3484,110.0,1805.77,25.96,19.31,14.2,26802.86
14.2281,73.9444,35.2,2086.35,31.6,6.73,22.5,10515.45
12.7663,89.5179,119.3,2122.34,34.09,14.73,5.0,22834.93
13.9531,69.5161,94.4,2186.22,33.15,14.48,6.0,24194.23
13.0338,92.7237,102.4,2236.47,31.96,17.15,21.6,28465.11
29.0488,73.7477,89.8,1766.32,25.91,14.99,21.2,20576.39
17.4534,93.3575,121.7,2093.93,30.96,14.8,24.8,23319.01
9.5618,78.2233,46.3,2233.12,33.85,6.34,15.3,10151.07
34.1658,88.9578,444.3,1814.89,22.8,55.51,25.0,76047.86
31.8622,77.2575,43.6,1810.38,28.73,7.21,22.3,10011.97
33.0493,94.2714,154.8,1593.71,25.35,26.57,33.7,33822.64
34.8625,71.6725,47.4,1704.04,27.87,6.29,44.8,8516.86
12.6952,73.1771,28.2,2023.03,31.89,4.14,20.3,6785.38
18.6985,82.2979,138.8,1991.22,30.02,20.32,14.9,29777.74
28.4724,70.3762,25.9,1909.9,23.12,4.81,26.2,7218.45
26.7926,73.6834,94.0,1886.15,24.92,12.74,24.6,18442.51
12.1552,95.3692,42.5,2217.05,36.93,6.96,16.8,10674.71
30.0275,96.3182,114.0,1830.85,24.04,20.83,26.9,30410.51
14.0599,78.9115,32.5,1987.06,36.11,6.05,7.0,9111.91
14.0431,94.7753,40.4,1889.56,29.79,7.0,19.0,9432.28
22.4983,83.7999,36.5,1950.94,26.37,5.25,21.7,7776.92
24.0094,75.8225,77.6,1894.72,27.11,14.42,15.5,20108.17
23.6623,88.3696,114.6,1839.92,27.82,20.56,29.5,26503.43
10.4701,87.1082,70.4,2019.49,35.73,12.42,12.2,18594.21
31.6914,96.6846,392.9,1714.77,25.24,49.26,31.5,62014.34
15.1712,75.6864,50.3,2055.36,30.94,6.21,18.6,9694.56
11.4969,87.4897,342.1,2190.33,33.16,60.08,11.6,100597.43
31.9962,69.5087,32.0,1783.16,23.56,6.26,35.0,8849.4
33.8026,71.2957,29.1,1864.2,21.56,5.29,41.2,7794.25
31.2774,68.1136,35.5,1698.16,22.75,6.62,33.5,9459.93
29.8569,96.9844,39.4,1877.06,27.22,6.44,33.0,8881.4
25.6915,91.2659,146.5,1885.34,23.38,21.15,28.0,29910.73
22.8731,90.815,133.3,1987.86,31.54,23.22,23.5,36141.96
10.3486,82.7821,121.7,2122.8,33.26,21.54,5.0,33710.34
19.0282,76.7019,97.9,2087.23,28.49,17.04,15.7,28608.47
18.0626,72.3867,287.3,2042.49,31.95,56.23,21.9,88500.06
15.0134,76.2556,161.4,2019.4,34.81,24.11,13.5,39806.02
27.5323,78.9032,30.8,1847.46,28.45,3.79,25.7,5331.38
21.3886,89.933,45.5,1939.84,29.98,8.76,26.6,11840.84
10.1882,83.6502,31.5,2199.75,36.19,4.19,5.0,6875.71
13.9449,70.247,33.8,1998.61,28.89,5.95,17.5,9000.71
26.448,68.5228,77.2,1865.59,25.65,14.65,26.2,21816.35
10.0555,70.9676,77.4,2194.62,32.25,11.21,7.6,19107.63
30.9826,79.9045,21.9,1788.96,27.11,4.07,27.8,5428.4
21.369,95.0626,111.4,2067.11,28.22,16.32,14.8,24180.39
20.9758,86.4847,94.8,2028.36,30.85,17.4,17.7,26422.9
23.995,91.253,38.2,1911.49,28.87,4.79,21.8,6153.58
30.2664,81.5249,36.4,1816.54,23.26,6.28,29.0,8962.61
17.3908,78.4883,429.6,2054.62,29.6,74.82,20.8,114110.52
26.3064,71.1436,125.1,1902.75,29.35,19.93,25.4,30232.08
23.2748,93.4021,43.1,1779.0,26.58,7.55,29.2,9210.14
15.2098,90.7116,35.0,2046.1,32.01,6.78,18.0,10432.53
31.723,72.8754,30.6,1654.23,22.76,5.47,25.5,7539.34
29.5305,82.8556,48.0,1914.71,24.68,9.45,25.1,14413.13
25.7782,82.1339,55.4,1875.12,26.91,8.64,17.4,12823.22
30.9657,86.1277,24.6,1771.15,23.1,3.99,39.9,5497.36
31.4169,95.4394,32.6,1850.24,22.54,4.6,39.1,6004.43
27.1258,84.8134,38.4,1889.52,26.97,7.64,18.8,10983.89
30.5994,83.6663,50.8,1702.92,23.14,6.32,32.1,8591.52
26.8317,69.4594,41.6,1855.36,24.9,6.18,36.0,8230.81
26.3638,69.8243,36.8,1842.64,24.86,5.29,31.3,7447.18
24.7025,73.4331,98.5,1759.79,27.33,14.86,24.5,17267.8
28.3233,68.9417,32.7,1778.96,27.74,6.33,23.1,8409.29
12.2823,89.5572,35.6,2108.23,36.09,5.32,7.9,8069.56
31.7835,88.9766,24.9,1762.7,22.85,4.81,36.5,7036.78
31.5398,71.9456,60.9,1657.71,28.71,9.37,37.2,11380.95
8.7897,92.2463,251.4,2277.92,32.64,47.35,9.4,80336.2
30.2971,72.4888,41.3,1790.48,27.13,6.68,22.7,9003.36
11.4795,76.7341,37.6,2140.37,31.99,5.46,20.2,8375.15
17.0482,75.2203,34.4,2069.18,29.19,5.37,23.9,8645.92
28.0747,78.7969,107.2,1775.61,24.48,16.5,20.9,20173.93
12.3405,75.3852,105.9,2158.38,32.94,14.91,5.0,25119.65
30.0851,82.1796,80.7,1773.1,26.22,11.55,30.8,15852.19
30.4676,79.8148,59.7,1723.86,26.23,8.06,26.2,11337.35
21.7016,96.6105,463.9,1999.25,26.95,68.13,17.4,89752.96
8.1724,69.6219,360.0,2316.23,32.94,61.18,5.0,93088.92
15.75,72.1233,119.8,2118.49,29.68,18.08,24.8,28102.7
24.657,69.532,33.9,1974.01,27.28,6.0,31.3,9199.69
34.492,86.1494,42.7,1681.49,22.66,8.49,26.8,10674.44
25.059,69.5808,108.4,1765.13,25.42,16.29,32.6,22523.05
15.0147,92.2568,55.4,2192.95,32.38,8.7,18.7,14984.17
25.1182,82.8462,139.0,2056.23,31.82,18.51,21.6,29526.49
22.5796,83.2832,29.2,2060.99,27.43,4.42,30.0,6915.2
29.0558,84.2862,63.8,1794.13,24.66,11.36,31.0,15901.23
10.8885,72.9536,22.6,2055.64,34.82,3.11,17.9,4546.29
28.5478,73.733,122.0,1744.89,24.64,16.42,27.9,22277.23
22.6142,77.2457,41.1,1802.25,29.76,6.17,22.6,8072.25
34.0008,85.2114,41.0,1723.4,21.86,7.61,29.8,9826.91
17.2305,74.0934,47.5,2162.3,34.51,8.07,15.0,13339.29
25.0808,71.3736,272.1,1881.21,28.0,53.5,26.4,75456.92
33.1648,96.1334,36.8,1771.22,22.44,7.09,42.1,9275.09
10.7678,68.6375,38.6,2260.23,32.58,5.1,12.8,8860.96
33.3052,91.2782,49.4,1712.18,22.59,6.09,26.3,8190.7
26.5729,90.853,81.2,2028.53,29.39,12.34,16.7,18414.52
9.8316,76.6192,48.7,2326.4,31.64,7.88,16.9,13524.69
16.126,71.9332,202.1,2043.24,30.01,32.58,13.4,51519.11
27.1206,72.2232,126.4,1809.63,25.27,16.52,23.4,24150.06
9.8185,88.2255,39.0,2223.05,34.15,5.07,15.8,8400.28
23.7186,86.6414,131.7,1889.26,27.38,16.3,32.6,21775.16
17.3388,90.6996,20.9,1939.38,27.82,3.92,22.3,5711.86
24.7647,95.187,57.8,2000.73,26.66,11.32,18.2,16854.98
9.235,88.0659,22.1,2275.09,34.25,2.86,7.1,4600.07
31.5315,72.5197,357.5,1788.87,23.15,49.0,36.7,69491.55
34.2842,75.0598,110.3,1625.86,24.55,14.03,42.4,17889.34
34.1597,92.4236,140.6,1630.76,25.07,26.74,44.1,34184.55
28.2406,74.0699,34.0,1844.25,25.73,6.69,28.5,9113.63
11.5123,70.1031,22.0,2096.79,33.88,3.11,18.0,4848.65
28.4731,88.3951,71.0,1804.2,21.46,10.24,19.4,14212.25
8.6638,79.6733,50.8,2269.81,33.86,7.57,5.0,12981.8
8.5973,94.6812,43.3,2247.9,36.74,6.94,6.0,11582.12
16.7375,86.8574,44.5,2152.98,30.22,7.76,26.2,12387.56
21.1934,70.6222,49.9,1883.27,27.59,8.01,11.3,11222.53
28.801,95.4878,91.2,1798.13,30.19,17.89,25.0,25631.1
26.449,75.4982,20.6,1928.64,30.34,2.63,35.1,3609.43
20.0394,77.7792,27.0,2019.14,30.52,4.97,16.2,7500.34
15.3879,79.6656,37.6,2189.61,33.95,5.52,9.9,9423.37
34.9224,69.4855,48.9,1749.04,18.43,7.34,39.5,9723.78
19.5069,82.3989,23.1,2140.72,28.25,4.08,24.4,6373.4
20.1874,71.5762,192.6,2023.83,28.58,37.42,19.6,60261.73
12.4178,79.6281,41.1,2205.45,32.54,7.28,21.4,10978.51
29.4599,78.1706,383.5,1787.84,24.36,69.83,23.5,99052.95
26.7294,90.4124,27.5,1864.01,21.47,4.95,35.0,6943.24
13.9608,91.2919,44.4,2165.58,33.09,6.47,19.1,10626.53
10.2243,72.449,23.9,2289.0,35.09,4.31,7.6,6879.13
26.3735,78.63,142.6,1927.62,29.94,26.06,32.5,39935.37
25.6718,78.8272,70.1,1875.25,25.47,11.4,18.3,15286.4
15.378,72.3909,22.4,2177.38,29.94,3.66,8.0,6174.24
33.6733,91.1552,30.2,1562.52,18.09,5.46,42.3,6270.52
12.0786,88.5096,215.7,2012.81,32.58,39.99,5.0,64975.71
19.673,73.5211,334.4,2044.42,31.55,49.15,9.8,73788.18
33.4776,78.6349,40.6,1742.53,22.31,7.48,31.3,11203.21
19.3326,71.0683,99.1,2044.45,34.19,18.35,11.4,26390.27
25.2402,86.218,39.8,1894.83,26.73,5.52,32.5,7750.07
18.735,71.5198,30.9,2052.44,30.46,5.49,27.2,8886.11
15.4038,96.5921,20.8,2001.58,28.94,2.81,15.1,4005.75
34.5674,90.6398,49.2,1767.43,23.62,6.27,33.1,8350.13
19.052,79.3169,131.9,2080.62,26.07,21.9,19.8,36180.33
32.1407,84.7784,22.2,1863.11,25.52,4.28,26.7,5793.83
14.2088,94.4289,94.9,2249.33,33.65,11.66,10.2,20018.58
13.7538,84.0689,372.3,2115.96,35.13,69.28,5.8,107995.91
8.8406,73.0605,25.7,2206.78,32.58,4.13,7.8,6351.16
25.595,78.9824,37.3,1761.44,27.4,7.05,27.8,9989.81
17.9502,92.4512,103.4,1978.38,31.65,19.38,26.6,26569.01
31.3377,86.6822,26.2,1764.48,25.38,4.99,36.1,7019.46
20.7767,86.871,24.2,2054.05,27.52,4.4,25.2,6929.26
34.1412,93.1378,42.8,1680.58,18.45,8.02,30.3,10421.46
13.0092,93.9252,29.7,2173.54,33.44,3.98,20.8,6015.91
31.4528,94.674,235.4,1777.72,24.14,33.97,40.4,46755.08
28.9681,70.7506,123.8,1808.4,24.43,17.26,37.6,22731.73
28.8149,83.7797,42.1,1845.24,27.16,7.55,19.6,11107.24
30.8091,89.4748,77.6,1758.14,24.65,10.27,32.9,14887.49
28.5476,89.9509,455.4,1795.82,23.12,61.29,31.4,92795.89
24.9079,85.5948,40.6,1759.27,23.53,7.74,20.8,10700.44
11.5436,72.8368,30.4,2116.38,31.15,5.36,21.4,8206.28
8.8782,91.1252,299.6,2145.79,39.39,56.94,5.0,87452.95
32.8629,88.8832,404.3,1711.19,25.26,53.03,27.2,68219.36
24.6496,70.4979,26.3,1933.66,27.88,4.0,24.3,6031.6
29.5065,81.4505,34.1,1865.57,24.96,4.86,26.0,7150.9
21.0011,73.0453,39.6,1984.56,28.65,4.78,29.5,7543.1
11.1673,77.7868,36.2,2222.62,35.91,5.17,10.0,8549.61
11.38,68.5244,110.8,2185.2,32.5,16.67,9.6,25489.3
26.5103,79.6096,36.4,1843.21,27.82,4.63,29.0,6398.62
19.6183,83.9464,26.0,1953.84,29.07,4.29,11.2,6757.48
13.4142,85.9679,32.3,2127.57,36.44,4.87,18.5,7002.09
21.2731,87.2412,336.2,2006.99,30.51,41.59,26.6,64961.52
9.7336,92.2524,43.4,2280.62,36.71,7.65,9.2,12697.87
23.7132,74.2484,39.6,2012.46,26.76,7.07,32.8,10244.98
15.2628,71.494,299.3,2025.95,33.85,55.9,16.8,86481.0
29.5341,92.6946,147.4,1804.23,24.68,23.42,33.4,35159.33
16.3798,72.5418,23.2,2102.85,31.45,4.59,24.9,7269.32
20.2909,96.268,26.2,2064.2,32.74,5.06,23.6,7713.39
8.3138,92.4336,30.2,2269.47,32.77,4.96,7.0,7923.3
9.9561,82.5254,72.9,2159.68,34.53,11.34,5.0,18012.22
18.5973,96.4612,38.8,1908.93,31.11,4.66,23.2,6231.65
20.9583,70.8239,21.2,1886.83,30.21,3.75,30.3,5171.87
24.2006,76.7889,25.3,1930.2,26.81,4.18,23.6,6216.89
15.8749,86.5085,28.8,2085.63,35.63,5.62,12.7,7646.45
26.7645,78.1502,118.3,1774.34,23.97,19.83,27.1,29436.91
31.2233,94.9228,46.3,1785.55,27.47,9.23,35.8,11776.15
29.056,69.9032,44.0,1871.49,27.95,8.28,19.1,11478.42
9.0697,83.9329,213.7,2088.65,38.32,41.95,16.8,64884.89
20.9737,85.1351,106.5,2054.87,25.99,15.58,28.7,25886.28
10.8331,86.9291,20.9,2118.8,31.99,2.76,11.7,4247.7
14.5352,75.4143,81.1,2182.98,35.04,14.89,7.0,20799.76
34.6399,78.5724,44.2,1677.81,19.26,8.08,38.1,11282.95
11.8474,92.4667,95.7,2048.62,30.06,13.1,5.0,18833.14
21.47,73.6533,65.0,1920.89,27.96,11.78,21.6,17746.2
24.6902,91.9792,93.9,1891.96,27.87,15.63,16.6,22713.57
26.9666,84.317,69.8,1827.52,29.65,8.99,28.7,10475.37
23.1105,90.1034,31.8,1910.73,27.83,5.09,19.5,6819.28
8.2638,88.6946,98.8,2221.97,33.66,19.21,14.9,30775.52
16.8145,74.0178,30.5,2027.65,31.66,4.89,22.8,6437.3
21.9782,84.4956,48.1,1943.1,29.65,8.81,31.9,11861.89
10.3724,93.164,346.9,2020.56,34.81,42.43,5.5,63700.08
17.4669,80.5314,134.3,2060.93,30.38,23.94,8.7,36503.15
8.8965,96.0311,416.3,2176.73,30.69,81.48,7.8,136770.45
10.1216,81.1142,39.8,2290.63,32.21,6.37,5.0,11127.63
18.7169,72.1408,34.9,1931.93,33.02,5.13,12.3,6721.08
11.5833,79.2936,20.1,1990.84,33.76,3.45,13.5,4809.24
23.3236,95.5994,111.3,1973.62,27.46,21.52,25.2,33863.02
26.6156,77.2719,30.7,1892.64,28.86,4.12,17.5,6268.12
29.6158,93.1748,23.5,1730.24,23.01,3.58,28.5,4618.49
13.4041,93.5563,33.3,1980.35,32.12,4.42,14.0,6706.75
12.522,78.1554,123.6,2241.6,33.24,19.74,7.9,34240.2
10.8233,70.4145,48.9,2262.31,32.85,7.97,18.3,13476.55
25.1836,89.0122,87.4,1691.7,27.47,17.09,18.4,21601.88
27.0748,77.0339,36.3,1819.99,26.04,5.55,22.2,7482.49
8.8528,90.7048,45.5,2317.78,31.82,7.53,5.0,14388.24
33.2777,80.837,30.0,1706.92,23.99,5.73,25.6,7519.54
9.4032,82.0727,199.8,2135.49,31.71,29.11,17.0,47010.11
22.615,90.5594,28.5,1914.31,28.75,4.95,18.2,7299.6
27.1446,79.0885,47.0,1765.72,29.13,8.48,31.6,10872.42
31.5162,80.8507,65.9,1640.33,23.86,9.66,30.1,12393.87
27.2803,78.9095,29.9,1937.16,23.98,3.98,30.0,5892.51
29.6467,78.6529,96.5,1662.93,25.01,15.46,38.2,19205.04
17.1652,83.2525,45.4,2054.81,29.21,6.75,24.1,10581.47
30.0003,91.4552,48.1,1874.92,26.29,6.8,21.4,9196.24
10.1631,78.4913,32.8,2044.97,33.73,6.49,17.1,9194.23
32.16,83.2034,48.0,1691.18,27.55,7.68,31.2,10249.94
22.785,87.4511,66.1,2030.92,30.67,12.47,19.8,18623.63
30.067,75.8137,65.7,1845.42,24.76,8.91,33.5,12485.51
20.2126,76.0482,144.9,1930.79,30.94,28.28,29.2,36554.26
25.3766,95.069,328.4,1983.4,26.39,60.28,17.3,94834.92
22.2129,88.9825,25.6,2040.69,28.67,4.72,27.6,7474.42
27.7529,84.7384,34.6,1865.97,25.39,5.24,21.8,7744.08
10.204,86.7839,128.3,2088.32,35.54,20.38,7.8,32179.65
9.6295,68.8497,132.7,2137.59,37.13,22.22,17.1,31847.37
14.6718,85.925,45.9,2102.82,33.59,8.41,15.6,13435.32
12.3077,82.7758,107.0,2107.37,34.91,20.1,5.0,30089.49
31.5382,83.8267,46.0,1851.43,26.25,5.81,31.7,7942.48
13.9188,78.4233,101.0,1971.08,33.44,19.43,19.7,29071.64
34.3484,70.3627,110.7,1606.19,20.86,21.59,34.9,29724.47
17.0962,73.6068,125.9,2050.74,34.31,21.07,10.4,34173.99
12.9172,95.5716,32.8,2072.17,36.4,4.42,11.8,7007.27
29.3219,79.8523,57.4,1766.04,24.94,10.64,37.8,14265.55
25.7851,81.5338,85.0,1738.42,26.26,13.93,28.9,18414.81
21.4513,69.5286,38.7,1959.44,30.17,7.18,26.0,10119.09
22.9948,69.0894,25.8,1925.87,29.35,4.77,28.7,6826.5
27.4184,88.7983,201.9,1902.75,25.86,25.63,19.2,38656.81
14.1683,83.6047,28.8,2094.48,29.72,4.85,15.8,8440.83
34.901,82.7525,21.0,1705.17,23.51,3.33,32.4,4241.78
34.3194,75.0506,42.3,1820.41,24.26,8.28,27.1,10385.71
25.5588,89.5978,75.9,1778.94,28.55,10.91,19.6,14268.23
13.3876,72.8789,193.5,2145.93,33.27,26.41,19.0,43920.97
26.3662,73.5081,119.9,1735.72,26.19,23.0,19.6,33506.54
9.9494,81.3607,45.3,2097.84,36.11,5.97,6.2,9834.15
8.8276,76.3021,52.0,2088.09,34.76,9.09,5.0,14967.46
14.9574,75.1764,73.4,2137.32,30.94,10.56,5.9,16010.73
20.4908,86.7119,144.5,1969.93,29.02,23.91,19.7,34585.11
31.4434,86.8782,31.6,1776.94,20.96,5.34,36.8,6911.08
27.6336,91.911,143.9,1758.06,25.8,22.07,18.1,28327.42
28.0531,80.1135,28.2,1815.07,27.35,5.59,20.3,8007.31
19.4883,70.1195,26.5,1932.13,30.51,3.46,23.9,5440.88
17.3402,75.9363,71.4,2062.55,33.84,10.81,19.2,16970.2
18.018,96.4202,179.8,1940.39,29.97,27.77,22.3,40144.37
34.6665,85.2915,46.9,1826.39,23.97,7.99,29.3,10644.29
9.0829,88.5824,492.9,2046.46,36.1,75.21,15.2,111999.06
31.4099,68.2134,48.6,1714.1,29.15,6.21,31.0,8237.86
23.6242,83.028,135.2,2052.94,28.26,26.47,25.8,38516.85
19.8426,69.0883,45.4,1952.02,27.58,6.96,11.7,10702.41
27.582,84.5077,39.8,1742.33,27.88,5.87,21.7,7581.69
21.1401,94.7024,132.6,1981.0,32.82,20.65,26.6,31712.68
31.5824,96.0842,70.8,1737.48,23.74,9.73,26.1,13026.12
32.319,83.676,88.8,1695.39,25.74,11.37,24.2,14842.13
19.3865,81.2879,114.1,1907.37,32.33,15.05,21.3,20848.74
15.4744,95.4055,137.5,2286.93,33.67,18.33,16.4,30930.07
23.9935,87.5347,381.2,1891.99,28.05,51.77,26.2,77384.93
32.6338,69.8821,45.2,1602.55,22.52,6.94,35.0,8641.65
13.6879,81.506,34.2,2217.11,32.28,5.81,13.7,9215.96
24.8201,74.9671,41.5,1946.12,28.35,7.07,24.7,10643.46
25.0521,81.6243,49.4,1831.74,29.14,5.93,33.5,8276.68
27.7941,81.2085,65.3,1769.06,26.76,12.66,28.5,18499.09
11.5523,84.8822,47.8,2189.94,32.64,8.88,13.9,15442.67
27.3273,78.3463,35.7,1832.36,27.41,7.03,22.7,9779.71
32.5439,72.7638,39.3,1604.13,25.68,5.85,40.0,6942.02
12.8514,82.6079,137.8,2255.65,33.58,23.86,5.0,39132.69
14.4137,92.0759,32.3,2049.83,30.44,4.31,15.6,6542.07
34.2277,87.2564,32.6,1847.55,22.83,6.04,31.9,8939.01
12.8864,77.8127,102.7,2214.32,34.7,13.65,15.0,23693.07
31.0684,95.1302,51.9,1704.69,21.85,7.58,28.3,10747.4
21.2915,94.454,34.9,2043.41,24.83,5.56,25.6,8571.59
14.6752,74.0711,79.1,2027.73,35.01,13.26,5.1,19052.48
31.5102,69.1431,47.8,1627.48,25.44,7.88,29.6,9720.32
20.0232,89.498,180.7,1949.61,30.8,23.16,26.6,30460.87
21.9001,92.0007,33.8,1981.61,26.59,5.19,16.9,7379.23
17.6993,96.0681,481.6,1988.39,32.11,93.35,8.8,136651.94
24.0097,93.8053,465.4,1887.26,28.35,88.32,23.9,130677.81
12.4151,85.4155,120.1,2212.01,29.84,20.09,21.9,33830.02
18.5592,83.3715,37.7,2018.45,33.1,6.25,9.8,8910.43
34.1741,68.8074,78.1,1661.4,23.54,10.07,25.6,12473.31
14.9696,75.153,31.0,2130.71,31.07,4.22,16.9,6712.38
25.7319,81.3288,181.5,1896.64,26.26,25.45,20.7,36194.86
16.7801,86.2266,128.6,1840.23,27.02,20.46,15.0,29970.56
28.8838,84.1603,263.4,1858.36,26.79,47.01,35.5,61975.32
11.5336,89.5364,116.8,2167.74,33.93,18.32,5.5,27644.12
34.1852,76.1132,85.8,1730.28,22.83,11.16,38.6,14768.92
20.2523,84.3836,96.4,2050.79,32.04,14.96,20.3,21662.34
14.3734,70.5561,36.7,2031.49,29.36,4.87,22.5,6694.9
9.9844,79.9963,44.1,2191.2,32.91,7.93,19.4,11799.75
12.5835,89.7547,71.1,1992.14,31.24,9.48,12.3,14176.05
22.0339,88.1086,289.6,1979.96,28.13,45.93,23.7,71886.81
17.0991,96.7286,63.0,2192.46,31.04,11.06,22.0,18776.93
30.3799,76.0588,176.5,1717.57,25.79,24.4,26.8,34790.19
19.634,82.4475,361.6,1929.8,29.07,45.6,14.2,66752.17
14.7153,77.5564,68.9,2022.32,30.22,11.37,24.0,17272.45
24.6629,80.7775,21.8,1910.47,30.87,2.71,23.3,3878.35
27.083,92.8516,139.7,1771.46,31.24,23.33,17.1,30184.28
12.5101,87.8421,36.0,2152.52,33.26,6.5,19.3,11414.52
12.5257,93.5908,24.0,2186.28,31.45,3.52,14.5,5888.79
8.9901,73.9018,21.6,2224.93,37.51,3.44,5.0,5700.98
27.8829,93.3275,192.0,1700.64,23.16,37.3,18.5,45664.14
25.9227,69.7331,34.1,1957.0,26.27,5.38,21.8,8234.16
20.815,93.7694,116.8,2044.32,27.84,23.34,29.4,37029.72
30.7926,77.5431,114.1,1856.15,22.42,15.13,39.5,22751.85
29.7531,77.123,64.4,1838.27,24.65,11.39,26.0,16678.3
23.8046,82.8506,113.3,1933.13,26.16,19.52,30.5,28524.18
31.4433,95.28,90.5,1860.61,24.48,17.17,30.3,24672.75
13.5577,69.3857,33.9,2253.84,32.55,4.32,16.6,7270.58
11.0218,78.2147,44.0,2069.36,32.4,6.27,7.7,9775.52
15.2832,92.8406,266.4,2155.15,30.98,34.78,15.6,60625.85
9.5413,79.4856,24.4,2165.36,33.84,4.75,5.4,8052.98
22.3416,73.7756,137.3,1931.48,30.17,21.17,13.6,31557.05
33.2884,80.319,71.2,1621.89,23.32,13.73,26.1,18843.32
9.0623,79.181,28.8,2158.1,36.17,4.14,5.0,5702.96
11.297,94.5471,397.3,2060.87,34.69,51.69,20.8,75803.69
20.2094,90.0961,118.4,1943.12,30.65,17.01,29.5,24480.58
33.2146,82.6484,44.0,1658.28,26.43,7.38,39.8,8991.83
16.5362,96.6627,214.4,2010.44,28.92,40.22,11.2,58245.56
21.6953,81.493,85.2,1921.0,27.89,12.86,20.5,17350.03
9.1225,69.6889,23.8,2187.54,38.02,4.59,7.9,7281.92
12.0053,75.606,104.1,1998.73,32.68,14.53,9.7,22782.12
34.639,80.646,28.8,1604.86,17.38,5.05,25.5,6581.46
34.0582,72.5502,118.9,1759.91,22.87,21.26,34.7,28267.5
8.1334,95.4794,20.0,2133.8,35.21,2.84,5.0,4540.6
33.6989,90.2386,56.0,1823.38,18.2,6.84,39.7,10477.66
25.2562,75.7803,93.3,1907.41,29.9,13.92,29.1,18545.26
31.4338,85.1333,485.4,1826.73,23.03,60.0,28.5,84726.05
20.278,88.922,139.1,2091.85,30.13,26.71,23.2,42915.81
21.9211,95.2971,49.8,1924.64,28.28,9.78,16.6,14264.17
21.1989,93.5674,295.9,1916.46,26.48,52.91,16.5,80812.01
26.0053,82.9406,54.7,1945.64,24.76,9.74,22.3,13535.09
11.7706,90.4649,80.6,2172.89,31.43,11.22,17.7,17281.64
8.8093,84.3022,40.3,2170.45,36.81,5.07,5.0,8360.11
16.3141,84.0284,197.3,2161.66,30.96,36.34,17.6,54514.42
27.0264,71.3275,255.0,1840.55,25.39,42.01,21.0,61533.42
13.45,71.658,55.6,2104.52,30.68,9.71,9.2,15722.11
26.1827,83.3565,316.2,1874.41,29.21,57.67,20.9,84606.56
34.1876,75.797,26.3,1653.86,26.14,4.01,37.1,4984.68
10.5353,68.6101,181.9,2160.57,36.23,23.94,11.1,39451.62
26.1603,88.9623,32.3,1984.86,27.81,5.94,30.6,8446.14
19.9813,68.9421,30.5,2019.93,30.19,4.77,14.4,7085.78
31.4398,85.263,103.8,1780.57,22.02,19.31,21.6,26386.82
12.783,83.6366,124.9,2100.96,32.36,19.36,16.4,29090.46
26.7009,96.0956,23.4,1889.85,25.22,3.21,19.0,4668.82
30.6291,82.0422,43.7,1852.66,21.17,5.85,25.6,7969.09
33.5046,69.8444,20.8,1789.66,25.64,3.73,29.6,5201.96
26.4477,83.999,33.3,1841.39,25.31,5.53,31.4,8496.11
21.4237,92.3918,37.6,1984.36,31.35,5.73,23.9,8039.28
24.6819,96.9086,48.7,1938.12,29.26,7.76,18.4,11300.11
31.4604,80.48,37.2,1697.14,25.56,6.1,33.4,7361.72
23.4065,77.2887,205.6,1936.14,29.29,28.6,27.6,40173.79
8.8205,94.2929,101.8,2012.33,33.4,15.29,6.6,23847.01
33.1356,73.546,31.9,1786.16,27.4,4.57,28.1,6075.89
26.6172,85.8474,317.8,1917.72,26.71,48.01,30.2,73176.71
26.2659,79.7657,69.7,1931.02,27.38,11.16,28.5,16832.33
13.8232,69.1914,35.0,2063.58,31.08,4.69,5.4,7155.66
25.7899,78.0714,24.5,1904.51,25.13,3.71,29.1,5172.57
18.6343,75.6916,42.3,2122.5,31.17,6.38,18.4,10647.5
25.5833,87.8966,37.8,1996.6,27.52,5.4,30.7,8322.95
10.878,95.5149,22.4,2145.86,32.13,4.47,5.0,6594.79
25.7618,75.7734,139.0,1891.43,24.13,17.49,20.9,24286.82
34.9842,91.5325,111.6,1803.16,20.32,19.14,35.9,23565.65
9.3017,69.6054,81.6,2056.5,36.81,10.93,8.9,15546.87
34.3837,83.6055,21.4,1699.25,21.9,4.0,32.1,5247.25
18.9865,70.046,113.2,2109.09,29.38,21.87,23.9,32987.63
31.5103,95.087,87.3,1854.83,27.32,13.29,32.8,18185.98
29.1244,90.2242,467.7,1849.3,23.25,86.93,33.3,133346.11
23.3094,87.0805,21.0,1803.96,26.66,2.95,16.4,4245.32
27.9381,91.893,163.7,1837.12,24.49,21.48,32.5,29362.3
31.7199,86.7781,144.9,1725.85,27.56,21.05,31.0,29091.77
18.9118,96.0994,146.5,2030.07,34.08,21.58,9.6,33953.52
16.8299,88.7048,52.8,1976.31,32.53,8.01,11.5,12149.42
26.025,94.8151,41.5,1793.49,28.46,6.22,16.5,8461.47
29.8118,82.9968,227.5,1642.2,24.02,34.79,28.9,47071.65
28.5817,71.3949,41.0,1927.27,29.63,7.26,25.1,11007.44
29.541,83.3172,136.9,1780.28,25.84,19.11,39.3,24116.41
19.7607,71.6793,23.0,2000.88,31.41,2.8,27.1,4124.33
30.0815,85.1823,27.2,1802.35,24.85,4.32,36.6,5793.59
11.2456,81.9923,52.4,2056.18,33.0,8.17,11.3,13413.74
22.7012,86.0547,165.3,1834.65,31.71,20.64,28.8,27395.21
8.1555,68.2914,20.9,2116.78,36.01,2.73,5.0,4107.65
16.7638,73.6504,430.2,1984.4,33.96,69.18,18.0,108146.44
17.8945,82.2486,79.8,2051.23,31.06,11.08,15.8,17409.96
18.6967,95.5646,34.8,1943.8,28.49,6.62,12.1,10726.15
26.7776,79.1247,43.6,2001.72,25.38,5.84,18.2,8488.36
18.4911,80.3068,99.5,2093.33,30.48,12.1,19.7,18756.38
20.1147,88.7262,32.9,2046.6,28.3,5.12,12.1,8312.41
14.4137,85.51,20.3,2074.98,29.9,4.05,18.8,5936.73
18.0778,76.6689,37.0,2139.74,32.87,6.32,26.5,10614.82
14.1363,79.9137,23.7,2072.11,31.15,3.52,7.4,5108.51
9.9763,74.3133,126.5,2161.93,34.39,15.35,9.4,25628.17
24.2931,96.0146,27.7,1920.32,28.26,4.4,29.1,5820.58
26.0417,71.7884,40.2,1931.39,25.7,5.49,21.8,8160.19
24.7262,78.7833,39.4,1949.88,30.37,6.77,33.1,9148.32
20.5143,68.7493,38.5,1936.73,27.13,6.42,28.3,10295.99
18.2542,74.4316,28.0,1972.78,30.91,3.96,10.3,5496.86
31.31,90.6337,76.7,1831.61,25.0,9.63,21.9,12813.71
22.0152,73.8341,136.3,2004.95,28.58,24.59,31.5,37806.01
20.9379,70.3218,20.4,1935.65,26.58,3.4,30.1,4812.04
8.6923,81.7591,25.4,2060.56,36.43,4.77,7.1,7536.75
17.2137,68.2891,38.3,2017.57,32.34,5.39,8.2,7726.42
18.2653,70.4582,44.5,2065.11,29.03,7.67,20.6,11593.39
18.7682,91.4212,85.8,2150.61,31.57,11.12,14.6,17913.47
23.6647,90.3727,39.6,1822.2,28.7,5.68,32.4,7273.89
22.4073,94.539,36.7,1906.54,25.96,6.33,28.3,9394.16
24.4134,92.7809,56.5,1873.41,25.91,10.5,27.4,15814.94
28.6518,87.8121,38.7,1936.73,27.98,5.63,24.3,8524.17
29.9506,69.5177,131.4,1802.09,25.74,24.16,34.0,34526.44
27.3893,90.7026,149.2,1778.41,25.15,26.0,23.2,32163.83
33.7991,92.5198,20.9,1780.31,21.67,3.09,24.6,4129.8
8.4923,91.1734,116.0,2158.77,33.75,22.05,8.7,35404.78
13.286,82.7459,91.5,2006.9,31.73,14.7,13.1,24003.51
8.2042,74.7542,20.3,2124.9,33.22,3.49,13.5,5345.99
25.4818,92.5146,111.4,2024.05,23.65,17.79,32.8,24439.79
32.2468,89.0877,62.2,1794.29,26.37,9.72,29.3,12737.78
14.574,96.4421,282.5,2090.29,33.98,53.06,13.6,80400.15
33.0299,72.5151,76.1,1729.47,21.19,10.93,32.4,13331.37
9.6272,74.5443,276.4,2194.08,34.54,33.98,6.1,58024.3
33.2298,74.1421,34.8,1768.28,21.84,6.62,38.1,8395.99
17.4938,90.9837,85.9,2052.48,30.2,15.98,17.9,25575.08
10.7384,73.4203,36.6,2159.9,33.08,5.46,19.0,8206.14
21.1185,69.9331,27.2,2033.37,28.24,3.66,24.1,6105.77
14.933,96.9583,113.5,2077.05,35.89,19.76,9.2,29674.48
15.6916,68.7197,135.4,1983.32,30.66,17.1,9.0,24727.88
16.2968,92.2221,26.7,2001.66,29.65,4.11,13.7,6414.42
29.6817,78.5956,100.8,1651.41,23.72,12.79,26.6,15580.82
22.5574,92.4068,39.5,2100.11,30.54,6.62,20.7,10848.35
16.4053,84.084,36.9,2117.72,27.91,4.51,10.1,7049.18
24.479,94.1473,31.0,1836.97,26.06,5.28,34.0,7099.64
27.3361,94.8596,39.3,1829.4,29.19,6.83,20.3,9337.76
15.3608,68.2638,20.8,2016.55,32.18,3.31,18.4,4737.6
19.1658,70.187,87.0,2122.42,30.36,11.66,9.4,18162.29
11.2909,75.2604,36.0,2027.17,37.78,4.61,9.4,6994.72
12.891,87.4101,20.6,2121.12,33.29,2.99,9.1,4182.25
26.3902,93.7599,100.8,1860.29,25.31,15.84,24.0,24037.23
12.8988,81.3383,115.4,2177.97,32.23,19.78,12.9,33957.97
22.1794,85.6022,42.8,1936.45,26.35,5.14,24.2,6963.52
27.1442,73.4665,23.4,1714.75,28.9,4.14,28.8,4878.44
10.8857,91.344,49.7,2127.97,34.85,8.8,13.5,14506.81
23.3174,96.0525,110.6,1846.51,30.36,17.21,30.2,24662.79
14.9272,75.7894,277.1,2081.68,34.31,40.87,22.7,64351.66
33.999,82.35,74.9,1846.75,22.47,14.04,38.7,18701.09
21.0557,70.4974,37.2,1825.84,27.24,6.8,12.6,10210.57
29.7618,84.215,138.2,1744.27,25.1,27.45,39.0,34927.58
22.8561,82.5807,35.6,1888.37,26.57,5.33,31.8,7682.93
9.1721,72.1887,39.8,2148.37,34.8,7.67,13.4,12345.51
25.0951,80.8199,30.7,1951.5,29.57,3.9,25.4,6285.5
33.6879,77.689,88.8,1723.73,23.1,13.58,28.7,18235.08
24.2435,83.1331,78.6,1940.88,27.99,12.36,29.4,18581.95
30.1181,84.984,120.6,1751.81,24.86,18.72,37.7,24916.96
31.8736,68.2464,85.9,1788.67,25.86,14.61,35.2,18908.4
14.1582,90.0692,25.7,2151.38,30.89,3.44,16.7,4944.45
13.7252,88.6774,31.1,2038.36,28.03,5.88,7.6,9080.06
24.4965,78.6223,135.4,1965.57,28.52,22.22,21.7,30948.89
19.0978,69.5351,123.8,2004.43,31.98,23.82,23.6,36342.16
30.6763,89.893,83.5,1875.46,25.69,10.03,21.0,14313.65
32.3006,95.7001,47.2,1746.48,22.78,8.04,35.1,11024.08
17.5424,74.9644,57.5,2058.74,28.44,8.79,22.9,12977.21
14.3955,77.3822,21.5,2081.63,33.11,3.45,11.1,5644.29
29.0742,73.3306,62.7,1812.97,25.8,11.26,20.6,15835.58
15.4198,84.7311,23.5,2087.16,31.41,3.25,21.8,4757.82
30.2106,72.4904,180.7,1843.15,28.65,24.65,23.0,37704.62
19.4409,78.3296,39.8,1894.1,27.96,7.02,16.9,10061.99
26.0238,88.2134,110.1,1990.26,30.44,17.8,30.2,24914.46
10.5795,84.2434,114.8,2004.8,33.9,15.92,16.9,22658.59
24.8442,79.2074,40.7,1842.02,23.75,6.45,32.1,8423.69
20.1977,80.1872,42.7,1972.9,29.15,6.69,20.8,10792.39
23.8384,84.3012,70.7,1947.9,29.79,12.4,23.4,19449.03
12.5364,68.1701,38.7,2244.44,32.23,4.65,19.5,8026.17
27.8956,70.2768,37.4,1693.22,23.1,6.24,29.2,8500.48
31.2955,93.5565,480.3,1740.07,24.19,80.91,32.9,116496.1
13.852,70.2585,73.2,1924.52,30.65,13.16,12.5,18998.96
10.5843,88.4973,21.8,2156.01,34.82,4.16,8.0,6810.68
8.6382,94.6811,115.3,2210.25,36.26,17.9,8.2,28240.28
25.3332,75.8498,124.0,2015.27,25.09,18.28,22.6,28272.87
24.3915,78.7443,78.3,1914.6,26.21,10.04,21.3,15113.5
22.7608,84.4987,107.1,2017.83,29.87,15.74,32.6,19939.81
14.2626,93.5696,56.0,2133.98,30.46,7.02,11.0,10966.45
18.5545,95.3153,48.8,1975.2,28.09,8.99,13.7,13590.76
24.0509,89.4473,61.0,1798.37,25.42,11.26,21.1,15569.41
21.4127,70.512,22.0,1980.57,29.67,3.38,23.2,4980.89
34.6702,87.4055,21.3,1600.57,23.62,3.0,42.9,3781.39
11.6839,79.8988,92.7,2237.31,31.97,12.0,17.4,19297.5
26.7689,81.6503,22.9,1849.19,26.56,4.31,33.6,5681.19
18.9166,69.4253,124.5,2099.12,33.14,23.67,26.1,38856.71
19.5614,73.5408,139.9,1953.48,27.85,19.77,28.0,30542.42
27.3751,90.9249,27.8,1872.76,22.38,4.72,22.1,6650.91
26.6958,81.1648,38.9,1880.22,27.5,5.47,25.9,7894.99
34.7639,76.7482,54.2,1714.65,22.74,7.48,32.5,10449.07
11.4666,79.1366,285.3,2102.99,32.02,34.72,9.1,55081.76
10.811,92.7776,79.3,2180.8,35.04,13.18,13.9,21887.84
27.5571,89.721,72.9,1773.88,27.88,9.62,25.6,13390.75
23.6164,75.8971,39.3,1822.15,23.56,4.76,25.9,6649.03
15.4023,71.4076,23.9,2166.18,30.36,3.07,13.0,5170.02
10.1443,75.3079,136.1,2219.58,38.67,19.74,6.4,30399.39
10.3128,94.7019,39.9,2163.64,35.13,6.93,7.4,11341.98
32.1432,84.8661,398.8,1898.63,25.49,54.31,38.2,78517.67
13.1804,83.4709,48.1,2085.33,35.01,9.18,15.2,13989.8
16.731,85.2954,144.2,2148.66,31.11,20.64,26.2,30743.31
14.1197,78.6148,105.2,2103.89,33.84,15.41,20.8,24064.69
17.5849,91.4061,99.5,1945.49,32.12,13.68,17.3,20189.33
9.8744,83.1753,83.5,2314.1,35.23,11.72,5.0,19152.59
22.0146,71.3857,400.5,2026.99,28.05,50.43,25.5,71715.37
9.8255,71.7429,338.4,2157.46,34.52,48.58,14.4,71190.04
29.6096,83.5689,476.5,1869.2,24.1,89.95,28.9,129666.31
14.3102,95.1605,73.9,2054.12,32.19,12.93,8.9,20098.44
22.5803,76.9422,81.0,2003.89,26.1,15.4,23.7,26091.36
31.7621,93.2167,81.6,1581.0,22.73,10.48,26.8,12819.62
25.5737,90.1588,44.2,1802.09,26.53,6.91,34.4,8634.89
22.3899,75.1866,23.0,2019.32,26.64,3.18,25.0,4886.37
16.757,69.0539,33.7,2022.4,30.05,5.98,12.6,9698.46
16.9911,70.9536,32.8,2054.76,30.63,6.49,11.3,9652.93
26.0761,89.1263,22.2,1766.89,27.67,4.11,30.4,5840.26
34.8418,73.7904,32.3,1864.68,24.82,3.97,39.0,5756.42
25.8697,78.7669,329.7,1973.59,26.03,47.91,27.8,75382.15
23.0602,82.5493,56.5,1912.86,30.89,6.91,25.3,10927.11
27.7276,89.0386,35.3,1812.53,28.0,4.35,29.8,5483.55
20.5606,71.2837,48.8,2056.28,30.36,6.16,17.8,10016.93
9.6238,79.7846,147.9,2329.37,34.58,21.02,18.4,35595.14
23.182,82.0671,103.2,2003.02,28.81,14.89,22.8,21794.95
33.8559,83.684,330.3,1908.34,25.74,50.22,24.3,72022.43
12.7332,91.7325,249.9,2041.01,35.32,38.09,9.7,62478.14
26.6301,72.9787,499.0,1799.11,29.29,90.67,19.2,130443.83
13.4252,91.4271,28.2,2007.23,32.64,3.71,10.7,5026.15
22.4673,88.0935,33.6,1974.93,29.6,4.45,24.6,6427.82
10.6103,84.1203,50.3,2167.06,36.51,8.56,5.0,14210.21
20.16,88.2863,30.5,1968.96,28.28,5.05,27.6,7475.83
28.4164,79.9485,57.1,1897.25,25.18,7.56,30.6,11095.81
17.3844,72.0135,124.4,2129.67,30.81,23.41,13.3,34575.36
25.9526,87.3072,106.1,1754.8,28.72,15.53,22.2,19931.36
29.4771,83.2155,37.2,1765.65,27.17,5.55,28.8,7048.18
33.0338,86.5419,78.7,1815.0,23.27,12.08,28.0,15557.57
14.3353,77.802,131.5,2048.54,29.13,19.17,5.0,27439.74
18.7815,94.2991,151.1,1942.08,30.64,24.88,9.3,34130.97
12.1152,85.0337,30.0,2207.41,31.31,4.53,9.3,7251.0
34.7971,70.4767,380.8,1614.49,19.96,53.6,27.3,64472.52
33.029,81.0443,140.8,1725.35,21.21,27.08,23.5,37769.47
22.5788,89.9343,73.5,1963.87,29.09,10.63,29.8,14960.64
30.7349,91.0299,104.1,1744.87,27.49,18.31,26.2,26072.61
22.0659,82.3433,103.8,2009.47,28.75,15.34,22.1,23105.76
24.8368,93.9477,46.2,1851.43,27.85,7.16,18.4,10245.67
10.4064,75.7624,21.5,2269.38,36.28,2.99,5.0,5088.92
28.3923,79.9074,298.6,1822.88,22.73,53.8,33.3,72640.17
11.4483,94.0593,68.2,2191.63,34.49,12.21,5.0,19368.97
30.3038,93.9914,20.6,1858.21,24.94,2.51,20.8,3446.43
29.1148,87.8857,64.7,1769.73,26.63,8.08,30.9,11228.08
27.1361,92.9104,49.3,1691.27,25.42,9.55,17.4,12131.22
8.9763,70.5744,26.4,2211.29,32.92,5.05,7.7,8087.51
16.1845,93.0849,143.5,2058.46,31.6,23.03,12.0,35756.56
15.104,77.298,26.2,2116.59,35.1,4.17,11.5,6645.64
17.7237,73.1716,47.9,2006.85,32.35,8.87,7.8,14284.97
10.3664,74.9417,39.6,2122.97,32.92,5.2,19.7,8133.3
33.2979,80.1211,61.3,1905.32,20.93,10.57,33.6,15955.79
22.9527,75.2846,37.5,1813.06,24.91,5.92,24.4,8517.29
16.2492,77.2965,29.6,2110.23,33.92,5.3,19.6,7933.22
18.7185,71.9144,31.5,1961.1,28.27,3.86,24.7,5229.52
20.0745,76.5891,33.2,1955.8,28.92,5.56,22.2,8165.56
24.216,84.5962,32.7,1882.74,30.35,5.38,29.5,8018.13
21.9233,80.8138,39.9,1885.11,25.51,7.48,20.9,11617.31
32.8236,78.0548,43.1,1798.87,26.81,7.5,30.2,9392.25
21.418,89.6471,82.9,2069.73,28.45,15.79,27.9,25472.53
34.7883,93.9118,47.7,1755.41,20.65,9.12,42.1,11068.77
30.9885,89.9469,48.2,1794.48,24.16,7.35,23.7,10329.81
13.6298,77.628,21.2,2019.75,31.02,2.78,14.5,4348.32
33.1261,89.5888,20.4,1789.08,24.57,3.48,36.8,4396.23
11.1419,72.4074,92.5,2315.95,32.29,17.57,5.0,31758.32
30.0711,71.7792,37.7,1772.26,21.24,4.75,38.7,7059.22
18.2768,78.0232,28.3,1984.94,29.93,4.67,18.7,7056.96
31.7053,91.4234,27.8,1728.42,21.62,3.59,34.6,4896.83
31.4375,75.1441,117.8,1738.97,24.86,14.39,25.0,20568.76
29.76,69.8343,38.1,1588.7,22.83,6.64,25.0,7721.38
29.3308,71.8196,66.7,1848.45,24.43,11.64,21.8,15533.51
16.2263,92.9036,46.5,1984.28,31.66,7.82,11.5,11126.49
10.1848,86.3797,40.4,2031.85,33.59,7.62,10.0,11677.77
18.8805,75.3428,86.3,2064.41,30.6,10.91,25.6,16859.02
12.6852,84.1036,118.4,2029.11,34.25,15.2,13.4,22480.27
26.7637,83.2998,61.3,1835.16,24.24,11.59,21.7,16139.31
17.3447,87.0076,34.0,2149.11,30.67,5.46,8.2,8466.05
34.3415,74.7624,66.9,1613.12,16.49,9.49,36.8,11955.44
25.3062,93.0677,21.2,1765.88,27.71,3.8,23.7,4954.6
30.207,76.9717,83.8,1821.82,24.41,16.06,39.9,21366.55
11.5782,88.1298,65.1,2227.55,31.42,11.4,17.2,17076.22
31.2744,68.4676,39.0,1655.11,25.16,7.15,37.4,8952.8
32.9144,78.8071,117.4,1784.16,26.13,16.74,23.2,20310.55
21.1507,78.1996,64.9,2009.77,28.13,9.28,26.7,14656.04
24.3688,83.761,20.7,1740.63,25.74,3.92,18.3,5063.24
28.6499,70.1094,427.5,1892.18,26.04,72.33,30.4,105130.25
12.7206,90.9138,50.2,2185.16,30.2,6.97,11.7,11379.43
21.5693,74.3156,30.3,1930.81,27.57,4.91,23.0,7198.12
18.7639,87.6341,323.1,2106.44,32.6,56.5,11.4,93589.33
11.9521,91.2932,44.6,2219.78,33.35,6.13,11.1,9541.31
17.9234,84.2944,133.9,2029.63,26.78,23.08,8.7,32407.95
9.8407,89.4856,122.5,2130.75,30.58,15.11,5.0,24340.21
8.6969,87.1939,74.7,2109.63,35.01,10.78,11.9,16448.95
11.6495,78.3104,41.6,2131.3,35.08,7.24,20.7,11439.51
34.0041,91.4569,236.3,1777.51,20.06,31.18,39.6,44902.86
22.8373,76.5463,26.4,1906.99,29.22,3.64,22.2,5019.13
34.0772,84.5652,36.4,1554.81,25.93,6.93,25.2,8396.0
19.6774,89.6165,40.4,2091.3,33.52,7.02,10.6,10209.15
16.419,78.9897,168.6,2063.68,31.87,26.96,9.6,41491.25
21.6658,76.7803,171.0,1923.65,29.86,23.41,31.2,31389.43
19.8668,81.321,43.5,2054.97,25.39,6.41,17.8,10263.26
10.8529,91.7209,450.8,2270.62,37.92,74.81,17.7,122932.22
25.3023,94.9677,38.1,1664.41,26.06,5.05,29.4,6092.29
13.833,83.8074,300.1,2129.75,30.51,47.58,15.9,71592.62
24.7289,87.1825,134.5,1784.75,26.96,20.55,33.7,28657.27
25.5554,94.1949,41.9,1923.93,30.12,6.62,20.2,9356.58
12.1047,70.8579,37.4,2136.35,37.57,4.8,11.2,7959.15
9.6564,74.7303,29.6,2221.04,34.51,3.8,17.0,6025.98
29.0806,88.5581,25.9,1780.61,27.51,5.11,30.1,7460.11
20.4146,91.8886,91.9,1826.68,29.5,18.22,15.3,23914.46
9.5704,92.8538,28.6,2135.7,32.22,4.41,5.0,7554.62
34.8614,80.0381,268.7,1749.04,25.87,49.21,39.9,66461.73
9.5601,70.5909,101.6,2253.15,33.05,17.52,5.0,29978.6
26.766,80.6957,66.9,1768.47,29.63,8.65,35.0,10846.7
34.5593,74.6913,44.2,1804.1,25.65,6.35,24.9,8970.67
14.4579,76.4447,200.9,2031.93,33.32,29.15,17.1,46003.56
11.8407,90.3958,98.1,2159.86,36.93,16.45,13.9,25799.49
11.2774,70.1903,411.1,2100.22,37.99,68.4,12.8,94447.59
16.1884,91.9999,319.8,2067.18,30.96,61.99,15.7,91994.93
10.7282,80.4024,30.8,2222.24,32.15,5.65,17.8,8793.55
26.6884,85.2859,34.2,1765.45,22.86,6.46,29.9,9085.71
9.6819,70.5999,134.9,2115.33,38.73,25.8,15.3,38630.68
21.7544,77.7834,496.7,1967.22,27.93,91.43,14.1,132431.73
34.9108,70.6013,113.1,1907.73,25.16,16.59,25.9,23324.66
29.9772,95.8848,43.8,1735.36,23.63,6.01,20.5,8532.18
24.6109,91.4106,51.4,2064.21,30.6,8.53,17.6,13171.91
16.2688,81.3293,46.4,2211.51,29.88,8.13,19.6,13747.22
24.8452,74.4845,48.6,1889.0,25.04,7.34,24.7,10474.7
22.2301,95.0702,37.3,1920.01,28.18,7.0,27.3,10178.15
19.5043,77.9933,42.6,1937.56,28.76,8.39,13.3,11660.08
11.5292,72.6685,35.4,2131.02,34.6,5.86,8.9,9451.17
31.9383,84.3318,250.2,1656.57,24.12,39.16,39.7,46750.13
20.1442,95.3694,135.2,1975.31,30.79,25.35,28.9,38538.23
13.2548,68.1111,358.9,2225.16,32.05,43.76,21.7,69296.98
17.9295,74.9056,107.9,1972.38,29.2,14.07,24.3,21865.79
19.1815,95.215,39.8,1979.47,28.8,7.46,22.9,12284.44
30.3435,72.9615,135.6,1661.73,29.04,24.21,38.6,30108.55
27.8076,71.2841,406.2,1873.39,26.54,62.26,32.1,95109.2
28.7712,84.5354,223.9,1847.28,21.69,42.79,37.8,63054.31
8.2978,92.9935,96.7,2199.73,33.83,14.32,5.0,21787.03
19.2362,81.8362,49.4,1980.4,30.14,8.43,27.7,12500.63
20.9963,96.8424,36.6,1942.65,32.84,6.26,22.1,9386.74
8.5182,87.696,48.1,2230.82,36.82,6.49,5.0,10963.35
15.015,70.1482,434.7,2071.43,30.0,62.07,9.3,97461.16
28.5278,96.7921,40.0,1855.7,30.6,7.73,35.6,10795.53
11.702,79.8289,272.3,2150.56,33.27,36.67,11.8,59469.75
22.4534,76.3347,29.1,2029.71,30.99,3.9,32.1,5890.87
13.8105,84.1785,114.3,2149.57,30.08,18.11,6.2,27286.99
8.3273,76.8249,33.0,2209.54,30.06,4.2,6.6,6971.49
14.5124,70.5073,44.0,2204.25,29.25,8.42,11.1,13063.44
34.3486,68.0414,42.8,1759.35,16.64,5.48,34.7,7570.85
29.6415,81.0379,81.2,1914.85,29.49,13.75,32.3,19415.82
33.9086,92.269,41.1,1782.2,23.77,6.05,37.1,8095.65
21.1721,84.5971,99.5,1815.55,27.22,18.33,11.2,23644.24
10.9629,96.977,29.7,2251.05,34.57,4.97,5.0,8353.17
22.7949,76.3186,91.3,1944.51,28.72,13.79,13.5,19710.87
20.2682,76.1332,46.9,1975.02,30.72,9.31,27.6,13419.24
30.7976,72.6327,86.0,1812.15,27.16,10.77,27.1,13872.32
10.6482,72.7578,28.6,2124.73,33.23,4.76,8.0,7455.5
21.1825,76.2704,85.2,1980.88,27.31,16.97,20.2,27384.14
12.0513,90.9924,26.4,2079.73,34.83,4.63,19.0,7474.11
16.7663,94.2669,104.5,2144.15,32.66,18.72,7.0,30014.34
27.9086,96.2775,201.6,1832.56,26.24,24.71,20.3,33833.79
20.8525,74.7364,44.5,1938.05,33.57,5.42,24.6,8043.16
18.149,93.5576,26.8,1943.32,29.56,3.29,27.4,4600.95
18.6509,77.5194,109.8,2029.79,28.41,21.89,21.5,33384.65
20.4051,71.2724,62.5,1991.68,30.25,12.4,15.6,17898.26
29.1954,93.2307,49.4,1849.56,24.11,7.24,29.6,10944.92
32.0863,86.4471,33.6,1684.27,25.15,4.82,41.6,6387.74
33.794,72.7772,44.7,1607.61,21.73,5.88,34.4,7444.18
29.2464,80.4651,43.1,1867.61,24.64,6.3,26.7,9910.49
16.516,76.3305,41.4,2165.48,34.95,6.2,14.2,10191.12
26.5796,89.367,132.7,1783.46,25.83,23.87,35.9,32741.08
19.8153,81.1491,23.0,2114.48,28.09,4.36,24.2,7096.19
14.8761,96.6891,117.8,2098.94,34.25,21.18,18.6,30933.88
30.7035,69.5876,243.0,1790.77,22.68,41.73,25.3,55295.17
9.0375,78.2954,43.6,2149.52,33.15,7.9,10.2,12733.08
32.3476,81.9751,145.7,1650.98,25.2,26.09,29.5,33205.64
20.4599,82.5909,465.5,2054.74,31.27,73.58,15.3,116514.19
25.2044,77.1621,23.4,1828.27,29.7,3.44,33.1,4542.25
25.8026,89.148,31.1,1817.17,25.49,4.43,23.5,6244.69
32.1682,93.3677,277.5,1844.33,25.32,48.38,27.8,68908.06
25.1901,95.2229,192.8,1739.94,26.33,37.93,33.8,50195.88
24.5762,91.3477,22.9,1779.74,26.33,3.82,18.5,5183.18
9.7996,92.6668,31.5,2166.16,36.6,6.09,14.7,8989.23
21.997,83.9658,49.8,1971.52,27.6,6.03,25.1,8064.24
12.0546,91.9508,37.1,2165.8,33.73,6.8,20.5,10297.61
27.9107,76.8016,38.7,1817.46,26.35,7.28,34.6,9792.85
21.83,79.5559,97.1,2153.49,26.63,16.55,25.9,25670.15
26.3662,77.1905,381.8,1851.18,28.67,74.35,22.7,104312.43
9.1252,81.5542,48.7,2161.28,35.61,8.14,9.0,13852.32
10.2894,76.2818,108.9,2095.03,30.0,15.16,19.2,24488.49
27.3407,95.8867,22.0,1861.78,26.85,3.01,17.8,4312.86
9.9463,77.0725,34.8,2214.16,32.58,5.72,15.8,9873.69
9.9239,70.8433,149.3,2261.66,36.33,28.74,5.0,45482.94
8.3269,83.2777,31.6,2074.97,31.96,3.98,5.0,6058.06
33.8255,69.6559,37.8,1715.46,22.67,6.37,28.5,8725.04
27.9127,71.2058,187.3,1877.31,26.76,34.01,19.1,47001.09
17.5378,74.3623,24.2,2075.28,30.82,3.13,27.4,4701.82
16.0065,81.4662,137.5,2056.41,32.92,17.78,23.4,29516.9
17.442,80.5643,29.0,2073.44,27.71,4.33,17.9,6951.06
28.9156,91.1911,29.2,1758.8,28.89,4.14,33.2,6005.62
25.857,89.4448,88.7,2003.21,28.01,12.05,27.0,16847.92
13.0003,80.3632,146.6,2189.41,35.47,19.93,19.2,30990.85
12.701,77.6774,22.5,2007.79,34.63,2.94,19.6,4423.89
10.6567,77.1776,131.9,2066.17,33.78,22.27,5.3,34234.46
25.8282,90.4459,269.5,1795.34,24.41,47.18,25.0,59275.43
28.6381,69.5101,134.9,1882.75,24.59,23.78,31.3,34298.61
15.1563,68.3718,49.8,1968.41,34.96,8.09,24.7,13016.26
8.5655,91.0708,84.9,2163.34,37.52,16.65,12.2,26722.01
10.2186,81.8372,62.9,2196.44,32.76,11.99,18.2,20016.06
34.1322,71.7956,64.4,1724.33,17.6,12.67,41.1,16627.46
15.977,74.8314,42.8,2077.12,30.98,6.46,17.6,10289.01
28.769,95.0426,24.3,1740.89,25.08,4.63,36.6,6132.86
24.8659,92.9256,76.0,1944.0,26.91,13.77,22.4,21718.34
18.3124,88.5838,26.1,1965.32,31.42,3.85,15.9,6019.0
13.5536,81.9845,85.6,2074.07,34.25,11.0,19.2,17191.22
11.2774,83.0894,176.0,2160.02,35.51,30.74,5.0,48853.29
24.6054,96.2821,449.9,1909.35,28.42,58.89,20.7,78319.24
28.9151,96.0073,45.8,1825.45,21.99,6.57,31.1,8599.71
25.3854,74.2428,32.4,1827.01,26.49,5.18,23.8,7332.46
22.3182,91.522,111.2,1918.31,33.17,19.39,31.1,28518.08
9.1327,73.72,114.2,2179.79,35.24,22.17,18.3,37496.84
34.1492,74.1926,412.2,1619.31,23.97,69.03,34.2,83641.04
29.5653,87.6067,102.1,1774.82,26.01,17.73,30.3,22547.47
15.9062,79.745,35.3,2088.7,32.27,5.11,20.4,8345.99
34.4592,95.0148,113.1,1621.54,18.33,19.8,33.6,24600.9
24.2508,70.5813,120.3,2000.01,27.21,18.65,18.1,26069.37
23.7254,82.8342,84.7,2018.51,27.85,15.96,28.7,23869.6
28.198,94.6371,83.0,1736.82,28.47,12.57,33.0,16129.66
29.9178,94.2193,28.1,1914.09,25.23,4.42,24.8,6920.53
25.7249,72.5393,36.5,1869.46,23.73,5.64,32.4,8451.41
11.4586,78.6325,30.8,2171.23,34.3,5.7,13.7,8890.32
17.1332,85.9545,36.2,1995.87,29.28,7.11,11.9,11455.36
33.0583,72.6225,32.2,1822.79,21.29,4.7,36.1,6761.67
14.0646,96.0726,133.7,2123.32,30.6,21.12,8.7,35433.12
18.0485,94.5277,22.2,1953.99,31.56,3.92,13.4,6116.36
19.6661,72.8416,350.3,1896.79,32.27,67.12,26.6,93164.4
19.8639,71.5135,37.3,1869.62,30.63,5.94,28.5,8484.82
24.5494,70.4768,31.5,1917.15,28.82,4.06,19.7,5771.5
33.463,94.3739,32.6,1787.46,24.49,4.88,42.0,6951.56
14.4987,73.6151,44.0,2135.1,32.28,7.22,9.3,11542.89
11.2805,80.0723,248.2,2131.51,34.92,38.08,5.0,62518.23
13.3317,81.0167,46.1,2011.47,27.76,6.23,5.0,10143.42
31.947,85.3713,46.9,1714.39,24.45,5.77,26.8,7821.53
25.4369,70.0803,377.7,1978.32,25.06,66.1,23.1,100797.16
15.7195,74.576,43.2,2022.28,33.85,8.61,24.3,12715.24
30.0306,95.0132,38.4,1814.92,24.79,7.43,24.9,8831.75
31.257,94.3439,35.8,1695.32,24.6,6.25,28.6,7918.58
30.8559,90.6574,49.0,1815.52,21.7,9.18,35.5,13591.69
32.811,68.5626,28.5,1716.79,25.87,4.0,28.9,5530.15
14.8105,77.4832,24.6,2161.15,33.19,4.18,18.5,6492.43
28.3861,86.2108,78.7,1894.93,26.94,9.83,27.0,14475.86
20.4346,75.9805,365.1,1936.52,27.78,64.47,14.4,93650.19
30.734,94.378,25.6,1780.66,23.22,5.05,35.4,7204.81
27.6692,86.3828,47.3,1801.86,26.6,8.93,18.2,13454.75
28.9641,70.0853,32.3,1709.09,24.18,5.26,24.8,7193.59
25.7164,94.3612,135.0,1812.51,27.9,24.72,22.8,33097.47
12.7906,95.7752,27.5,2129.63,28.52,5.37,12.0,8738.03
22.7157,70.2537,81.3,1961.14,27.4,11.16,26.3,17897.11
34.5861,83.4384,55.9,1733.33,26.63,10.26,33.8,12779.24
33.3095,76.7976,27.7,1720.29,24.49,3.93,35.2,5092.65
9.1657,79.3923,99.0,2253.66,34.81,18.83,11.1,32741.38
12.45,73.2099,48.4,2124.98,36.97,6.19,9.9,10321.8
11.5567,84.7641,31.7,2192.24,28.73,4.25,20.2,7184.81
27.6015,95.7814,39.2,1705.27,24.55,6.96,36.7,8746.99
30.0802,82.5891,32.8,1488.76,24.26,4.4,31.7,5236.16
13.7648,70.4045,54.7,2118.94,34.12,7.25,5.2,11481.65
21.658,85.98,100.4,1840.17,30.61,16.5,21.5,23545.62
30.699,77.8665,22.0,1774.42,23.05,4.11,24.4,5596.89
27.7856,92.8218,459.3,1819.69,28.09,64.98,27.4,91238.47
22.6404,80.6057,42.6,2063.46,27.61,7.98,16.4,11906.49
23.9394,73.5923,31.4,1945.09,30.25,5.79,28.0,9548.17
21.7257,73.5421,39.2,1966.21,26.76,6.52,13.3,9755.04
16.0338,90.2942,61.2,2122.35,31.14,10.51,25.1,16962.62
23.2556,75.702,395.9,1954.88,27.15,48.79,17.2,71617.15
26.5999,90.2498,132.3,1828.59,28.74,19.76,29.8,28656.24
31.5797,73.9707,437.6,1861.28,23.34,61.73,39.9,82246.24
25.1799,77.3289,28.5,1801.98,27.18,3.77,20.1,4721.64
28.5503,81.4991,27.9,1855.95,26.77,4.22,37.2,5898.84
12.3219,95.3527,102.1,1998.4,34.15,15.16,10.1,24936.67
20.4621,95.0202,146.8,1992.0,31.17,26.17,29.7,40892.97
8.252,73.9993,47.6,2210.9,35.31,7.99,17.7,12318.1
14.6603,78.3884,275.9,2214.23,31.17,53.26,8.4,90309.16
27.6145,72.3326,43.4,1721.74,25.47,5.71,34.2,7263.16
34.7789,82.7896,47.6,1669.91,23.0,5.94,28.6,7818.66
10.6778,81.3569,76.1,2217.61,34.29,12.39,5.2,20807.89
18.8403,94.122,133.0,2031.7,29.83,15.97,10.5,25321.1
29.6019,94.9702,28.0,1825.59,25.32,5.13,22.7,6585.93
13.509,79.1235,30.3,2024.35,29.49,4.86,16.2,7003.3
22.9873,82.2604,26.0,1882.96,29.59,4.13,22.0,5913.84
27.7929,93.9909,100.7,1943.33,26.46,15.01,33.6,21077.54
24.6316,91.3945,134.3,1896.51,29.52,20.15,21.3,27365.93
13.0767,68.106,102.8,2138.65,32.72,15.88,22.4,25289.89
17.5954,77.2817,23.7,2018.07,27.21,2.87,8.6,4157.31
29.1624,80.2315,238.1,1724.43,24.76,30.17,20.4,44019.06
22.9641,74.6618,106.3,2005.35,27.87,17.05,27.0,25350.55
8.1412,73.7876,37.5,2237.72,36.42,4.95,15.9,7944.55
28.5468,69.0958,37.3,2014.61,21.61,6.8,34.5,10796.48
8.9534,86.6577,22.3,2101.59,34.65,3.17,8.7,4616.26
28.1348,75.6128,42.6,1903.38,26.97,5.45,23.5,8117.94
13.467,69.5181,468.3,1996.67,31.22,65.01,5.0,97864.04
33.868,74.6984,101.1,1746.96,23.51,15.01,34.1,20204.3
17.9344,91.2555,401.6,2099.3,29.28,49.33,17.4,80364.01
16.8272,92.6932,47.4,1875.34,29.57,6.23,13.7,9052.68
12.02,82.0089,114.3,2111.25,32.37,16.67,13.6,28420.01
16.2513,80.066,40.2,2006.42,29.87,5.83,20.8,9926.66
31.6696,96.3578,41.6,1717.79,25.72,7.66,35.7,9574.09
34.901,73.8164,76.1,1746.6,21.42,14.26,30.2,18164.95
17.9444,74.2454,37.5,2110.66,28.72,5.08,19.7,8238.79
20.1125,76.4641,134.2,1971.31,33.09,17.44,13.1,22761.63
27.4959,73.01,79.6,1865.51,28.15,13.59,19.9,19702.09
31.9273,79.0016,139.7,1778.45,20.51,25.76,37.6,35954.19
24.0122,94.4142,38.6,1911.92,26.26,7.61,27.9,11365.07
18.5712,85.8451,92.3,1922.57,30.73,11.13,23.9,15802.48
19.1408,79.9464,368.1,2088.14,30.63,56.36,12.2,88976.8
26.7817,95.0979,290.7,1885.55,23.57,51.94,35.1,76684.93
8.0869,69.4055,133.8,2230.03,37.28,24.93,5.0,41260.78
24.7289,74.098,98.2,1834.36,29.12,12.28,32.1,15760.43
17.5983,84.4108,47.0,1990.49,31.64,8.21,14.6,12403.8
29.4433,85.851,101.0,1799.93,28.06,14.45,21.6,21377.53
10.5107,69.1472,116.0,2032.08,34.77,14.62,6.2,22246.83
23.8815,79.6881,149.8,1779.09,28.75,23.83,17.5,32168.96
20.9863,86.8255,64.7,1918.19,32.27,8.58,20.8,13428.58
25.3428,88.244,42.1,1929.63,29.4,7.53,34.3,10429.77
9.751,86.5061,24.2,2116.23,32.53,4.33,6.3,7165.69
23.6596,77.2963,133.9,1836.62,29.22,25.09,25.9,34168.36
23.1601,70.7121,37.9,1861.94,26.85,5.69,31.0,8444.92
23.1378,80.3863,48.1,1891.09,29.2,5.83,25.7,8723.97
24.2942,71.7339,46.0,1878.4,28.62,6.47,21.5,9073.99
26.2646,95.4811,22.2,2044.48,24.01,3.5,36.1,5366.1
29.7347,81.78,63.7,1893.14,24.98,11.19,23.5,17008.2
15.2852,77.2005,110.1,2150.85,32.25,16.58,15.8,24468.88
30.2763,90.2228,35.5,1892.51,24.1,5.79,36.2,8238.77
21.4529,82.4405,25.1,1877.94,29.58,4.06,11.5,5838.98
10.0806,76.991,23.9,2064.76,35.68,3.18,14.1,4768.69
9.5809,91.5471,36.9,2082.99,34.23,6.27,5.0,9741.51
17.0244,93.1474,21.5,2144.32,31.39,3.33,10.4,4776.86
29.1922,87.5172,455.8,1774.76,28.23,84.16,24.7,108594.01
27.1074,69.362,44.2,1755.96,27.35,7.75,36.4,10567.78
29.2926,84.4234,128.5,1782.25,25.82,16.57,37.1,21577.59
21.9663,90.1356,155.6,1929.52,26.8,24.76,16.2,33992.92
19.8854,71.9586,166.7,2007.54,30.99,29.37,12.2,46183.71
11.9812,74.6315,36.5,2148.41,33.87,4.63,9.3,7613.93
16.8612,93.5924,149.4,1974.24,33.58,27.41,18.7,38328.36
19.7185,68.5835,30.3,2043.92,29.82,4.17,27.1,6420.4
10.3922,89.8291,30.3,2105.8,30.29,4.86,19.7,7194.22
13.9565,81.7394,24.0,2080.28,28.92,4.69,19.0,7321.66
24.1521,80.9564,117.4,1964.2,29.2,19.46,26.1,29395.31
27.8629,68.2058,39.4,1791.12,24.92,6.06,20.7,7952.19
34.9554,91.7625,60.1,1669.25,23.74,7.25,26.4,9587.73
33.1941,78.4349,96.7,1793.84,23.89,12.64,35.1,18454.37
25.3493,83.6822,383.5,1819.09,26.86,63.77,26.1,90780.24
19.3737,87.6417,99.4,1964.49,29.69,15.85,26.3,23819.63
25.1768,88.3763,40.2,1935.28,25.54,6.0,21.6,8291.84
29.2126,95.7234,44.5,1982.5,25.42,8.62,20.0,13820.78
11.1951,83.4089,40.6,2190.92,32.39,5.95,9.7,9777.35
19.0674,79.5919,111.6,2038.6,29.28,18.19,28.5,26337.08
30.6747,95.6574,135.4,1834.32,24.15,22.4,36.6,31818.35
18.3635,86.6212,140.1,1927.6,29.88,22.72,9.0,33769.52
23.4406,76.6464,31.7,1931.32,29.9,5.01,30.9,7418.35
23.8698,71.6675,67.3,1911.96,27.6,9.89,23.3,13780.88
12.9809,92.4341,131.8,2136.07,34.81,25.4,10.3,41857.75
17.7804,78.5033,224.8,2033.27,33.67,35.09,14.7,53064.71
17.0318,87.1536,142.9,2067.8,32.65,23.19,18.9,36955.46
8.7073,81.6537,20.7,2162.35,35.75,3.57,9.3,5521.26
8.6532,73.769,47.6,2192.93,35.36,5.97,11.8,10203.54
30.4558,85.4489,37.7,1697.57,26.63,6.88,31.9,9092.93
15.3729,69.7598,127.5,2041.7,31.86,20.52,8.3,32951.56
21.9881,79.9869,89.8,2059.48,30.67,15.51,17.1,22153.53
16.0656,83.8518,49.8,2080.32,32.6,9.04,22.9,12955.68
33.3983,80.6454,26.8,1741.16,22.85,5.1,36.7,6834.41
15.001,89.7115,27.9,2225.67,33.64,4.23,14.0,7586.24
19.6007,92.0098,168.0,1882.32,29.96,31.07,13.3,48164.73
31.5637,90.366,48.2,1687.1,24.18,6.78,21.7,8300.88
30.7322,69.1256,33.7,1927.84,23.82,5.82,27.0,8716.8
13.0247,73.6297,40.2,2113.23,33.07,5.16,5.0,8094.92
29.6714,83.5616,40.6,1790.51,27.24,4.94,29.3,7075.34
20.371,95.1098,137.5,1881.38,31.21,17.55,26.8,25719.35
21.0402,92.2137,382.7,2001.09,29.84,55.71,16.7,79483.94
11.604,92.4335,36.9,2178.69,34.58,4.51,18.6,7240.08
10.1762,76.793,121.0,2073.27,36.56,20.63,14.3,28271.86
27.6544,80.454,42.5,1835.0,25.86,6.18,20.2,8966.28
21.4045,81.6505,215.1,1931.88,26.74,38.48,24.3,56115.37
19.795,72.5638,23.3,2008.17,32.29,2.88,12.8,4029.56
27.6967,68.901,22.2,1755.92,25.08,3.06,30.8,4219.84
28.6688,95.4602,87.4,1928.12,24.32,13.34,21.5,19321.83
12.2905,74.9807,34.9,2196.04,29.48,5.26,10.1,9345.99
24.4761,74.9585,38.5,1874.38,28.73,5.02,25.8,6879.59
11.6546,70.418,145.8,2116.9,30.11,29.09,5.0,51236.58
28.2871,94.9267,83.1,1823.92,24.37,11.86,21.4,17271.05
25.7378,84.8124,42.8,1818.46,28.19,7.61,22.1,11219.93
33.8286,87.3441,103.1,1699.61,24.82,14.19,33.1,17816.34
9.8619,94.4357,72.0,2144.86,32.86,13.7,17.0,23664.49
9.5405,78.023,111.5,2301.3,34.04,16.84,5.0,26995.99
15.6191,86.0237,146.7,2138.59,29.83,28.18,12.6,45198.44
15.0661,69.1252,62.4,2147.58,30.72,9.2,14.6,16017.22
14.6684,73.4164,35.2,2109.56,32.53,4.25,10.6,6869.16
32.4689,92.1061,21.5,1670.17,22.99,3.48,35.0,4254.55
14.7377,90.2363,29.6,2075.4,31.48,4.8,9.9,7881.79
15.3426,78.1686,38.6,2145.47,28.77,5.0,20.8,8244.4
28.5038,78.9275,134.1,1730.27,28.04,18.61,28.6,24287.11
20.143,83.4731,41.9,2032.35,30.56,7.66,11.9,10685.63
28.9712,68.007,33.9,2008.33,27.15,4.17,31.5,6566.49
9.7649,74.9961,47.3,2253.18,36.79,7.52,11.1,12438.34
21.1644,74.0387,29.1,2076.16,27.43,4.72,17.9,7554.72
8.9076,75.264,125.4,2201.13,33.87,21.96,5.0,33089.57
9.6916,91.3713,34.2,2246.99,30.45,4.21,5.0,6967.27
32.4738,76.1105,139.9,1702.04,30.27,23.34,30.6,30885.87
11.7596,73.5541,43.9,2196.0,33.01,5.28,5.8,9403.2
22.3754,82.6236,465.5,1993.59,30.61,65.74,23.9,98447.01
19.0996,93.1037,225.0,2023.4,27.53,35.99,23.3,59516.34
17.3783,74.9991,116.8,2136.47,32.77,22.53,24.5,37002.23
32.2955,70.2776,408.5,1719.58,27.78,53.15,35.2,70690.27
8.5892,78.3357,124.2,2174.43,34.61,16.59,12.4,25394.7
25.9223,89.6819,326.4,1885.04,24.91,56.64,28.1,78750.08
34.0116,83.97,51.1,1649.42,23.02,7.67,43.7,9954.53
23.1245,91.687,241.5,1945.91,23.74,41.02,18.3,60053.39
33.2942,95.8282,82.3,1607.19,23.54,16.45,28.6,19821.99
9.411,90.9872,135.2,2258.36,36.01,26.9,5.0,44295.54
19.3074,85.5103,134.1,2000.2,29.84,19.88,19.0,30140.32
15.0243,82.3069,23.1,2031.89,31.27,3.71,6.9,5845.43
27.7322,69.162,48.5,1778.07,27.18,9.33,23.1,12330.49
34.495,96.5453,213.9,1704.32,24.29,27.24,34.1,37731.25
14.9263,79.121,32.4,2130.39,28.56,5.07,24.1,8254.3
25.6627,72.4146,71.5,1925.89,27.23,10.74,34.9,14243.63
13.3486,87.3346,45.8,2047.28,37.47,6.58,18.2,9982.42
23.2639,76.2444,42.5,1857.57,25.46,8.48,21.0,10557.52
20.5262,84.9876,273.7,2027.08,29.19,48.91,27.8,71041.08
34.2441,85.0163,388.7,1669.82,27.07,58.73,41.8,75866.83
24.4302,80.9262,68.4,1909.05,29.81,12.75,32.6,18151.91
17.4367,92.2474,31.5,2040.04,29.73,5.01,20.2,7070.08
11.0806,75.684,31.3,2169.51,34.03,5.94,5.1,8983.06
12.0837,81.0103,27.1,2195.16,33.16,3.83,5.0,5399.06
14.0836,83.5931,46.3,1989.46,30.77,6.38,22.4,8798.18
14.7761,87.2451,40.4,1925.14,31.8,5.64,5.9,8251.1
30.9666,90.7352,78.0,1741.2,24.11,12.72,26.9,16647.75
23.153,79.4494,27.3,2071.37,28.41,3.91,22.9,6279.21
22.1316,86.7354,51.8,2107.41,27.14,6.83,12.6,10818.84
11.0988,72.3677,30.4,2290.72,31.05,6.07,19.2,10341.5
31.2238,95.0468,35.8,1766.53,24.47,6.88,27.0,9858.59
27.516,79.1087,28.3,1706.14,29.65,4.84,18.1,6080.13
9.827,89.1561,395.2,1979.67,34.34,75.6,19.7,114012.09
27.1115,68.5899,91.2,1806.87,25.74,17.76,23.3,21617.73
22.6755,73.9504,29.5,1919.99,29.9,5.13,30.2,7770.79
10.2066,82.1254,143.9,2264.33,33.69,23.24,9.3,36960.11
20.3741,93.4693,242.0,2046.69,33.17,46.11,23.6,66726.4
21.0868,83.2904,89.8,1982.63,29.1,14.86,15.9,21468.02
12.4759,94.9662,88.2,2048.25,34.39,11.48,12.5,18605.57
33.5338,82.0301,27.2,1663.53,22.0,4.07,28.7,5032.5
30.9493,82.223,71.7,1807.24,25.68,11.17,40.0,14776.98
26.0636,71.4727,80.2,1930.62,27.42,15.63,17.3,21603.66
20.482,91.277,136.4,2006.67,29.27,23.57,16.0,36228.34
19.1177,75.162,418.5,1917.11,28.99,79.52,27.0,118498.68
25.5763,94.0888,40.4,1935.68,25.81,7.3,25.2,11907.74
22.7267,94.4139,33.7,1968.99,28.94,4.88,24.7,8212.25
9.6814,95.356,327.7,2084.08,35.5,58.17,12.7,92681.85
21.8376,83.0867,76.7,1888.18,28.52,10.4,13.3,14981.53
29.7729,87.6357,22.2,1863.17,25.78,3.39,20.1,4478.88
20.3995,90.577,29.9,1958.05,29.34,5.52,29.2,8836.51
9.4028,71.7994,323.5,2301.88,34.57,54.65,5.0,94124.29
29.2295,85.4278,21.7,1857.96,25.05,4.04,26.8,5727.69
13.4368,68.9946,22.6,2063.21,32.59,3.18,17.1,5003.11
14.9828,82.4294,27.9,2073.49,37.25,5.02,9.7,7357.08
12.4471,72.4904,278.5,2125.02,33.62,37.92,17.1,52842.82
16.9158,73.3048,287.7,1981.24,32.28,47.07,16.1,72459.94
28.4323,78.5864,61.8,1759.21,26.68,9.56,35.6,13606.96
22.0234,80.5407,72.6,2003.69,28.16,11.94,17.6,18686.02
13.5318,86.072,27.8,2168.05,35.1,3.64,7.6,5799.85
31.7014,70.1584,22.0,1821.68,23.75,3.28,38.3,4593.68
31.7487,82.6071,82.6,1893.75,26.42,14.32,28.3,20992.12
31.5056,73.2961,22.2,1733.56,23.75,3.65,29.7,4968.75
14.4475,84.6453,41.1,2217.89,30.18,6.74,20.3,11183.08
20.1835,86.4847,88.6,1908.62,30.25,14.25,22.9,20626.16
34.5947,84.1446,29.8,1640.28,20.82,5.83,33.4,8144.69
28.8443,89.4106,62.7,1684.01,26.69,12.2,23.8,16047.93
8.7335,77.7327,72.7,2151.13,32.28,10.81,14.0,17421.59
9.7605,90.1881,73.3,2128.01,33.57,10.86,5.0,17725.04
20.5261,80.5502,49.6,2016.6,26.5,8.15,29.1,12824.47
32.5489,82.0414,45.1,1777.63,29.6,5.75,25.6,8024.14
22.5449,86.795,51.5,1842.75,25.15,7.43,28.6,10081.4
21.4409,68.5324,365.9,1926.65,28.97,50.66,19.9,72789.23
10.8478,86.9658,27.7,2119.02,36.01,3.82,5.0,5688.79
25.7331,85.939,186.5,1738.73,29.09,31.91,23.8,43941.05
30.1968,76.9856,120.6,1721.98,26.71,18.17,24.6,24688.14
18.2713,70.488,63.2,1953.45,29.74,8.44,11.0,11554.8
28.9415,70.6371,33.3,1937.74,28.28,6.36,23.7,9520.71
34.0409,94.7735,39.0,1746.58,25.11,7.4,41.4,10530.91
13.5017,87.9891,36.6,2153.94,32.95,6.92,5.6,10861.01
22.1299,71.686,49.3,1825.77,29.12,7.46,31.6,10311.74
15.7527,78.345,425.0,2155.99,30.9,52.94,5.9,87424.28
29.4071,85.182,43.2,1918.76,23.55,5.56,32.6,7742.78
23.595,92.2316,85.6,1759.42,30.46,12.16,30.7,16095.76
25.1337,69.2662,20.3,1835.17,29.91,2.79,33.8,4055.79
29.5437,74.8624,123.4,1851.87,23.54,23.44,22.4,32340.3
18.6912,93.8027,50.0,2059.11,29.88,9.94,22.7,16110.59
32.7074,68.2658,32.2,1700.99,23.59,5.96,24.9,7775.2
22.3918,73.8406,49.6,1916.51,28.46,8.84,19.4,12481.04
12.2648,95.8117,64.2,2075.44,33.21,10.72,16.9,16470.74
26.7893,85.7887,28.9,1870.63,28.44,5.25,23.7,7288.13
29.4181,75.5885,25.1,1910.25,23.87,4.92,25.7,6958.11
16.5526,69.9427,34.3,1984.37,29.46,5.76,8.9,8445.87
31.1438,68.8175,428.9,1863.48,27.06,56.78,22.5,79994.34
32.4659,75.0976,84.1,1697.08,23.07,11.19,24.8,14461.46
15.4764,93.5631,140.6,1997.61,29.11,23.44,23.0,34647.23
34.5551,80.0615,104.5,1787.5,22.08,15.33,24.8,21226.46
11.7992,88.8897,34.0,2205.37,32.63,6.55,15.7,11083.82
13.4544,94.6303,128.7,2169.93,35.66,21.74,18.8,32677.19
12.9741,79.8332,23.0,2005.2,34.61,4.01,14.3,5930.39
32.1377,73.547,43.2,1728.24,26.43,5.21,36.8,6206.77
25.6659,82.9964,74.3,1947.85,28.69,11.88,28.7,17477.79
12.1068,94.3344,78.1,2129.4,35.04,12.06,11.2,19319.11
19.8887,91.3269,38.0,1900.11,28.27,6.7,17.5,10008.18
24.613,69.9091,47.1,1937.63,27.13,7.09,33.4,10422.68
10.2535,88.0846,107.8,2102.25,32.01,21.37,19.7,34002.24
31.8252,84.585,114.9,1914.71,23.86,19.95,34.9,29755.97
29.6973,94.3164,43.3,1933.04,26.6,7.48,23.6,10630.6
21.6406,71.552,27.8,2002.8,29.13,5.38,20.6,7780.07
34.1124,83.487,439.5,1838.86,25.87,87.74,34.0,123732.25
19.2795,93.5044,91.8,2002.15,27.64,12.47,24.4,18243.31
34.571,79.8907,211.5,1782.96,24.04,39.09,37.9,53698.0
26.0338,81.9779,30.5,1993.61,24.39,4.06,26.3,6167.67
25.1361,70.0434,27.4,1911.19,27.48,4.29,28.7,6394.58
12.4808,76.0662,26.9,2098.93,34.46,3.44,5.0,5310.0
31.812,77.4107,78.3,1635.01,23.86,13.29,37.3,17118.49
19.5422,95.4086,25.4,1985.59,30.91,4.0,13.8,6075.45
12.3803,76.1974,40.0,2187.03,31.11,6.82,15.5,11142.29
8.3404,81.3652,37.4,2269.52,31.52,6.52,5.0,11062.41
23.1134,87.4678,114.8,1968.31,29.31,19.47,15.4,29416.39
22.2398,72.7033,30.3,1900.38,32.08,4.35,13.0,6835.71
27.4225,82.1068,127.0,1692.25,24.27,23.74,35.6,29137.89
32.037,89.4176,195.4,1727.72,26.63,32.07,34.1,42756.47
10.144,93.1388,107.1,2137.06,34.12,17.05,7.4,25533.36
27.7504,86.1615,28.3,1819.46,23.44,5.62,33.5,7878.7
13.0601,87.4026,334.7,2158.4,30.46,47.75,15.6,75408.99
31.1708,71.6622,29.7,1941.78,24.6,4.82,33.6,7215.66
30.1147,95.4275,43.7,1811.82,24.24,7.63,29.9,10891.17
22.6014,71.8446,461.9,1919.84,25.8,60.06,12.8,84873.35
27.1766,90.4655,42.3,1834.08,22.98,6.27,22.3,8116.35
16.4875,75.6797,67.6,2057.18,29.49,12.44,8.7,20507.58
20.7215,95.0742,28.2,1904.75,29.66,3.92,24.0,5897.14
30.1842,88.8788,141.9,1810.3,25.0,22.63,25.2,31266.39
20.4002,89.8606,93.7,2012.86,28.42,15.97,19.4,23553.67
17.6606,74.3527,48.2,2042.88,31.06,8.38,14.7,12969.94
21.3437,80.8482,89.2,1996.42,31.08,15.91,14.2,24082.52
30.3627,85.9166,145.2,1832.17,25.73,27.48,39.5,39546.8
17.0506,90.3292,47.8,1895.34,30.68,7.23,25.7,10612.49
12.6916,71.0148,39.8,2166.5,34.74,7.03,5.0,11739.21
27.2244,95.9086,20.3,1800.28,24.43,3.62,33.8,4560.04
30.3014,93.8164,90.0,1710.91,24.51,12.97,30.1,17066.11
10.7172,75.8401,141.1,2062.73,33.38,27.87,16.2,44743.61
14.4766,91.86,459.8,2118.1,29.61,87.0,7.5,131751.15
11.8332,83.0314,25.6,2113.2,32.44,3.67,5.0,6099.48
17.3944,81.3924,32.0,1896.34,26.62,5.56,25.2,8701.38
20.1595,77.1186,45.1,2019.37,33.35,8.0,28.1,12597.31
28.2183,84.8481,37.3,1720.9,24.03,5.77,27.5,8016.01
25.581,89.1668,134.7,1894.73,30.26,25.48,33.0,35238.91
24.7651,79.9171,439.3,1917.31,27.53,76.97,28.1,114386.47
17.5141,86.2474,47.2,2099.59,31.85,8.15,11.2,11878.94
30.7191,88.2801,191.0,1933.59,23.8,26.3,27.3,37906.61
20.7248,88.6225,24.4,1861.78,29.69,3.72,13.4,5000.78
34.4358,69.507,179.0,1719.96,24.4,27.69,39.9,36737.84
25.1218,92.9327,48.1,1869.7,28.62,8.59,34.8,11751.27
11.4091,81.2893,316.3,2173.34,35.02,53.61,12.3,88134.11
26.2568,75.6101,21.9,1888.63,26.05,2.78,29.4,4217.33
16.7778,75.0112,262.5,2013.8,30.09,37.97,21.7,55522.16
26.5308,82.0074,30.5,1831.17,23.47,4.82,21.0,6862.55
9.8803,93.7181,44.3,2076.84,35.2,7.92,6.6,11931.87
12.7218,78.9721,42.1,2194.04,35.04,7.55,11.0,12453.84
31.1049,89.742,40.7,1820.85,27.83,6.48,33.0,9357.7
14.1338,70.8077,52.2,2163.01,32.85,6.75,21.1,11296.1
30.6001,81.8056,468.7,1768.37,23.3,67.23,25.7,95069.81
15.5405,96.7589,71.6,2011.72,28.21,10.04,15.0,15845.96
25.3578,90.3427,112.9,1801.29,29.27,20.6,30.4,26029.57
26.7421,74.1053,21.9,1891.36,22.97,2.94,18.5,4033.63
21.8417,82.5418,58.2,1867.67,28.09,9.14,22.1,12598.72
16.2434,74.7751,20.3,2199.51,30.84,3.52,9.1,5875.52
13.7414,79.8773,348.1,1992.04,32.28,68.63,14.5,96622.14
8.8961,90.6224,38.9,2205.76,34.67,7.77,14.3,12858.13
16.2066,90.3655,55.0,2177.63,31.58,10.8,10.9,17811.84
25.6354,74.6149,28.7,1930.49,22.23,5.1,32.6,6865.94
33.3342,94.7445,45.5,1758.04,23.63,8.18,30.0,10559.47
31.5225,85.1845,23.0,1699.12,19.96,4.16,25.3,5808.3
28.6837,79.0178,26.5,1717.15,27.16,5.01,28.0,6870.04
29.2881,82.5561,32.7,1878.42,24.31,6.42,36.8,8827.48
25.9546,85.5471,45.3,1997.31,22.61,7.05,17.3,10242.67
15.0277,84.2368,75.5,2038.39,30.21,11.57,11.6,15642.03
32.4943,82.1057,49.9,1667.98,22.84,7.83,35.6,10929.65
26.1098,82.6431,274.3,1677.37,29.23,47.4,23.3,60569.05
23.1319,73.1159,31.6,1849.16,28.58,5.75,14.5,8714.22
10.9967,91.5693,23.7,2136.97,34.34,4.49,7.6,7063.5
20.0705,83.711,118.0,2110.66,31.93,18.47,26.5,29404.81
20.4297,71.8013,74.3,2030.12,29.21,11.08,29.8,17512.04
31.3432,90.2186,38.9,1804.23,26.0,7.72,22.1,11384.11
22.7595,95.0409,72.3,1902.32,29.73,10.02,24.1,14889.97
18.2708,95.4719,31.6,1968.47,27.81,4.36,10.4,6463.29
34.3736,78.7015,135.7,1837.73,26.08,24.04,38.0,33987.08
10.9895,71.93,123.9,2162.25,30.81,16.65,5.0,25526.73
19.4088,83.0336,24.6,1826.43,31.7,3.74,9.7,4938.17
9.1347,71.2657,110.8,2125.69,31.46,15.88,14.7,25288.3
27.9774,95.0856,112.9,1771.75,27.21,15.07,19.5,21504.64
32.7881,73.3238,22.7,1710.11,27.57,3.78,28.9,4825.9
15.561,75.3302,96.6,2108.93,31.17,14.48,24.7,23793.11
31.1752,79.7925,241.2,1774.25,24.06,37.87,40.9,50865.64
15.8899,79.1118,96.7,2051.83,32.67,13.12,9.1,21179.72
32.5908,91.0452,43.3,1862.44,23.28,7.86,33.8,11842.62
28.357,81.2332,205.4,1777.86,29.48,29.82,29.5,41700.41
29.7325,72.9523,23.7,1957.95,25.6,3.49,28.8,5561.33
8.4862,75.7491,28.1,2137.54,34.14,3.94,17.0,6424.57
33.9959,82.7643,48.6,1739.21,22.22,7.52,39.1,10697.97
27.6201,72.2762,124.8,1824.34,24.31,19.6,32.9,30457.92
16.2283,85.738,156.8,2061.76,30.04,25.46,11.6,42762.3
30.3937,84.4067,90.1,1832.48,24.22,17.79,29.1,25999.05
15.6011,88.7264,240.1,2097.89,30.6,46.19,15.3,72202.24
31.5644,95.1934,39.1,1715.59,23.08,6.61,27.5,8966.98
11.0397,94.4554,33.8,2055.45,37.83,4.16,5.0,5614.28
26.9995,95.4362,146.4,2058.26,24.39,24.75,19.5,40552.72
22.5989,75.0968,226.6,1898.5,28.72,28.82,16.2,39050.77
10.6064,71.8154,108.8,2209.02,35.01,19.24,5.0,33044.34
14.5311,76.766,41.0,1953.83,33.32,6.2,9.4,9883.39
8.3349,93.9575,44.8,2171.6,34.73,8.37,5.0,12510.69
20.6567,96.1896,32.2,1962.0,28.82,6.29,19.8,9429.81
16.1342,92.9204,40.6,2091.41,32.24,6.23,16.3,9337.99
24.1557,71.1905,29.1,1691.4,28.26,4.56,20.3,5362.17
16.0254,95.4754,302.4,2068.83,30.87,50.57,24.2,77327.36
16.0978,80.2774,139.6,1962.26,28.23,18.95,17.2,29444.21
28.0662,68.27,145.0,1864.76,25.03,28.16,33.8,41765.09
9.2999,80.8294,41.6,2093.7,32.12,6.43,17.8,10018.42
32.3782,69.336,31.2,1692.75,22.7,4.16,25.6,4979.3
31.0111,83.7725,132.0,1763.91,24.71,23.9,29.6,32980.5
26.0307,77.8181,159.1,1791.26,27.6,21.87,24.7,27869.44
24.017,81.7296,60.3,1873.65,31.35,7.93,21.1,10397.3
32.0922,85.7819,381.5,1670.87,23.08,62.96,22.3,76247.51
13.0039,93.1952,79.1,1963.28,34.3,13.75,19.3,20932.68
10.1322,87.1951,48.5,2243.06,34.65,8.04,5.0,13678.35
14.4668,80.5874,33.1,1979.91,34.68,5.71,24.4,8357.29
29.4536,91.7634,92.9,1799.54,26.5,12.01,34.9,15771.38
8.9361,94.2619,40.3,2243.38,32.56,6.38,10.5,10565.41
23.7358,71.473,43.0,1867.56,24.47,6.39,16.8,8508.84
34.8768,83.4261,34.3,1650.2,23.53,6.78,35.2,9368.48
31.1038,76.2508,26.4,1802.23,23.55,3.28,26.3,5073.36
22.079,69.3648,420.7,2036.01,26.7,60.52,17.1,96654.67
9.7183,87.3879,29.6,2075.53,31.69,5.78,16.3,9253.39
30.4471,93.0204,25.3,1783.94,25.22,5.02,28.1,6873.98
24.1724,72.7242,113.2,1770.3,30.74,21.05,23.2,26022.65
11.1032,91.56,59.0,2112.69,32.79,7.44,18.0,11143.12
10.5341,92.7485,147.1,2157.12,35.04,24.26,5.0,37632.46
32.5599,94.5159,371.3,1689.55,23.74,56.45,34.5,72910.04
26.0684,75.6933,148.6,1838.21,24.29,27.42,27.6,38034.0
30.3907,94.2146,83.9,1684.31,26.39,10.44,28.9,13610.41
31.7324,77.2992,49.1,1778.98,22.13,6.67,38.3,8786.24
23.4379,84.0178,24.4,2006.57,28.1,3.88,32.3,6470.88
21.9711,69.4647,54.1,1860.75,28.03,7.17,21.3,9558.56
19.6215,69.2726,53.3,1941.0,31.56,9.35,18.7,14358.13
16.5576,88.8908,312.7,2086.17,29.03,58.06,16.6,91723.5
19.7341,80.8899,58.3,2085.75,30.5,10.28,24.2,16510.82
28.8948,75.4325,101.2,1704.44,23.92,15.71,32.3,21292.3
24.2519,73.522,29.8,1893.96,26.66,5.67,18.7,8246.35
32.0981,87.4287,30.1,1788.88,16.89,3.94,23.4,5214.28
19.9713,68.0116,39.1,1976.35,33.8,5.5,29.0,7827.56
24.3914,91.3708,24.9,1706.81,28.72,3.96,19.6,5162.27
25.0453,70.2982,43.0,1933.27,25.79,5.37,27.8,8047.43
23.9758,73.5532,37.5,2033.98,25.56,4.78,30.5,7037.91
26.9711,79.2009,141.5,1867.85,25.47,21.48,23.0,32853.83
14.4107,82.0609,86.5,2002.12,33.55,16.91,17.1,22143.24
21.8338,78.2949,148.3,1909.94,24.99,28.57,14.0,41042.72
10.8141,77.3007,37.3,2290.94,33.45,5.86,20.2,9379.27
18.3818,95.9536,49.2,2085.92,33.87,6.46,9.5,9958.8
21.167,86.6058,159.5,2014.2,26.81,21.41,19.9,34960.98
25.6101,68.6796,41.8,1911.53,27.24,6.28,26.3,8607.82
33.6643,80.4751,435.8,1685.15,27.86,59.62,39.5,85077.37
24.2176,93.3753,21.6,1892.04,28.97,2.73,16.6,3913.96
28.077,76.7422,107.9,1832.38,26.22,18.76,26.9,27094.99
21.6692,70.7421,44.1,1997.92,29.86,7.34,17.7,10283.53
25.1208,89.9932,36.8,2012.54,26.49,5.28,21.4,8127.02
9.9152,85.5744,21.9,2254.99,36.74,4.0,15.5,6913.42
14.8686,84.5391,119.3,1962.81,31.11,21.73,5.0,31825.09
17.77,69.5537,21.8,2042.06,26.69,3.48,22.8,5461.34
20.7573,72.0745,131.7,2029.31,28.48,16.83,27.0,25713.01
9.2325,86.0539,21.3,2227.32,32.51,4.12,17.3,6308.63
11.7807,74.0269,24.1,2081.61,32.74,4.18,14.3,6075.23
15.474,82.618,246.3,2298.6,31.12,34.42,12.1,63084.48
34.2314,83.8016,371.7,1625.67,25.59,62.75,32.8,82520.28
16.9464,76.2217,147.6,1952.31,32.36,22.5,26.3,33981.2
21.0151,95.5043,23.5,1984.42,29.67,4.02,28.6,5720.99
13.2946,92.4315,24.3,2274.04,32.61,3.83,12.6,6520.44
24.4911,88.9488,279.1,1836.27,25.46,44.33,33.4,65490.91
15.5784,70.2618,45.1,2042.32,27.23,8.06,22.0,11712.09
13.5888,71.0778,96.7,2185.59,32.71,16.36,21.6,27869.33
21.9475,82.2907,29.6,1947.52,30.31,3.75,25.6,5352.51
8.1487,72.6607,346.4,2170.56,34.72,43.38,15.3,66120.81
8.2069,96.3697,27.8,2241.53,33.84,4.02,16.0,6610.14
13.9149,72.5971,32.0,2115.33,33.27,4.95,5.8,7273.64
8.9915,82.1366,83.3,2264.59,34.39,11.82,18.3,17681.06
10.9167,78.5595,431.4,2250.82,37.06,74.26,7.6,123313.16
17.1492,86.5422,473.5,2059.87,33.35,64.21,15.9,102015.94
29.6698,71.7421,126.0,1833.28,27.17,22.21,35.5,32812.23
23.4453,80.4792,93.9,1939.11,29.57,17.08,26.7,25873.07
21.842,75.9664,100.4,1989.97,26.19,13.05,29.7,21618.38
15.9242,93.7448,62.5,2061.78,32.76,10.76,13.9,17801.19
33.1574,69.177,411.4,1747.12,24.43,81.01,30.6,113858.56
18.7194,94.4981,37.9,2102.78,31.39,5.13,9.4,8155.36
10.3515,92.1568,140.2,2278.96,34.93,27.03,9.6,48868.69
24.6608,76.6296,70.1,1779.5,28.41,11.8,29.1,14174.49
11.0736,90.8894,126.0,2145.48,39.02,21.07,7.1,32096.46
17.321,68.9052,389.6,1977.13,30.65,48.37,16.6,65984.67
21.7001,96.0391,28.0,1928.52,30.71,5.03,16.1,7510.14
31.604,83.2713,40.0,1807.33,23.44,6.33,37.1,8504.34
21.3258,76.7951,47.7,2013.69,30.58,8.48,12.5,14592.67
26.961,78.5149,47.6,1849.73,28.35,8.78,31.1,12024.47
34.8061,69.9258,41.6,1564.42,23.67,6.73,32.4,8239.72
11.5502,96.6911,166.8,2058.89,36.74,23.54,5.0,34609.95
15.4178,69.1395,137.2,2138.2,29.89,18.02,22.5,28135.61
18.6536,86.9923,380.2,1789.0,29.23,50.51,18.4,64923.34
19.3894,80.8393,29.3,2089.99,30.3,5.55,21.4,8239.53
19.0976,95.5186,215.5,2041.94,31.77,28.0,23.7,38122.26
32.5055,75.134,61.6,1864.2,24.33,9.29,35.6,13784.4
27.2789,83.4305,21.5,1837.09,28.9,3.16,31.9,4302.43
24.4134,81.9883,125.4,1739.65,26.29,23.73,29.7,34577.78
16.3531,88.3831,232.5,2084.07,28.96,36.79,18.1,54901.09
30.2423,69.9723,20.7,1901.61,25.61,4.14,27.6,6524.91
33.7866,73.6199,89.7,1809.82,23.24,16.06,28.6,24245.96
30.1724,74.2224,318.9,1747.88,26.11,59.98,38.2,84515.71
8.0423,89.4064,25.1,2206.18,34.93,3.21,17.4,5215.47
25.1828,73.485,54.4,1848.08,26.59,7.63,22.3,10652.26
9.3807,84.6313,25.7,2109.61,34.23,3.36,5.0,5590.05
14.9554,74.2421,40.4,2151.23,31.93,6.34,9.4,9768.78
9.6072,92.9871,58.2,2075.27,33.67,10.33,13.0,16192.54
24.3025,95.3234,36.7,1835.05,27.26,4.89,17.8,6785.05
26.5379,83.0363,64.6,1778.0,25.85,8.43,32.1,10944.84
11.0912,78.217,25.9,2025.14,35.32,4.38,19.6,6554.53
18.3636,74.7877,31.8,2025.17,30.72,4.4,27.6,6847.19
20.3184,69.4436,60.1,2071.19,33.97,9.51,10.5,13707.23
17.9644,75.7865,25.2,2005.85,30.84,3.13,27.1,4758.27
11.2677,86.9728,30.5,2020.72,32.43,5.32,16.1,7125.09
19.3116,83.4749,83.0,2063.59,35.25,13.55,11.0,19323.94
28.2818,95.3772,412.2,1969.78,26.7,70.82,26.6,105061.66
9.9172,79.492,176.2,2113.79,36.12,25.02,13.9,39640.12
10.1649,88.122,136.0,2122.75,35.21,19.36,19.3,31203.36
17.5788,82.1904,435.7,2068.83,31.94,80.21,10.9,123818.03
33.4266,82.8647,418.1,1872.07,24.63,74.21,26.0,109105.05
26.0515,75.7655,29.3,1833.49,24.67,4.87,25.5,6906.33
26.3241,81.1936,44.7,1763.57,27.49,7.61,35.7,10276.74
17.7718,81.6528,25.5,2074.62,27.95,3.25,27.2,5138.91
24.0288,88.4926,23.7,1975.41,27.44,4.47,18.6,6538.19
8.2735,95.2786,165.7,2195.57,33.43,30.1,5.0,48444.67
25.1746,77.5503,143.9,1846.21,27.99,24.07,33.3,34411.78
32.6587,69.2238,80.8,1835.69,24.57,15.63,37.4,24104.66
24.5395,82.3926,47.5,1944.53,28.52,6.34,34.0,9767.91
31.5899,83.7894,28.2,1713.91,24.96,4.93,39.5,6072.88
27.5473,72.8848,47.2,1852.08,24.99,9.31,21.8,12476.02
11.2551,90.0535,466.4,2033.27,33.01,67.53,16.4,99317.93
32.3662,96.5629,47.7,1816.28,25.88,5.78,23.3,7978.07
9.794,95.4275,323.7,2146.73,36.33,57.87,16.2,90964.26
22.4171,73.7161,46.0,1905.63,26.22,5.54,24.4,8649.63
11.8377,93.3855,145.1,2128.29,30.21,27.54,21.0,46359.7
8.3161,88.4303,82.5,2197.54,33.4,10.27,17.5,16546.94
19.3949,81.1616,296.6,2066.49,31.96,51.08,10.4,76996.82
15.9661,83.6777,41.6,2103.9,33.85,6.24,9.2,9926.61
21.122,92.6384,29.0,1951.29,27.25,3.95,20.8,6268.7
23.5844,81.9239,42.6,1980.57,28.6,8.18,31.2,12507.4
9.181,78.823,175.9,2210.8,38.14,31.6,15.5,49561.27
11.3211,82.3042,35.7,2106.09,34.34,5.26,20.6,7838.88
23.0833,84.7948,23.7,1918.52,31.06,3.38,25.4,4628.38
17.2655,73.4833,79.3,2021.36,32.83,14.19,12.4,21562.37
27.6877,94.1263,75.9,1886.04,24.32,14.18,18.2,20954.23
25.6119,87.5514,133.9,1853.62,26.69,23.73,20.1,34741.64
30.8313,86.3648,217.7,1757.8,24.8,37.28,34.3,53532.96
26.6973,70.8854,130.8,2020.95,26.79,18.09,35.2,29629.09
19.6081,85.521,427.9,2066.23,31.61,80.54,16.0,116419.28
26.1701,71.5079,99.9,1812.09,27.64,17.98,33.7,25075.62
15.4353,70.2822,27.0,2111.84,25.78,4.36,13.3,7270.59
16.2705,83.292,229.4,2060.6,28.65,36.92,12.4,57586.97
29.3026,79.6808,96.5,1847.88,21.04,15.97,29.5,22402.61
20.0533,85.0755,20.3,1994.03,29.93,3.77,18.9,6141.93
29.5563,70.5874,103.1,1907.16,25.78,18.5,37.8,25965.87
30.2054,80.4985,48.6,1827.95,25.57,9.16,29.6,11579.77
31.1542,73.0688,24.6,1778.26,22.66,3.96,26.7,5475.46
32.7492,96.6259,107.3,1837.89,25.21,18.24,39.6,25284.62
19.6366,84.2734,146.2,2009.2,31.2,27.53,29.6,44607.23
16.6094,87.9357,136.1,2054.75,28.62,18.85,19.6,30231.9
23.7194,77.4371,45.5,1942.17,24.99,7.08,18.7,10403.86
18.0217,70.7474,437.6,2012.12,30.49,74.25,12.8,111082.67
24.229,96.3003,29.3,1908.62,31.28,5.66,15.4,7913.16
27.0508,76.3015,46.7,1810.15,29.83,5.67,18.6,8500.15
26.5869,80.2904,48.2,1805.34,27.76,6.61,34.9,9279.08
18.1129,86.8461,34.9,1938.08,28.99,4.84,10.0,6531.28
12.5052,68.7162,30.6,2007.55,34.75,4.48,12.2,6653.03
19.6243,91.4975,91.4,1920.39,28.86,13.03,23.6,18965.1
11.85,83.5608,267.0,2116.76,31.73,44.64,18.9,66323.16
32.0326,76.0683,224.3,1775.66,19.9,42.82,25.5,54034.72
17.3387,69.7866,111.8,2010.2,31.0,19.12,16.1,30018.34
12.1704,72.7125,36.9,1936.48,31.86,5.14,7.2,7138.74
8.6871,93.956,96.3,2313.6,34.88,18.2,5.0,33144.31
25.4372,87.8947,59.6,1973.05,22.55,10.16,21.5,15609.53
25.1964,75.2471,43.9,1926.13,27.6,6.04,26.9,8721.18
17.1963,69.9024,67.5,2187.07,26.0,10.05,7.5,14577.04
9.9362,88.0278,23.4,2086.96,36.3,4.29,8.1,7036.37
19.06,84.5998,38.7,2151.93,31.07,6.93,12.8,11299.95
16.4029,79.7311,89.9,1971.53,30.66,14.93,25.7,21321.67
26.2823,78.5447,56.0,1890.02,27.9,7.37,27.9,10210.02
24.356,74.2876,85.6,1803.68,25.68,15.76,31.7,23352.23
17.844,87.4187,43.2,2023.98,30.71,6.24,11.8,8947.33
13.8831,96.1494,111.5,2125.0,33.94,20.27,20.1,31207.14
34.677,73.0957,277.0,1707.44,16.81,47.59,33.0,66978.13
20.258,85.3164,217.1,2036.47,28.59,30.64,13.8,50455.88
26.5834,80.3014,39.0,1873.42,26.59,5.34,31.8,7549.39
11.7949,80.954,46.6,2089.9,32.9,6.08,17.0,9099.97
21.1109,75.3703,114.6,1918.66,32.01,15.97,31.0,22417.96
8.7435,91.9289,44.4,2251.49,32.42,5.89,14.4,10313.96
21.6473,82.0724,35.6,1902.05,27.62,6.04,14.6,9168.49
34.0285,83.7588,41.5,1804.72,19.46,6.97,30.5,9240.12
18.3736,76.8381,139.6,2111.09,33.35,23.3,17.4,37190.26
9.0529,73.2724,127.3,2047.55,34.03,21.82,5.0,30801.35
8.8358,70.4914,47.3,2275.59,33.75,8.76,14.6,15397.22
18.4756,88.7095,32.9,2176.27,30.18,6.36,19.0,10778.3
12.3207,73.6908,140.4,2142.39,34.33,19.44,21.2,29037.36
8.6305,88.0122,38.6,2236.58,35.41,6.45,10.4,11548.6
28.4178,79.3209,137.0,1915.44,31.11,17.3,28.9,25602.64
20.3801,80.0575,21.2,1955.12,30.34,2.75,11.8,4043.69
15.8096,81.6061,39.7,2074.01,30.56,6.85,8.8,10512.24
32.3022,78.6635,45.4,1657.42,22.94,7.22,39.3,9209.75
11.1358,70.918,67.4,2154.65,32.8,12.18,20.9,18880.11
33.8098,76.9793,116.2,1775.27,20.38,17.9,32.1,24184.94
16.4771,87.2483,44.7,2088.71,31.27,5.83,22.7,9646.37
31.9869,87.3077,28.6,1853.47,25.77,5.43,34.5,7574.68
24.2795,76.3005,32.2,1844.99,26.45,4.07,33.5,5513.74
30.3211,81.343,107.0,1755.61,23.34,14.45,25.1,19479.12
34.5684,73.61,35.6,1873.41,26.08,5.06,35.5,7865.31
15.7869,74.1008,21.2,2047.81,28.64,4.23,14.0,6996.16
33.9507,68.6684,59.9,1748.89,19.19,9.18,34.8,12529.54
18.516,94.0056,60.0,2005.35,27.96,9.62,13.9,15562.27
18.4088,74.1105,27.9,1946.91,27.24,5.06,18.4,7655.48
17.1905,74.5985,27.4,2164.45,31.64,4.68,19.7,7311.85
22.618,76.1084,409.8,1894.66,27.7,76.76,14.2,106789.37
12.1619,71.6948,350.5,2034.9,32.69,55.69,17.0,90222.15
22.9502,86.5386,42.9,1894.84,30.58,8.49,27.1,13377.77
22.626,70.1791,57.0,1776.59,27.04,10.47,30.2,14286.97
28.5713,71.8919,98.5,1777.61,27.29,14.99,27.1,19921.2
30.5085,86.6979,263.3,1717.4,27.89,39.63,21.7,50773.48
19.8919,77.8502,45.5,2035.34,28.74,8.84,19.1,13266.52
16.163,88.5305,120.8,1999.19,32.8,21.11,8.9,30235.66
15.002,84.1653,136.9,2144.99,31.37,23.24,18.0,36214.6
13.2548,75.4246,21.4,2217.29,34.48,3.86,5.0,6238.68
9.5565,86.874,122.1,2234.48,31.16,20.13,7.0,34166.63
17.2461,71.3719,36.2,2016.34,27.55,4.8,8.9,7231.23
15.2967,83.5559,44.8,2079.95,30.93,6.51,5.4,9892.93
34.0933,80.6773,35.2,1608.32,21.48,5.8,43.3,7447.41
23.0581,75.7683,339.1,1918.25,27.19,41.18,33.0,58577.97
17.3765,85.5161,55.2,1962.39,30.34,8.55,18.5,12659.57
23.6726,93.2687,116.9,1973.44,29.39,21.09,18.5,31117.06
11.7583,96.9682,77.3,2338.17,32.49,10.29,20.0,19125.16
19.9892,85.6251,20.6,2024.18,27.96,2.58,28.4,3826.75
24.9083,79.7365,22.0,1736.36,26.69,4.11,32.0,5572.56
21.2002,74.531,145.7,1933.5,27.52,24.68,22.1,35372.05
18.848,75.4558,271.1,2014.53,28.25,36.37,10.3,55928.9
34.8339,81.9042,46.0,1723.98,19.7,8.5,26.6,11695.04
31.7685,78.6511,48.8,1713.7,24.44,8.42,39.7,11608.52
24.832,94.5006,48.3,1916.65,26.29,7.09,32.3,10109.01
23.3732,78.6806,46.5,1823.88,30.01,6.97,22.1,9139.5
24.7578,78.8299,46.8,1822.77,24.56,6.21,21.3,8410.19
13.4354,79.1225,78.9,2153.83,31.47,14.74,16.3,25066.8
18.6687,92.262,24.5,1926.71,33.82,3.94,24.8,6190.55
9.0654,86.8729,39.2,2223.88,32.64,6.45,13.7,11141.83
20.8397,85.8109,98.8,1859.33,28.75,18.84,23.2,25040.12
22.6617,77.6901,184.6,2077.28,25.97,22.38,17.3,36961.82
14.1492,91.7192,40.3,2027.37,29.54,5.06,9.4,7379.04
34.0288,69.1126,106.3,1713.59,26.38,14.13,38.5,18205.8
32.5553,93.2531,45.9,1784.45,24.29,5.62,38.6,7774.15
27.4979,82.8697,363.2,1803.81,26.49,62.71,19.8,87206.67
22.4014,79.5493,107.4,1952.25,25.13,18.33,16.1,27464.05
31.4892,82.4179,94.1,1823.22,25.15,12.88,35.1,17563.57
11.5276,87.3551,33.9,2213.35,35.73,4.47,9.3,7725.57
29.3438,68.3702,145.4,1879.13,27.69,19.15,30.6,26931.01
11.3702,93.275,63.8,2125.59,34.82,12.53,13.7,21064.02
29.4437,80.9554,33.4,1802.28,23.09,5.86,35.0,7608.36
15.4457,77.946,39.7,2253.91,32.28,6.62,21.6,11211.83
31.6814,72.0091,93.3,1849.73,25.68,13.6,27.3,18126.56
33.4891,80.7445,78.3,1667.45,19.94,12.11,34.3,15360.82
12.0175,82.3934,28.6,2135.68,30.95,3.64,5.0,5646.08
20.4922,79.7058,73.4,1948.33,31.15,14.66,27.3,22902.59
34.4867,87.6811,30.3,1712.41,24.83,5.47,41.4,7627.77
21.052,80.206,46.2,1866.7,26.03,7.83,17.0,11707.51
31.3158,95.8811,100.5,1747.36,26.1,16.79,24.5,22356.52
23.8958,85.379,27.2,2058.8,28.04,4.36,15.3,6801.45
18.1339,91.4169,31.5,2063.92,32.0,4.43,19.6,7337.72
15.7162,71.1713,23.2,1861.82,30.26,3.2,7.5,4593.43
13.487,79.5214,140.4,2198.57,33.82,23.02,17.1,37705.0
28.5686,77.7686,32.2,1916.94,27.43,4.05,32.1,6373.6
18.4366,84.515,493.1,1983.4,29.6,62.11,20.7,97488.93
21.8044,92.9723,30.4,2008.9,28.82,5.02,29.3,7662.51
21.2928,70.2718,133.6,1891.98,27.72,25.87,18.9,36625.87
23.5865,70.1047,27.7,1881.82,31.29,5.35,31.6,7265.36
31.3706,92.6592,57.6,1899.21,24.24,6.96,22.1,9885.34
34.48,74.1727,53.2,1701.62,21.24,6.84,26.7,9206.6
19.0048,87.3938,38.2,1852.34,28.62,6.36,17.2,9384.9
30.343,83.7435,29.3,1792.76,25.2,5.51,32.2,7102.54
28.6423,92.1539,33.3,1822.15,27.22,6.54,19.3,8082.71
23.4853,71.6276,44.6,2017.13,25.36,8.41,24.8,12533.43
33.8133,71.7637,27.4,1736.51,27.08,4.78,30.0,6216.99
13.4128,84.1477,80.9,2068.84,33.18,11.0,21.2,17773.78
10.9501,95.445,134.5,2230.5,34.61,16.93,11.6,27870.1
31.057,80.0349,34.8,1794.64,24.43,4.31,32.8,6091.7
19.857,77.4813,44.8,1926.57,29.7,7.57,28.8,11090.2
30.8682,85.594,31.2,1880.77,24.41,3.84,36.2,5272.62
32.1134,94.983,32.0,1781.45,26.18,5.72,30.9,8456.45
9.6864,92.2709,66.7,2169.88,34.23,11.81,9.2,18585.18
31.8535,96.869,141.6,1784.87,25.8,17.9,34.8,26540.23
20.1046,68.6545,46.9,1896.46,28.69,9.03,14.1,12842.38
21.7817,71.2729,49.5,1909.72,29.19,8.01,13.6,11248.95
24.918,85.6746,90.2,1895.76,25.78,17.36,21.1,23895.15
33.0123,91.7967,44.6,1734.2,26.18,8.56,38.6,11443.69
8.5161,76.2721,32.4,2292.5,33.1,4.41,5.0,8400.76
20.8748,74.9371,95.4,1985.65,28.56,14.36,13.5,21882.06
26.5685,90.8223,133.0,1934.16,26.01,17.39,20.9,26035.74
27.5131,69.6351,25.3,1849.52,25.51,4.61,31.1,6346.79
26.6984,78.7121,227.1,1947.93,28.03,36.41,29.0,55883.15
11.6297,82.6685,29.4,2166.47,32.73,5.72,15.4,9334.06
16.0837,84.2501,128.8,2055.57,34.15,17.6,12.5,26811.08
17.6853,89.1298,31.2,2024.6,29.0,5.46,25.7,8485.05
29.7198,78.2905,85.8,1732.69,25.56,17.09,28.8,20891.97
15.5265,85.7678,499.6,2105.08,30.06,86.54,15.8,138404.58
13.689,84.9759,31.5,2094.38,33.28,3.96,22.7,5722.11
33.8511,83.8809,74.8,1694.52,23.34,12.49,43.4,16163.74
8.2393,86.574,112.3,2284.21,34.58,15.09,11.5,24677.37
34.9412,75.524,44.1,1615.04,25.25,5.39,43.8,6385.55
26.2742,70.4548,57.0,1837.27,25.47,8.36,27.1,11132.95
30.3687,71.4589,366.6,1879.58,26.11,51.8,26.5,78900.85
15.9547,74.5129,53.6,2082.06,29.88,9.81,12.3,14923.59
8.3865,82.5057,35.8,2189.21,35.05,5.36,9.6,8480.39
27.9225,92.3728,27.7,1861.48,23.64,4.95,30.0,7730.15
30.5219,88.3375,29.2,1808.96,23.54,3.54,29.3,5148.02
27.9929,90.8822,34.0,1718.8,25.84,4.12,35.7,4831.09
11.857,78.1783,142.7,2102.63,36.89,17.46,10.4,29033.92
28.3426,79.735,41.3,1963.16,26.05,5.68,23.8,9247.31
28.7609,79.4168,48.1,1773.56,28.97,7.21,18.9,10266.45
25.7806,73.5643,39.8,1854.49,27.44,6.71,35.2,9651.97
28.6851,69.7753,20.2,1784.34,24.92,4.02,35.2,5185.6
30.8399,85.1366,76.6,1781.92,27.8,11.36,33.2,15465.95
24.5673,96.6873,140.6,1855.14,28.42,17.5,31.2,22708.04
10.3923,72.8381,39.3,2195.88,32.64,5.33,16.6,8309.37
21.166,69.3539,49.4,1978.8,30.02,9.49,29.8,13205.03
10.0965,90.6064,24.7,2224.15,33.47,4.34,7.8,6997.83
19.0037,75.325,28.9,1917.86,26.07,5.3,20.1,7933.01
18.9919,92.0597,30.9,1974.92,31.93,4.01,11.0,5731.0
9.7823,88.4142,82.7,2149.86,36.39,10.81,19.1,16408.19
17.4182,95.4245,27.6,2066.92,34.44,3.55,27.1,5269.18
10.9969,79.8589,305.2,2082.6,34.5,57.56,16.8,95017.25
29.8224,87.1971,39.3,1880.45,24.68,5.37,28.9,8715.62
33.5876,81.4808,29.3,1834.34,25.16,5.03,33.5,7028.83
9.9525,86.2871,58.0,2085.74,35.82,9.35,8.7,14740.09
33.7881,81.0384,120.9,1696.54,26.67,19.77,29.7,24584.95
22.1096,73.4703,95.9,1903.47,28.56,13.01,22.7,19738.76
16.0883,82.729,344.8,2265.0,31.03,58.89,7.2,96457.64
10.0753,83.3289,33.7,2128.25,32.64,4.16,19.9,6266.25
21.5169,91.5075,139.0,2090.91,29.99,27.73,20.0,48535.46
29.4519,89.3301,36.8,1712.53,22.25,4.49,38.0,5507.54
27.0913,87.25,142.3,1777.18,27.96,17.65,31.6,20926.21
9.3561,71.2882,35.3,2120.66,35.57,5.16,5.2,8368.06
9.9683,88.8979,28.8,2096.91,35.28,5.37,5.0,8143.79
18.8776,82.5088,85.5,1982.77,30.38,12.03,28.8,17092.71
15.9728,93.9289,35.7,1999.79,34.48,5.63,21.4,9446.1
14.2744,94.6763,35.9,2021.51,33.92,4.36,9.3,6768.3
15.5871,69.5995,40.6,2156.11,30.37,5.13,6.9,8198.92
29.694,91.7986,72.4,1907.41,24.06,12.22,33.6,17395.15
33.0892,69.0932,380.6,1824.34,21.95,51.59,29.1,75065.68
18.9378,78.6479,127.9,2045.04,31.18,22.44,13.4,31352.01
32.465,83.7267,117.7,1767.05,21.99,21.51,37.2,28817.81
16.6804,72.2949,98.2,2003.99,33.26,18.46,20.3,27550.32
20.8638,89.6431,49.8,1892.2,31.86,6.5,20.5,9419.39
14.1028,68.2423,32.1,2119.19,30.5,5.03,23.0,7859.31
25.2929,72.8894,60.7,1794.84,26.85,11.88,28.9,15764.83
34.4325,84.8431,44.6,1644.7,23.14,8.11,42.3,10705.21
24.2943,88.7172,26.4,1998.94,29.44,3.41,18.1,4702.2
17.661,94.5826,41.4,2178.15,33.87,6.63,13.6,10582.71
25.4911,88.4594,67.9,1916.62,23.76,13.16,17.6,18802.48
11.3189,87.4816,20.5,2228.78,32.87,3.18,7.4,5559.15
31.9938,79.4359,66.0,1748.44,23.67,12.34,41.4,16062.5
21.5833,68.0372,87.7,1848.49,26.09,14.0,30.8,19967.23
20.1324,71.4846,60.7,2030.59,28.57,7.8,25.3,12187.05
23.8183,83.5021,219.2,1960.81,28.74,28.9,24.2,39494.9
24.8692,87.5788,42.9,1902.09,26.85,5.31,30.5,7662.75
9.9379,80.106,127.0,2145.73,31.04,17.22,11.0,25591.33
26.4307,89.1897,436.1,1945.22,32.45,83.51,16.5,121362.4
14.5322,83.134,134.1,2003.56,32.59,23.07,14.6,33678.65
27.2767,70.1511,92.0,1791.12,26.55,16.49,29.3,24109.45
30.2084,73.5685,46.0,1719.6,22.81,7.81,25.5,10324.52
29.7069,92.3599,102.6,1816.07,25.75,15.48,23.8,20645.97
22.9175,89.0225,34.1,1844.45,27.96,4.69,18.4,6971.61
22.0446,93.9481,401.5,1892.46,24.9,77.91,24.5,109217.28
11.8577,71.4092,71.4,2074.1,31.12,11.51,5.0,18586.94
28.9343,96.7165,426.3,1802.33,27.17,67.57,33.3,95094.28
15.3281,74.0728,92.9,1949.11,35.59,18.56,13.8,26404.69
21.4108,68.3416,23.8,1965.58,29.7,3.59,18.5,4995.46
15.6754,96.9253,23.6,2161.63,33.75,4.44,21.8,7531.12
11.6134,76.1511,207.7,2145.8,33.06,39.26,11.7,65158.76
24.9981,87.3726,46.7,2017.34,27.18,6.48,22.6,9646.6
9.467,73.1238,49.7,2280.31,36.52,6.34,17.0,10641.41
28.2134,84.8266,85.7,1898.38,29.23,16.97,25.6,25740.6
16.5748,94.217,28.8,2051.63,33.74,4.43,23.8,6731.39
8.0036,77.2853,71.9,2201.73,32.87,8.64,8.1,14538.73
21.8005,87.4374,44.7,2012.7,28.66,7.15,16.0,11427.61
9.265,73.4492,70.9,2145.9,34.99,12.02,11.5,20659.29
15.4566,86.1191,473.4,1915.18,31.13,86.21,11.2,123268.93
27.0884,77.7571,40.0,1895.77,27.19,7.82,20.0,10469.38
9.6926,74.125,46.9,2079.05,35.88,9.06,5.0,12952.64
30.6621,77.0823,36.6,1715.11,26.81,7.15,25.5,9025.84
8.1031,73.1864,391.7,2198.16,38.33,48.02,12.8,73246.89
14.6642,94.1556,38.6,2072.43,31.34,6.83,21.4,9655.51
28.0044,79.5184,44.9,1726.95,23.27,6.2,35.2,8986.92
16.5393,75.1131,133.6,2059.53,31.87,18.03,11.9,28512.7
10.7511,81.0038,37.7,2227.77,37.53,6.94,14.0,11047.23
17.7263,77.2955,371.4,1934.66,29.67,56.96,12.3,82849.63
15.3006,89.5882,472.7,2170.39,33.09,91.38,17.8,135317.76
30.7532,96.1654,143.0,1665.63,26.15,17.64,38.5,23571.45
16.4604,80.703,116.4,2217.1,31.58,21.44,7.3,31685.01
29.3012,92.97,20.2,1783.68,25.43,2.65,39.0,3664.52
32.0805,84.41,60.4,1778.2,22.32,8.11,38.6,10121.57
19.7131,72.5598,135.8,1837.8,25.17,21.48,24.9,29660.79
32.5685,88.0281,22.5,1752.8,21.72,3.42,36.4,4973.66
18.1876,82.8896,26.4,2034.9,29.63,4.2,23.6,5910.79
34.0301,86.8676,230.7,1724.56,25.48,45.03,43.9,58225.72
10.4108,93.8009,38.0,2111.56,33.71,6.56,15.8,10581.01
26.5495,80.7726,107.7,1790.38,25.61,15.42,23.6,21783.91
21.333,94.1342,28.7,2050.45,27.22,3.84,23.6,6066.62
18.4665,89.7694,26.2,2014.07,31.6,4.03,15.2,6254.77
25.0832,82.1695,126.5,2015.76,30.03,19.74,34.5,28652.32
27.0041,85.4934,48.1,1815.81,28.58,8.08,35.0,12073.42
8.1178,77.4419,55.3,2163.1,36.16,7.81,9.5,11528.19
12.5077,96.5243,24.0,2184.11,30.02,4.35,18.1,7554.13
27.2522,87.3532,39.3,1723.62,25.63,5.02,35.4,6628.66
25.9924,69.2716,431.6,1779.06,30.8,71.14,20.9,97875.23
34.0833,77.472,129.1,1818.3,25.51,21.94,35.7,32133.6
28.548,86.0761,401.9,1736.38,22.68,54.88,28.2,77018.0
33.6709,69.6337,460.6,1592.4,23.34,85.71,39.1,101144.99
26.9686,68.6926,226.1,2008.05,27.19,38.26,24.6,58125.71
16.0474,81.0507,187.6,1943.64,29.85,32.19,20.2,43824.06
10.8449,77.648,38.5,2163.52,29.1,6.15,8.9,9997.27
29.1092,80.7107,437.8,1825.56,25.7,84.39,21.3,118921.3
25.392,75.6181,37.5,1662.09,25.6,6.57,17.5,8548.75
9.301,72.7768,48.9,2155.2,32.85,7.36,5.0,12061.1
17.7214,87.9852,43.9,2060.89,29.92,6.1,8.4,8523.34
33.8336,82.9226,41.0,1763.34,23.11,5.16,34.5,6936.07
21.5108,73.8045,56.0,2029.09,28.9,7.46,24.9,11121.81
19.6837,77.2681,23.2,1958.69,27.97,4.63,12.2,6385.32
20.3579,85.1624,43.5,2034.56,29.0,6.64,22.6,9868.78
13.6398,70.0947,25.9,2043.34,28.95,4.98,15.6,7766.5
17.9551,72.2761,20.9,1907.97,31.14,2.79,10.9,4244.59
17.985,70.1241,141.1,1916.45,24.79,21.73,16.1,30782.1
9.4136,91.5572,46.7,2057.59,33.78,9.2,14.5,13236.51
28.7243,89.8199,26.6,1907.73,27.51,3.38,19.1,4689.72
19.2456,89.8461,43.4,1876.41,27.82,7.27,12.2,10471.23
30.1989,88.7734,21.4,1822.34,26.44,4.15,40.1,6038.56
30.9594,87.4122,78.5,1765.46,26.98,15.39,35.6,20640.79
13.7238,81.8328,38.7,2088.76,25.81,7.27,13.0,10929.12
25.7485,86.6261,42.9,1989.61,26.71,8.08,28.3,11594.73
20.7516,69.1125,20.3,1935.4,23.51,3.5,27.7,5253.7
31.7642,86.0225,29.8,1821.17,24.07,4.1,38.6,6010.65
13.825,90.5585,225.0,2098.16,32.36,40.16,10.3,68847.52
26.301,82.5104,50.0,1858.42,21.8,9.91,26.1,13681.83
24.4093,78.3679,117.1,2088.63,31.47,18.98,27.2,30080.5
15.9731,76.0454,90.6,1941.18,31.98,12.76,7.4,17355.8
11.6882,86.6413,22.3,2236.74,31.64,3.69,20.6,5825.08
25.5943,88.0912,359.5,1935.82,30.01,63.01,24.2,88291.57
27.9421,93.2581,114.2,1802.68,22.43,15.6,25.4,21620.88
16.5219,77.9277,131.6,2176.95,28.71,23.37,24.7,36456.98
25.4105,90.3234,28.7,1738.76,22.57,4.79,17.8,7203.76
18.6685,84.2793,148.1,1966.23,33.8,25.03,9.5,35184.44
27.2566,93.6023,33.2,1756.7,27.0,4.79,31.0,6756.63
13.3788,83.3066,28.9,2136.15,33.9,3.82,11.1,5894.94
32.0358,83.0113,84.8,1678.31,24.79,14.41,37.3,20655.16
15.7601,84.7584,331.9,2094.96,32.66,55.39,7.1,86917.23
17.9302,89.7301,48.1,2006.34,30.69,7.07,15.6,11186.35
9.5685,95.976,123.5,2133.42,34.84,17.75,5.0,27159.08
11.0108,70.1333,107.7,2176.9,33.86,15.92,15.8,26953.62
21.9283,69.5496,24.9,1927.8,27.52,3.96,16.5,5895.28
15.225,95.189,24.5,1982.86,31.66,4.85,14.4,7145.03
30.558,83.3664,35.1,2018.07,25.4,6.35,36.9,9260.17
8.3967,85.8322,122.9,2153.89,35.04,23.12,16.7,35921.04
18.2355,81.9903,125.1,1838.35,27.44,20.07,22.7,27663.03
17.1083,70.7161,26.8,1968.68,28.21,4.34,15.7,6835.49
8.5218,90.2746,60.0,2089.22,36.93,8.18,10.0,12492.33
11.3579,89.6695,88.4,2205.65,32.87,15.72,15.2,23406.87
19.1684,77.0394,141.8,2024.7,31.14,21.8,26.7,33887.1
21.3073,76.8809,36.4,1992.36,26.83,6.52,29.1,10458.99
18.9158,92.2974,82.0,1973.91,27.14,12.52,27.5,17066.27
22.3353,70.0984,263.3,1919.62,26.86,33.88,28.5,53870.84
24.0686,93.552,24.0,1881.09,27.32,3.21,17.0,4886.15
8.2679,75.4432,34.2,2188.68,33.55,6.32,13.2,9941.72
20.5306,85.1966,129.1,2041.28,31.95,18.17,26.8,26053.73
34.0145,95.1438,49.1,1758.63,23.65,6.92,41.6,9818.21
22.0139,87.6656,325.6,1987.76,32.39,63.27,30.5,86417.12
26.2936,80.0185,25.0,1910.68,27.58,4.32,26.5,6155.55
16.4203,87.9965,40.5,2119.19,26.39,5.23,19.5,7957.05
28.8978,77.9754,42.7,1846.89,27.71,5.61,19.1,7761.14
28.8689,76.0405,22.2,1853.07,22.59,3.14,30.3,4896.51
22.075,96.9038,45.5,2041.75,29.13,7.62,21.5,12139.21
34.3524,89.7729,132.9,1672.45,21.59,23.96,43.6,32371.42
11.3899,86.6969,34.2,2070.52,37.76,4.85,19.4,7126.25
8.4576,78.3034,346.1,2096.89,37.67,65.65,14.4,100599.17
28.7943,69.4257,121.3,1840.34,24.16,15.62,19.9,20556.46
29.7932,68.9006,40.3,1659.42,24.94,5.51,27.8,7057.34
11.2456,84.0713,20.5,2178.55,34.03,4.05,15.2,6310.97
15.1707,90.0989,62.2,2062.19,33.5,8.14,5.8,12192.67
8.4739,83.584,24.9,2282.24,34.85,4.75,5.0,7946.02
15.9193,92.3828,42.7,2003.7,29.39,7.52,23.7,11100.9
28.8748,68.9694,304.0,1807.99,24.17,38.26,21.5,58509.63
21.9849,78.6358,36.4,2038.05,28.7,5.77,13.0,9570.66
17.3986,74.875,43.2,2141.48,33.24,6.97,19.0,11997.54
18.037,80.9709,84.1,1964.92,31.34,16.36,27.0,25918.2
8.0365,70.0989,124.9,2213.88,33.44,19.19,14.7,33603.35
16.0946,95.6698,33.3,2077.85,32.65,5.18,25.6,7897.63
25.4544,74.4744,87.7,1915.71,26.37,11.32,30.5,16462.83
34.3032,94.7469,83.3,1705.54,24.94,14.26,33.1,19125.74
30.8706,80.3509,146.5,1890.84,29.76,20.05,39.8,27932.84
8.6371,96.5802,43.2,2037.36,34.0,5.45,7.2,7880.15
32.2611,84.0677,157.1,1729.61,25.69,31.38,29.3,42459.24
29.1464,94.9942,48.7,1855.2,23.99,6.9,28.1,9211.16
29.0702,68.1551,127.5,1857.32,25.29,16.74,35.3,23930.07
20.3659,89.6989,24.5,2085.63,29.49,4.31,28.7,6378.99
18.7461,94.1885,57.6,2102.43,29.78,10.7,15.9,16995.47
16.1787,72.0519,29.2,2029.94,36.25,3.66,15.4,5574.65
9.7738,70.7876,38.7,2272.06,33.59,4.97,17.7,8155.54
14.1624,80.3126,111.7,2031.95,33.4,14.2,5.1,19423.03
14.6583,95.0767,28.3,2154.62,28.14,3.5,20.3,5370.09
21.0701,83.7292,33.4,2109.58,29.98,5.76,20.2,9475.76
28.181,83.2962,71.2,1933.94,28.2,11.89,25.7,17084.93
20.7929,72.0927,55.1,1978.19,28.19,9.53,19.7,14876.73
9.5618,68.0229,35.5,2145.35,29.28,5.7,7.9,9333.82
33.8603,91.4941,30.4,1612.23,23.29,5.64,39.0,6961.64
33.4536,70.5397,340.0,1766.68,23.58,55.67,42.0,76475.09
29.2001,86.3816,144.7,1729.18,26.91,27.99,29.0,36180.91
34.7659,94.5239,24.3,1654.76,26.98,3.86,41.4,4941.06
22.701,74.0509,50.2,1840.12,27.62,9.2,27.3,12614.01
33.9947,87.2929,57.7,1695.26,21.59,8.8,30.6,13155.77
10.0413,70.2823,33.9,2161.02,31.75,5.25,11.8,8079.78
17.8734,85.5089,41.2,2044.17,30.95,7.74,21.2,11713.56
14.0853,72.754,37.4,2042.42,33.22,4.81,5.0,7094.59
13.2875,89.3427,323.2,2190.37,31.53,53.39,11.2,82312.16
11.8017,76.7357,30.6,2114.91,34.85,5.45,21.7,8685.27
24.8052,81.4383,29.3,1834.49,28.37,5.27,27.6,7219.83
29.0957,85.3835,281.7,1838.38,25.59,47.13,25.8,58807.95
23.6141,72.9669,38.3,2076.03,26.17,5.98,18.6,9823.57
11.968,89.5075,66.8,2155.39,32.25,9.41,6.2,14613.43
29.9003,76.7766,43.1,1776.77,20.29,8.32,27.9,11617.36
25.1708,87.2088,107.5,1768.73,27.74,16.08,19.0,22265.58
18.4805,72.5902,28.1,1993.8,30.34,5.16,11.2,7541.37
26.2015,87.9554,35.0,1891.17,27.19,4.29,23.5,6105.72
15.0174,71.7175,146.3,2042.68,32.85,20.27,17.2,34911.23
17.3202,80.3353,52.0,1899.01,31.58,7.68,10.2,9674.01
32.7721,75.169,70.0,1686.06,23.63,12.15,23.7,14622.18
15.8436,89.7029,94.8,2175.18,31.57,13.8,6.5,20951.83
20.6897,75.599,113.8,2086.31,26.48,14.04,16.0,24398.49
32.0338,93.5698,71.2,1696.46,23.02,9.54,25.8,12084.78
27.1085,93.8628,143.1,1909.87,26.5,20.14,27.9,30109.32
9.6795,73.6968,114.3,2075.48,32.77,15.32,8.8,23398.19
11.9772,85.8015,137.7,2240.76,34.93,18.77,8.5,32111.8
8.2117,70.5438,82.9,2215.81,33.59,15.05,14.9,24599.56
25.0349,79.3546,44.9,1969.34,27.77,6.86,25.1,10549.68
20.0872,88.6863,31.3,1845.22,29.79,4.78,11.9,7006.09
11.6254,87.1233,27.6,2188.95,34.86,5.44,7.5,9006.46
33.8642,86.1163,469.1,1733.83,25.16,73.05,43.3,92398.2
22.3008,76.1937,59.2,2010.74,29.95,11.5,31.8,17441.03
14.5311,78.9627,144.3,2155.63,27.85,20.77,9.6,38130.01
21.5163,70.9854,33.8,1961.97,31.31,5.13,14.9,7711.67
26.3497,88.8517,49.8,1821.64,29.8,7.55,26.3,10598.95
10.0585,82.6128,338.9,2225.32,33.11,55.47,9.7,86678.53
15.417,88.5542,415.1,2061.68,32.14,69.22,13.6,111448.95
29.7881,75.2194,20.2,1737.99,23.41,2.83,30.4,4022.06
20.411,77.4087,99.7,1902.99,25.52,18.29,15.1,27073.65
22.7576,77.6922,42.1,1816.19,26.88,6.73,15.1,9296.27
19.686,68.7465,43.5,1948.83,28.66,5.24,21.1,8922.3
9.1853,77.8904,65.8,2266.88,33.76,11.01,17.8,19080.65
12.4752,91.2958,91.9,2133.67,31.07,16.89,5.2,28494.54
20.0296,94.0217,91.9,1941.09,28.12,12.87,24.1,19069.7
13.648,83.0283,23.1,2162.72,32.44,2.84,12.4,4600.57
9.3494,81.2095,33.3,2109.11,32.85,6.14,5.2,9968.15
30.7785,68.8939,44.2,1797.61,25.84,8.76,37.8,11902.86
34.4922,93.4969,29.0,1708.77,24.44,3.66,33.6,4864.03
29.4149,68.3773,93.3,1876.86,30.12,18.19,31.1,26554.2
31.0522,95.3978,48.8,1658.88,26.88,7.26,29.9,9053.26
14.5334,82.1873,21.0,2014.38,32.55,4.09,6.2,6142.68
33.9369,77.9161,37.7,1602.08,22.09,6.49,35.8,8190.44
13.317,94.8023,124.3,2083.53,33.19,23.78,11.7,38995.8
33.6886,68.7073,126.1,1834.52,24.09,23.06,25.4,31308.54
34.8601,84.8613,121.6,1676.08,21.89,14.86,36.8,17600.48
27.2165,83.919,41.8,1813.25,27.92,5.23,17.4,6985.37
34.4909,74.3603,21.8,1792.9,20.28,3.53,28.7,5039.92
23.3776,80.4377,36.0,2008.69,27.59,4.7,29.0,7510.0
15.0076,86.9157,43.5,2066.78,32.96,6.82,5.8,9990.81
19.7989,89.0868,22.8,2042.4,29.12,4.48,22.7,7146.28
24.0261,68.0208,20.4,1825.37,27.37,2.92,33.0,4234.29
9.9732,95.1687,131.5,2274.72,33.84,20.92,5.0,36596.69
24.8033,72.7712,399.3,2069.44,25.77,60.19,23.1,92566.54
34.4918,74.7738,32.4,1764.84,25.43,5.51,36.0,7280.21
13.1329,75.6407,144.0,1940.86,30.65,19.52,12.1,29422.84
29.4001,69.0968,43.0,1770.14,26.01,6.05,31.8,8930.81
32.5133,71.5685,146.8,1807.79,24.8,27.7,30.6,38893.46
33.4799,96.6041,142.9,1707.64,21.64,26.43,26.5,34636.19
33.9237,77.1413,318.5,1835.15,23.48,58.32,25.7,76306.97
22.0794,71.3437,42.6,1993.62,26.85,7.75,27.0,11572.37
34.3873,71.1027,40.1,1668.51,25.91,6.28,29.2,7728.99
28.4474,88.8643,44.3,1834.53,23.52,7.91,35.4,11163.43
12.3651,92.7825,43.6,2049.92,31.73,6.59,17.2,9339.65
20.8763,75.4516,203.6,1953.62,26.76,26.08,11.9,37764.4
27.3949,68.6064,73.4,1806.52,23.56,11.11,21.4,14683.01
14.6782,74.4696,76.6,2173.77,35.18,10.16,10.5,17086.38
25.2966,69.639,131.8,2057.94,28.3,19.94,27.2,30056.62
25.9982,70.9985,433.8,1761.54,27.18,62.37,32.2,80983.58
12.3929,80.5137,34.9,1967.07,31.71,5.85,5.0,8661.59
23.2573,74.6676,37.4,1905.75,29.95,5.57,18.2,7812.55
28.8339,82.9624,132.7,1703.52,23.98,23.41,26.4,34658.55
21.4702,75.3513,29.4,1961.23,30.53,4.73,15.1,7264.38
8.3268,95.2756,21.5,2254.03,33.11,4.16,9.2,7063.52
8.244,94.2724,34.5,2315.14,33.6,4.39,7.8,7785.35
17.6398,84.4374,141.4,2042.6,32.18,24.74,14.0,33403.85
33.0072,78.2783,129.0,1734.42,25.47,22.43,33.3,32119.41
14.1743,79.0533,31.0,1930.59,33.42,6.08,11.3,8995.36
25.1278,79.9437,56.5,1893.79,25.19,8.46,22.0,12324.38
13.996,89.0998,113.7,2097.77,31.41,16.42,9.3,26540.49
16.6851,81.0975,442.1,2094.78,31.41,59.15,17.5,97173.22
30.8971,92.8452,116.5,1731.17,23.0,16.45,29.8,21850.92
27.6793,95.3787,92.5,1810.97,28.89,14.82,21.6,20617.75
10.5758,77.7424,62.3,2035.4,29.04,11.66,5.0,18846.97
19.575,84.2601,47.3,1808.35,28.23,6.76,12.6,9424.18
8.7876,70.7566,28.3,2097.14,33.63,3.75,5.0,5781.23
20.984,73.8136,26.7,1840.66,23.47,3.79,19.6,5533.08
25.8857,79.9905,44.5,1904.99,24.16,5.7,20.4,8935.56
11.1996,73.9799,49.4,2100.96,34.81,9.6,9.6,15632.1
15.7999,93.4203,39.8,2016.54,31.55,7.56,12.4,10794.58
18.7416,72.5903,38.7,1927.9,33.31,5.61,19.5,8375.69
32.8273,81.2142,29.6,1494.5,26.92,4.13,37.3,4820.31
34.8179,85.5653,20.6,1837.94,23.8,3.97,34.4,6044.09
9.2126,88.0641,69.2,2098.15,35.08,8.31,5.0,12907.62
28.5472,79.109,108.4,1797.16,25.89,18.22,18.9,24256.85
18.0365,93.2039,65.1,1902.95,25.17,12.59,12.3,17097.58
18.5964,84.4813,46.5,2087.02,27.44,7.47,17.1,11570.9
28.3652,80.7457,25.6,1844.9,26.04,3.08,19.3,4552.59
32.7975,69.95,35.7,1687.54,25.07,4.9,29.4,6444.39
33.6751,81.476,35.4,1706.47,24.03,6.85,41.4,8896.05
23.5823,91.8013,110.4,2053.77,26.2,13.4,15.4,22187.1
17.6423,85.8217,29.8,2020.6,32.54,4.52,26.6,7089.45
29.2638,92.1327,137.4,1802.71,28.4,25.16,36.4,32894.16
14.777,82.3263,94.4,2002.7,33.83,17.66,21.4,27649.38
23.23,71.4354,41.0,1774.29,30.13,6.49,30.5,7892.05
17.6816,68.3956,113.6,2012.93,29.52,15.74,9.3,24197.91
25.729,76.7934,23.5,1906.92,29.17,3.95,18.8,5752.73
14.4908,88.2417,38.7,2171.13,32.37,5.46,7.2,9281.53
13.173,90.9175,105.1,1927.01,33.7,14.75,5.4,21298.11
32.7925,76.5768,464.5,1663.73,24.57,85.75,29.3,108966.74
10.7487,82.374,138.1,2104.06,33.52,18.27,17.4,28153.47
21.6609,80.2124,202.8,1953.83,27.13,24.43,16.7,41260.85
13.963,79.9052,22.5,2081.06,32.15,3.3,8.8,5144.72
9.0511,74.7091,28.8,2171.34,36.5,4.59,12.6,7557.04
8.9725,71.9548,49.6,2215.14,33.68,8.75,5.0,12962.34
12.731,73.704,20.6,2042.58,34.66,3.77,9.9,5489.1
31.4028,69.6046,40.2,1853.48,25.94,6.96,27.3,10158.01
15.6269,73.7458,110.9,2097.39,30.97,18.86,22.6,27109.31
33.6624,68.2668,114.7,1712.49,26.23,19.87,34.0,27112.56
23.7038,86.1905,226.4,2045.4,27.22,32.09,26.6,48472.32
19.7886,77.1749,229.4,2112.32,32.71,34.54,12.4,51137.29
23.6624,96.2212,32.9,1992.71,28.82,5.57,32.2,8003.15
21.9509,73.6178,183.6,1707.4,28.69,22.99,18.4,32123.53
28.487,78.029,22.2,1957.55,24.01,3.19,32.6,4909.98
15.6274,78.3774,22.7,2126.29,31.39,3.45,24.7,5176.59
17.5324,68.2451,107.3,2188.93,30.3,17.45,17.7,30276.34
32.1405,92.337,31.9,1864.47,21.62,5.07,32.3,7779.41
33.5543,68.9278,252.8,1866.29,23.07,44.85,25.9,63057.13
32.0991,95.2652,81.6,1836.51,22.55,12.88,29.9,19396.27
19.3251,93.8702,222.5,2104.04,31.08,42.8,26.4,70461.87
29.0699,83.5301,294.0,1980.27,28.13,44.23,21.8,68794.34
20.8611,83.7643,70.3,1985.83,26.76,11.39,29.2,16504.15
21.4336,86.9596,40.9,1832.42,32.38,4.92,24.8,6357.72
13.5264,79.2245,23.7,2075.93,32.26,3.44,11.9,4927.19
23.9605,86.7694,48.4,1943.91,25.87,9.17,24.9,13364.2
13.0257,69.2983,22.7,2115.53,34.25,3.33,6.0,5085.24
16.9522,69.5674,144.3,1939.13,30.08,20.25,11.3,29075.33
31.0858,81.2597,45.0,1653.97,24.45,7.36,26.8,9371.95
13.591,83.939,388.2,2040.07,31.68,49.04,11.3,81962.28
9.9213,93.7467,141.2,2230.04,32.5,22.95,18.2,37115.52
9.8632,71.0352,24.2,2292.89,35.61,3.49,7.2,5914.87
33.4012,91.8568,25.3,1816.1,23.0,3.81,33.9,4938.85
21.6869,74.0914,27.6,2038.23,25.97,5.05,14.9,8708.19
19.0541,79.4284,27.3,1994.56,31.13,4.73,23.8,6611.11
29.8937,77.1815,81.1,1666.55,22.74,12.62,31.1,15910.54
30.5673,79.6045,37.3,1757.37,22.54,6.19,29.4,8834.59
16.9692,72.3644,52.8,2017.85,33.35,9.58,25.9,14358.19
26.7277,82.6035,31.5,1823.14,24.18,5.65,34.5,8518.74
28.8203,91.2476,74.6,1829.61,21.0,10.06,32.0,14966.9
25.6756,80.8045,110.7,1917.15,28.29,15.94,34.1,22834.0
12.0931,82.2278,49.6,2194.57,32.55,7.33,13.4,12753.73
31.6488,92.6143,35.5,1752.07,23.92,4.8,38.2,6833.82
22.5556,88.4757,92.6,1785.7,27.82,11.2,20.7,14833.71
15.6268,82.2232,278.9,2024.09,32.03,37.35,7.4,58579.38
19.4812,75.4732,43.5,1996.84,28.33,8.04,29.4,11856.28
9.0144,93.6629,22.2,2279.57,37.5,3.63,5.0,6026.56
11.4524,84.7336,48.8,2092.43,30.49,7.19,6.5,11386.58
28.6698,74.4133,32.5,1868.95,26.59,5.49,21.9,7643.27
8.0003,75.8045,29.4,2223.2,36.28,5.27,5.0,8459.75
19.2473,91.2909,49.2,2001.06,28.42,7.3,15.0,11642.44
22.1078,69.2802,143.6,2020.5,26.6,22.58,24.1,32456.51
9.4751,96.7707,39.3,2120.58,36.37,4.91,19.4,7121.88
34.2731,71.7802,20.6,1681.07,21.2,3.45,25.3,4620.07
14.1054,91.086,42.5,2089.15,31.04,6.31,19.7,9830.4
16.2134,79.4485,267.4,2000.95,33.08,41.37,8.8,64115.11
16.2064,82.2743,31.6,2092.92,31.38,4.87,6.6,7658.86
14.2212,93.5389,205.6,2030.96,28.61,35.07,17.0,50678.54
8.0398,79.9744,102.3,2217.39,38.48,16.97,15.5,27231.84
27.6923,83.5873,42.3,1837.52,25.08,6.51,21.2,9390.95
34.1048,69.4297,28.2,1747.31,22.45,3.42,30.9,4718.54
14.0559,68.0681,143.9,2054.21,32.79,24.41,7.4,36270.93
25.9023,75.0992,69.5,1850.63,28.19,13.23,34.0,18141.63
28.0312,87.7369,56.6,1847.12,29.91,10.28,23.4,13919.07
30.9075,71.5167,114.4,1803.83,21.37,22.72,29.8,30181.43
19.411,71.2991,134.9,1994.27,31.52,17.69,27.3,24251.58
16.1791,79.9179,48.6,2189.2,32.81,6.7,17.2,11263.88
16.783,86.7873,126.7,1962.65,30.77,20.67,25.4,28797.46
27.2408,88.6501,70.0,1848.53,27.92,9.72,35.8,13885.36
30.053,73.1751,49.3,1677.15,26.94,6.06,29.3,7614.29
12.9036,70.3081,141.9,2141.5,30.03,21.6,14.6,32869.63
18.0154,95.2715,66.3,1930.5,33.99,9.48,12.6,13262.61
32.3524,75.5593,36.8,1739.39,20.92,5.19,42.2,7672.92
29.7807,92.747,36.7,1778.18,22.93,7.2,25.3,9887.61
34.5912,93.0413,33.3,1743.83,22.51,4.63,40.3,6454.17
28.3647,90.4032,49.5,1789.21,29.69,6.46,24.6,8821.06
18.6163,72.8962,21.8,1961.28,29.61,2.83,14.9,3906.67
23.9472,91.8322,38.8,2027.82,27.76,7.16,16.0,11725.87
25.8474,90.3083,26.2,1901.51,29.83,4.64,27.0,6641.34
10.1183,85.305,35.8,2116.99,33.45,4.67,5.0,6855.99
22.7014,77.7789,422.9,1915.31,26.03,58.18,15.7,82563.92
27.1517,75.6127,27.4,1986.9,25.55,4.93,21.7,7421.34
12.5177,71.5348,31.8,2099.87,35.71,4.51,7.5,7225.91
29.0771,82.783,48.5,1765.47,25.66,9.63,29.2,12772.98
23.7619,84.9726,126.1,1861.49,31.77,20.59,21.5,32672.11
33.71,78.4208,37.2,1693.29,24.91,5.03,25.2,6173.18
9.1454,81.7854,26.7,2131.82,33.19,5.03,9.9,8319.35
15.1638,78.5419,32.8,1968.68,31.88,4.77,20.9,6309.25
24.242,86.5892,420.9,1817.71,25.98,60.24,25.7,84169.9
16.0071,94.1365,132.1,1989.53,30.06,19.31,25.5,29047.15
27.2895,72.7537,27.3,1900.12,35.28,4.96,19.3,6494.31
28.4931,79.0609,39.9,1800.62,27.82,5.34,34.9,7817.71
10.7679,72.0852,22.9,2133.6,35.48,3.44,10.9,5602.22
21.8741,86.1234,20.7,2051.87,27.51,2.53,22.3,3939.73
21.74,89.1372,104.9,2056.28,31.96,19.52,22.1,31046.11
17.9706,95.0255,26.7,1997.96,32.71,3.94,14.5,5713.67
33.189,76.0873,57.9,1696.13,27.43,8.1,29.7,11157.35
30.3427,95.5561,41.9,1728.68,28.61,6.97,33.0,9655.55
26.8247,69.8346,99.8,1916.58,23.57,17.6,17.7,26218.97
27.2868,85.4874,43.9,1836.46,24.1,8.12,29.1,11966.16
20.4663,69.6568,39.9,1944.69,27.38,5.9,25.0,8098.82
32.8669,93.9195,123.0,1687.3,21.92,22.75,30.0,32252.53
26.7541,83.3645,29.2,1800.85,27.21,4.59,21.1,6250.9
27.6825,87.4111,76.3,1871.32,25.01,9.78,22.0,14748.2
31.2657,92.1156,360.3,1675.98,28.68,67.63,22.9,88109.04
15.3999,72.359,26.0,2146.39,35.48,4.26,7.2,7001.34
29.7909,69.1192,435.4,1765.06,25.18,73.23,23.1,93558.75
13.2715,93.4876,35.7,2093.14,36.54,6.96,5.0,10083.36
17.3242,77.1331,26.8,1925.21,33.78,4.42,12.6,7024.23
17.0615,71.7404,112.5,2035.9,30.02,13.55,13.2,19257.21
34.4202,81.5854,144.5,1698.17,19.09,27.4,44.3,34068.77
31.1265,85.3509,22.5,1779.72,24.16,3.21,41.0,4348.56
26.9316,68.8981,60.9,1976.97,25.19,9.76,20.7,14789.54
27.6305,75.972,445.3,1860.87,26.58,60.74,21.9,83772.6
23.176,68.9512,23.3,1863.26,28.35,3.35,23.0,4949.03
33.5714,80.1897,163.8,1682.81,23.62,28.65,26.5,38686.23
21.399,93.9579,84.8,2006.43,30.02,13.09,21.5,20051.76
18.274,96.4969,313.3,2118.96,27.95,53.32,16.3,85398.63
12.402,86.4744,37.1,2143.32,33.84,6.89,8.9,10982.08
29.2276,72.6875,100.7,1873.0,24.57,14.83,35.7,20753.8
27.83,94.2696,47.4,1891.84,26.48,7.84,34.4,10316.92
18.3776,82.9712,419.0,2126.73,32.24,76.35,28.1,121178.85
8.6802,72.4587,148.4,2031.79,32.25,26.29,5.0,41542.21
30.6529,94.7301,34.3,1845.62,24.24,5.6,38.4,7836.92
8.3083,89.9666,22.5,2273.15,34.62,3.39,9.1,5113.11
26.9999,89.2195,145.6,1750.9,25.42,22.21,28.8,29254.14
34.1969,88.5662,50.4,1657.6,25.01,7.8,42.1,10290.44
19.8169,73.8099,43.3,1919.23,28.24,6.4,28.7,8543.45
14.3443,74.1192,20.9,2027.5,31.03,3.68,18.9,5796.89
27.0315,87.9605,126.1,1818.9,25.02,16.4,24.0,22540.0
30.0625,74.372,48.1,1822.28,27.26,9.5,29.9,13360.42
22.7536,80.7215,31.7,2003.69,27.38,5.78,25.1,8581.07
34.11,90.6781,234.3,1816.53,24.17,33.71,40.7,44309.59
9.3951,90.7346,26.8,2107.86,38.32,3.31,12.6,5469.19
21.6295,81.1446,34.8,1887.09,28.72,6.15,18.9,9206.63
27.3983,90.9735,25.1,1956.1,28.49,4.49,25.8,6938.27
31.2913,92.32,385.5,1832.5,27.86,75.98,22.3,109208.33
12.8399,86.9885,31.1,2119.51,34.88,4.36,21.3,6916.63
29.6001,74.6243,82.3,1849.07,25.25,10.42,21.4,15333.85
22.9231,75.9463,311.4,1929.0,29.57,60.18,24.5,85530.26
18.7069,77.1304,36.3,2049.24,27.61,5.1,26.1,8430.28
11.5563,71.3873,64.2,2109.1,31.84,11.41,10.0,19340.92
31.363,75.9216,41.2,1800.97,23.28,5.15,37.4,7289.26
12.2464,74.0761,138.3,2002.72,37.57,25.01,18.3,35903.34
16.3643,81.2045,28.3,1994.42,29.61,3.69,7.6,5150.07
15.8312,94.3447,68.0,2004.88,29.82,11.95,14.1,18438.91
31.5282,71.0299,42.8,1746.54,22.32,6.96,35.3,10271.34
26.163,88.8878,25.5,1798.95,27.95,5.01,24.6,6513.36
29.5104,87.9312,164.4,1770.13,25.61,20.22,30.4,29188.51
14.7626,70.7769,38.6,1957.12,34.13,5.53,16.7,7896.8
24.8716,94.7546,74.0,1940.21,28.75,9.29,17.9,13296.69
23.4371,84.4857,25.2,1915.53,25.29,4.79,21.7,6692.76
30.4864,78.548,49.4,1658.83,23.27,8.28,21.1,10088.05
32.4644,89.9396,79.2,1692.86,26.72,12.89,25.5,17082.89
8.3282,75.4636,47.1,2221.02,34.45,6.15,8.6,10639.13
26.1985,88.1118,212.4,1828.98,29.19,33.79,27.7,47745.19
9.3996,69.1516,44.6,2119.05,34.07,6.77,5.0,10375.06
22.8192,92.3428,35.1,1927.29,26.4,5.09,27.9,7078.88
15.7661,80.997,57.9,2087.7,30.9,10.52,13.2,16650.4
16.283,86.4641,42.0,1936.0,29.34,5.25,24.7,7455.2
17.5299,74.4159,46.8,2072.47,29.58,8.03,15.3,12790.65
24.7749,87.6351,66.3,1834.03,27.85,12.32,17.8,16783.09
17.0193,90.395,41.8,2036.22,31.96,8.04,22.2,12040.97
27.7829,81.7232,33.4,1841.07,22.92,5.99,29.1,8706.9
18.9222,85.9141,125.4,1961.23,30.05,17.88,16.7,27086.14
9.8455,81.2335,121.4,2084.89,33.0,20.4,7.0,33784.33
29.1615,93.9286,20.8,1796.24,24.18,2.73,22.2,3693.73
15.7155,82.4382,67.9,2191.15,31.79,8.78,12.5,14853.04
19.6847,92.4125,97.1,1880.74,28.64,16.61,10.3,25437.81
26.507,91.2392,143.4,2002.26,29.44,26.96,26.6,42534.84
16.9763,79.9046,30.3,2017.65,33.34,3.79,24.9,5956.07
9.5278,74.6725,370.1,2175.33,36.68,47.55,15.4,73205.33
18.0959,79.7764,20.4,1931.34,29.47,3.36,8.7,4656.59
33.5001,91.9603,121.1,1679.3,21.6,16.65,41.1,21427.83
25.3268,74.6013,361.1,1847.88,27.37,61.0,24.4,86610.9
26.1299,83.2087,121.5,1790.01,26.54,16.67,19.9,23917.78
25.0716,91.3768,466.6,1876.0,26.1,60.34,30.1,83415.75
13.3728,78.2508,24.4,2070.73,30.23,3.99,9.8,6214.96
19.295,86.6241,27.8,2144.75,29.83,5.26,14.4,8958.5
28.2754,75.1233,498.5,1741.77,25.07,87.15,21.5,117212.21
10.7371,71.1691,24.7,2158.95,35.15,4.58,10.5,7389.71
15.502,91.0371,122.1,2084.79,32.95,17.25,7.4,26811.76
15.4606,70.8701,41.8,1980.08,33.84,7.97,21.2,11012.48
19.6645,75.8701,118.3,2044.99,27.23,17.76,19.1,26423.64
34.47,92.7982,72.7,1691.67,23.89,13.69,33.4,16650.21
9.8226,78.0476,26.5,1967.8,32.72,4.17,5.0,6176.14
22.0049,96.2183,40.0,2000.7,26.26,5.66,28.4,9016.73
12.8428,96.4123,68.6,2023.47,31.96,9.66,12.7,15382.55
34.2083,75.78,39.8,1644.43,25.34,6.59,33.0,8891.57
11.0592,69.1884,99.3,2199.97,32.88,12.54,16.3,22004.87
18.8972,88.4468,88.7,1976.08,33.23,17.24,10.2,25205.25
27.9229,81.0786,29.0,1914.81,27.13,4.11,25.3,6017.95
27.023,70.9218,144.8,1954.4,25.65,21.26,28.5,34552.76
19.4137,88.5182,35.2,1942.96,32.18,4.89,18.6,6929.16
17.3562,68.9041,36.8,2095.05,31.68,4.43,11.0,6503.95
18.7355,93.2357,48.5,1946.32,28.3,8.5,14.7,12367.07
15.1355,72.0209,115.4,2250.21,35.51,19.3,11.1,31331.41
13.544,71.692,485.2,2044.77,33.02,89.66,23.4,134649.78
21.0421,73.0945,23.2,2047.33,29.17,2.86,17.6,4255.31
15.2504,95.8477,45.4,2137.0,30.03,8.82,9.4,14412.88
15.7615,88.1019,30.1,2085.58,33.87,4.4,22.2,6577.56
25.7324,91.2398,131.0,1827.17,28.05,25.3,24.2,37625.25
34.1505,79.5314,45.7,1717.18,24.49,5.87,33.0,7382.78
24.2982,77.7531,77.1,1734.35,26.65,13.85,25.3,18428.41
10.0784,74.8,32.3,2180.54,35.73,5.37,12.0,8545.58
10.0408,81.9388,122.6,2191.24,35.91,18.23,11.9,29979.14
33.6884,84.003,59.9,1748.29,22.1,7.57,24.4,10621.26
16.0269,86.3215,414.4,1817.65,28.55,69.78,22.4,96933.08
10.4858,75.4564,23.3,2054.0,35.04,2.85,5.0,4282.76
24.1742,95.511,141.4,1849.02,24.57,22.65,20.0,33431.3
24.8385,72.923,77.6,1920.24,27.73,13.07,18.3,19783.33
25.5096,96.0039,107.6,1907.97,26.23,19.21,30.9,28369.38
15.2199,68.4308,23.5,2056.42,34.19,4.69,16.9,7349.68
8.408,81.9526,244.3,2243.48,34.03,34.4,13.5,58980.92
34.0554,77.6677,32.1,1648.9,25.49,4.68,37.1,5462.84
14.7741,81.0246,34.6,2126.88,30.92,5.1,6.9,7922.66
26.2527,84.5493,20.0,1909.43,28.79,3.57,22.3,5271.44
27.079,80.6321,138.9,1886.78,30.54,27.02,27.2,38300.99
24.4702,80.0306,50.8,1888.97,25.45,10.05,20.6,14397.42
16.4485,89.249,43.2,2194.39,31.78,8.45,10.6,14082.85
15.3196,87.8904,34.1,2107.7,37.2,6.49,22.7,10120.89
24.137,92.1649,102.4,1832.07,27.87,20.4,29.1,29051.54
31.3846,75.2488,26.2,1798.94,24.6,3.94,28.3,5268.61
33.5618,85.6763,362.6,1800.09,25.07,71.02,38.9,91147.68
10.8595,84.9706,338.0,2101.48,33.8,61.14,13.4,99811.34
12.1804,78.7224,24.9,2211.9,29.7,3.33,5.0,5310.89
33.5079,82.0957,27.1,1771.42,25.79,3.36,31.1,4408.26
27.8865,77.0997,173.4,1654.65,22.05,23.79,23.7,29293.18
31.8408,72.1135,22.0,1794.84,23.44,4.01,26.2,5872.96
13.4711,74.2002,20.4,2069.04,34.95,3.48,8.5,5368.55
23.8648,71.0599,26.6,1957.41,27.15,3.67,32.7,5500.31
26.9308,87.809,40.4,1934.78,25.09,7.24,26.7,11289.3
26.363,87.1611,81.6,1885.08,28.5,10.72,33.3,15185.42
19.0201,95.5676,84.3,2134.86,28.34,15.65,13.3,26550.9
8.4157,89.1607,196.2,2178.22,32.37,36.0,5.0,55237.61
23.739,69.5093,37.3,1966.68,28.47,7.37,31.5,10297.79
14.8337,93.6431,30.3,2141.39,31.56,4.0,14.7,6133.18
20.1569,93.0176,386.7,1973.39,27.04,74.45,28.1,113305.35
33.8547,80.8563,124.1,1796.92,24.64,18.29,25.1,25632.09
18.774,84.99,108.5,1958.49,31.08,16.63,27.1,23596.15
30.6746,96.3063,28.3,1758.05,24.08,4.45,29.0,6022.83
13.0906,83.4368,100.9,2003.37,32.13,17.16,6.2,27129.19
26.1564,94.2543,27.6,1892.5,27.77,5.5,29.8,7664.79
34.3792,70.4081,140.3,1751.19,25.51,23.57,40.3,32023.12
10.7511,73.5405,126.6,2244.82,33.2,24.59,5.0,39522.81
8.2246,80.7819,99.3,2259.25,36.21,13.94,18.0,24026.23
19.7067,84.9579,146.5,1966.5,30.86,22.26,23.6,33984.34
10.5009,91.6706,104.7,2060.73,35.63,16.79,6.9,23774.94
28.2064,96.6596,29.9,1870.91,25.99,4.35,21.2,6109.96
32.6928,79.2767,22.9,1844.39,22.06,4.53,30.5,5870.02
19.7186,69.3751,104.4,2049.48,28.8,18.58,14.1,30054.66
14.9852,91.234,45.8,2161.02,32.54,7.25,14.9,13060.55
19.7289,85.527,46.0,1971.93,33.36,8.29,25.4,10795.18
27.5331,73.7577,38.1,1811.07,25.24,6.0,30.7,7787.87
8.2445,82.35,31.8,2136.65,36.5,3.86,7.0,6164.67
23.9153,89.527,377.6,1909.05,27.18,61.72,16.3,88937.67
24.5589,90.3419,42.9,1895.65,27.77,7.29,33.7,10154.3
25.2176,82.4889,91.2,1906.62,30.28,18.1,20.6,23728.12
14.5346,76.8512,97.6,2072.03,33.59,12.03,10.1,18824.14
27.2794,96.2385,40.4,1842.28,23.84,6.51,30.2,9729.43
10.4676,87.2375,456.8,2093.45,32.74,58.41,15.9,103865.1
13.3803,79.8389,43.7,2178.48,35.09,5.77,23.1,9732.54
31.6917,76.1334,157.8,1779.67,24.62,26.65,41.1,33668.79
27.9455,89.202,23.7,1827.03,23.73,3.29,36.2,4592.67
8.3711,75.0233,45.6,2133.53,33.2,8.2,7.1,13536.7
14.7062,72.9796,45.0,1972.74,33.39,7.25,8.0,10202.24
13.789,83.3652,31.7,2200.44,34.38,4.35,15.5,7428.25
15.3118,76.4096,108.4,2112.76,31.75,17.29,5.7,27868.07
14.6841,86.2382,47.2,1949.77,36.94,5.66,8.6,8545.13
9.6882,71.4202,141.2,2230.66,35.89,26.68,5.0,45530.6
20.3914,86.9933,43.5,2050.75,28.94,5.26,14.0,8238.4
27.7838,76.2156,71.0,1853.84,24.47,8.55,27.3,11976.33
24.3818,68.007,123.0,2032.98,25.68,20.78,22.2,30540.5
26.1675,71.6811,23.0,1890.32,27.5,4.56,23.6,6676.5
10.191,95.0748,46.8,2047.22,33.04,8.82,16.8,13090.83
33.6902,93.1533,64.9,1766.79,26.79,9.1,37.2,12131.06
30.6393,74.7747,39.9,1812.08,27.74,5.41,39.4,7777.72
29.7374,90.5728,38.3,1760.46,26.48,6.52,28.6,9477.83
30.2206,85.6486,127.7,1845.91,22.64,23.73,25.7,31916.39
33.1832,96.1562,343.1,1613.29,22.32,51.1,25.6,62851.36
22.6949,78.8346,170.8,2014.74,30.9,26.41,26.1,39236.97
13.4076,87.7624,120.6,2032.41,31.44,15.58,20.2,23940.13
24.6532,69.8425,88.3,1821.45,29.75,11.68,18.3,14160.29
28.0578,79.4912,262.1,1829.85,26.92,43.37,35.6,55644.64
27.9238,95.9507,149.2,1876.01,26.14,19.13,28.4,27657.93
22.0791,83.6304,37.7,1959.69,27.26,5.14,15.0,7919.03
9.8484,76.3485,398.8,2107.32,33.98,55.34,12.7,87271.04
18.02,71.4879,35.8,1979.15,30.87,5.57,18.4,8668.2
32.8607,88.4023,43.1,1661.86,25.88,5.33,23.4,6755.87
23.7801,86.7008,125.2,1897.98,26.13,20.03,21.8,31213.13
22.535,78.8442,39.7,2024.37,27.93,7.72,28.2,12720.79
15.259,95.5773,49.9,2069.0,31.82,6.09,16.4,9165.83
17.9481,68.6439,33.8,2089.69,31.85,5.76,13.6,9410.1
32.1743,76.808,120.6,1881.29,22.3,22.54,40.7,33399.72
25.9945,94.711,429.2,1829.06,24.27,62.24,20.8,98631.22
29.2594,77.3071,31.3,1802.4,26.78,4.08,24.3,5386.79
20.2673,75.3153,33.7,2152.88,26.44,4.16,17.4,6844.57
25.0167,83.4924,49.1,2009.25,29.91,8.42,32.9,11978.49
14.7064,91.8903,53.2,1945.49,31.67,8.74,14.9,12275.35
27.0474,70.9913,83.5,1888.12,23.33,11.56,30.7,17277.71
19.5452,95.3476,34.6,1992.23,28.84,6.45,29.1,9685.32
19.9487,91.0571,20.0,2051.04,30.38,3.58,25.6,5657.92
25.5317,73.2563,139.9,1824.83,26.05,19.88,19.0,28342.61
33.2796,88.6482,78.6,1677.8,23.66,14.17,39.0,18104.72
9.7282,79.1638,27.7,2114.81,35.7,3.87,14.7,5946.42
30.2681,79.6665,44.6,1753.42,24.57,7.76,24.9,9952.83
15.8943,90.7154,28.3,2123.13,29.57,3.67,12.4,5696.98
19.9858,95.9208,380.2,1889.76,29.01,66.67,24.2,95206.43
8.5917,71.673,132.2,2139.54,37.56,18.38,5.0,29101.87
16.1282,80.1983,129.2,1910.57,34.71,21.43,10.3,31229.6
21.571,81.9473,423.7,2036.29,24.85,56.69,25.6,91703.34
9.5168,78.913,58.9,2274.38,36.5,10.48,17.1,18680.81
21.2596,78.5325,177.9,1935.16,29.53,22.22,12.8,30530.78
33.032,69.5158,29.2,1725.59,25.58,3.89,32.0,5146.06
10.8456,87.8806,21.1,2185.04,32.62,2.84,13.0,4456.22
28.6399,80.6502,100.0,1946.44,22.18,12.34,32.2,19943.36
19.0611,73.649,89.5,2033.59,31.19,16.07,29.0,23512.88
25.6897,91.665,36.7,1825.78,25.16,7.29,29.3,10854.1
15.0264,91.2743,29.0,1944.02,29.06,5.28,17.4,8387.39
12.3063,82.1054,34.6,2033.28,30.43,6.53,22.1,10037.12
12.3325,76.6551,30.0,2127.87,34.25,3.62,5.0,5741.54
9.9033,86.5047,25.9,2113.31,34.42,3.35,5.0,5245.91
13.0125,76.3564,114.9,2125.37,34.31,18.93,14.2,29626.1
25.9339,74.8442,385.7,1832.96,28.27,76.46,23.1,104632.07
31.8056,89.1849,132.9,1686.85,23.45,22.98,23.7,29468.69
29.9814,69.1694,137.5,1710.17,24.97,20.61,26.1,29655.68
26.4986,70.7483,396.6,1992.01,25.65,52.22,30.0,75907.88
10.9817,68.1969,40.6,2217.45,33.24,5.37,18.6,8866.63
15.8081,72.4354,21.7,2197.9,29.55,3.23,7.7,5492.88
16.3648,70.0007,23.3,2092.63,32.02,4.13,17.2,6443.27
14.7488,96.8783,434.4,2044.12,34.11,53.23,10.7,82457.01
21.9052,76.3755,27.0,2055.57,27.11,5.08,25.3,7393.72
22.46,72.3288,85.6,1937.08,31.06,16.71,23.4,26190.15
17.6359,74.9889,24.4,2044.22,30.89,4.66,26.2,7469.33
17.5523,95.1476,218.3,2024.63,31.18,42.14,8.3,62791.16
30.371,83.0846,43.3,1561.57,21.53,5.24,29.8,6175.14
29.3109,78.5797,76.2,1944.78,21.8,15.1,23.2,23674.36
16.3105,93.3284,33.5,2089.69,31.55,5.0,17.0,7464.22
32.6723,79.4547,24.6,1782.28,25.48,4.65,39.7,5997.92
33.726,77.7152,117.8,1731.99,22.08,15.9,42.0,21137.87
16.822,74.0112,404.9,2054.28,34.37,63.05,14.8,103982.64
17.5695,78.9561,86.2,1979.97,32.16,10.64,23.8,16164.37
21.6521,77.1838,424.7,2003.59,27.04,52.32,17.3,77441.48
33.4103,87.6418,74.0,1638.05,23.63,14.46,23.5,16510.29
31.6606,76.3979,119.2,1788.99,29.31,22.03,38.8,29628.89
10.7693,84.7388,41.9,2195.08,31.27,6.8,5.0,11294.52
18.6037,69.9109,49.1,1993.24,31.28,7.95,9.0,11658.02
22.941,73.5474,27.0,1960.73,27.63,4.85,20.0,7932.08
21.5846,79.8148,182.8,1876.17,30.3,26.93,19.2,38042.34
13.2343,95.1715,242.1,2028.52,35.18,43.8,5.0,57439.8
31.1881,78.9403,62.3,1801.55,23.79,9.89,37.5,13422.47
26.2774,87.2581,25.1,1925.29,29.01,4.29,24.4,6446.37
30.6235,75.3975,30.0,1642.79,29.26,5.92,30.4,7596.07
31.1866,71.684,294.9,1824.4,24.7,46.51,26.5,64752.16
28.2056,69.6976,47.1,1792.84,27.48,7.23,28.4,9832.29
19.8587,76.857,69.6,1971.12,28.48,13.39,25.2,17977.96
24.4848,72.5722,49.2,1796.11,27.62,9.45,32.6,12835.92
12.3299,73.0463,44.3,2053.93,32.7,8.83,21.7,13098.0
26.1884,90.062,138.1,1949.9,28.41,22.67,24.7,34281.55
12.8398,68.4593,47.9,2115.51,35.23,7.06,22.6,11110.81
26.7366,84.1765,42.6,1832.12,26.35,5.93,22.6,8841.44
14.1992,79.0044,426.1,2079.1,35.28,52.29,5.0,75290.57
11.1739,82.6899,93.8,2182.01,36.63,16.71,16.5,24954.95
12.4627,84.3221,101.0,2154.91,34.69,14.01,6.0,21562.3
8.0538,77.0877,143.2,2193.03,33.94,24.14,5.0,37999.98
27.406,76.5582,31.3,1938.13,25.04,6.06,35.9,8558.12
27.7748,89.2687,21.3,1921.69,24.48,4.17,33.6,6598.5
21.9032,93.267,42.9,1982.81,30.64,5.16,14.0,7670.87
12.3568,73.5849,37.2,2125.95,30.62,5.41,17.9,9474.32
10.256,70.8309,44.4,2211.98,35.34,8.31,17.1,13458.93
8.5165,94.0361,57.6,2215.84,32.61,9.38,16.6,14437.93
12.4752,78.147,38.6,2204.31,34.63,7.13,13.3,11280.74
32.0531,83.9882,74.8,1839.01,24.21,14.08,36.1,21038.37
14.5215,78.4268,47.1,2001.15,34.73,7.32,19.8,10195.45
17.5653,71.6483,23.3,1940.95,32.98,3.46,21.3,5153.51
10.8443,85.0906,45.3,2092.7,36.59,7.09,13.8,10744.16
14.0038,83.2291,58.9,2170.02,35.22,10.14,15.0,15651.42
22.0191,73.8868,20.8,1821.55,28.98,3.1,21.6,4629.12
24.4093,81.1042,73.5,1936.21,25.3,13.38,34.3,19005.92
14.6245,91.1115,83.3,2109.76,29.91,16.02,11.4,24533.69
9.5588,85.1224,38.8,2264.95,30.12,5.53,5.0,9401.27
18.5579,70.8106,63.2,2024.39,28.08,12.46,23.9,18637.11
14.3235,83.8926,303.1,1978.72,32.29,51.47,8.6,84192.1
13.928,88.3794,70.4,2016.55,31.21,13.4,14.6,21600.38
33.9163,90.9884,45.7,1638.95,22.98,5.86,25.8,7151.13
24.6401,86.2444,54.5,1857.44,28.5,7.64,27.0,10578.38
23.0357,72.4271,85.6,1914.72,27.63,12.47,31.9,16126.06
19.2259,88.595,38.9,1904.7,27.7,5.62,23.7,8204.73
19.5815,87.6429,47.4,2109.19,29.68,6.34,13.9,9683.95
22.6044,68.7084,46.0,1831.1,26.63,8.72,32.0,12076.28
26.8036,79.9407,46.9,1969.22,26.0,7.19,22.9,9803.53
26.9579,77.6556,21.9,1953.57,29.15,4.31,25.7,6425.2
12.6357,87.4129,45.2,2188.42,32.37,7.54,12.6,13550.34
21.503,74.2679,43.4,1901.44,32.47,5.69,31.3,7967.44
19.1229,85.1353,465.9,2027.18,32.86,76.25,10.5,109350.27
31.5042,94.483,81.2,1674.73,23.26,16.19,35.4,21022.79
25.0483,91.1363,469.1,1966.0,25.11,77.5,22.3,117431.91
22.3776,94.7223,90.3,1935.28,28.42,10.85,13.9,17470.77
11.1157,96.3767,39.0,2111.17,35.9,7.6,19.8,11462.74
24.3522,68.3094,32.7,1807.76,26.66,4.54,26.1,5944.29
11.1645,86.0595,92.8,1944.84,35.39,16.24,16.2,23277.38
17.1046,79.9723,36.4,1953.03,33.32,5.87,11.9,8593.12
11.8567,92.9358,30.7,2219.6,31.72,4.48,17.1,7638.24
26.686,75.3026,43.8,1831.43,25.24,6.24,33.3,9059.76
13.5688,96.4499,39.0,2086.22,33.92,7.58,12.2,13003.28
18.5802,85.7975,40.7,2062.0,30.54,7.85,20.0,11926.31
32.1832,91.0126,26.9,1909.16,22.75,4.34,41.6,6119.01
13.5165,70.4824,49.1,2206.7,31.81,6.91,20.5,10278.6
21.7107,73.3203,116.0,1875.42,28.69,14.87,20.6,22067.0
19.3203,89.9937,25.9,1840.83,26.78,3.43,22.6,4626.87
8.4893,68.6376,125.0,2379.96,36.31,20.23,14.2,36815.22
29.4045,91.6895,67.4,1996.24,24.41,9.74,19.9,14404.71
9.8642,68.4045,56.3,2181.52,28.59,6.95,11.6,12594.78
20.8049,87.0564,35.8,1867.87,29.19,5.6,30.5,7230.64
23.1383,78.5877,105.4,2004.57,26.7,18.93,32.1,30070.89
24.9675,85.7334,25.7,1885.95,30.74,4.91,31.6,7228.69
26.5931,88.1849,30.5,1856.29,25.46,5.08,18.7,7357.02
14.8384,77.9318,144.6,2148.47,29.73,25.71,24.7,38725.84
8.2694,71.1309,28.6,2221.9,35.89,4.26,10.5,7201.08
27.533,70.0197,24.7,1753.54,24.89,3.94,22.0,5335.37
22.4627,85.0791,49.8,1913.69,26.93,8.88,25.9,11823.95
30.5752,83.099,29.1,1846.54,25.86,5.18,37.7,7842.94
30.1775,89.5238,40.4,1841.63,22.94,6.22,22.4,8646.89
30.7698,82.7823,231.0,1811.1,21.84,37.77,39.1,56582.42
21.0976,80.2509,36.5,2038.92,32.56,7.08,29.5,10608.0
17.008,79.5445,31.6,2008.92,32.11,5.39,7.3,8357.58
29.3721,68.767,146.2,1829.6,24.85,25.05,37.4,33409.88
20.1849,77.7312,93.3,1710.62,29.51,17.05,29.1,21973.41
12.9529,96.3046,354.5,2074.88,33.78,45.8,5.0,70314.88
31.0843,93.3331,480.7,1845.59,26.56,77.79,27.0,108132.72
31.8291,77.552,148.9,1739.84,22.76,29.3,29.3,38082.15
20.5904,85.0461,185.6,1936.08,30.07,27.64,17.6,34309.65
10.0439,92.5716,45.0,2079.89,33.07,6.47,15.2,9576.97
18.4713,80.797,88.2,2091.79,29.91,14.83,15.6,24343.13
29.6955,68.5208,358.2,1853.36,25.56,49.32,38.8,64363.07
32.3479,70.1608,87.5,1827.77,24.03,14.39,42.2,18796.07
13.4938,82.8014,290.4,1963.02,34.0,38.46,9.8,52116.46
9.8083,96.1137,24.8,2154.61,35.16,4.12,10.0,6708.5
31.6885,88.1031,37.2,1751.2,21.32,6.25,32.8,8247.01
18.5139,70.0566,341.4,1988.3,27.55,52.39,20.1,84921.2
22.6275,73.4915,25.7,1887.42,27.68,3.87,20.1,5799.26
34.1378,90.3684,104.2,1701.83,26.9,14.55,27.5,18971.49
9.7972,92.4018,49.2,2235.62,32.49,7.21,5.0,12203.27
25.5046,85.9131,121.4,1731.89,26.71,19.41,17.6,24456.45
10.0008,86.6883,318.3,2306.17,33.03,44.51,18.0,72744.45
18.1377,68.8218,47.5,2056.23,29.33,8.67,13.7,13963.94
29.703,92.0274,37.3,1805.96,25.59,6.58,21.2,9423.83
19.7038,90.86,24.1,2061.88,32.53,3.4,22.2,5448.83
34.9239,75.512,341.6,1599.22,23.8,43.66,26.4,52074.23
23.0946,88.5516,68.1,1875.12,26.6,8.17,14.5,11340.31
16.6714,74.2308,43.0,2034.23,36.6,7.22,19.1,10339.3
13.943,69.1696,49.0,2202.27,32.48,6.71,15.8,11547.08
17.4641,73.833,86.1,2025.93,29.59,10.42,8.3,14177.52
18.0584,73.1802,93.5,2054.95,33.3,13.9,17.3,19120.85
9.8553,77.7947,32.6,2119.44,33.23,6.43,8.6,9213.88
17.9785,80.135,28.6,2059.33,33.84,5.0,18.9,6898.15
20.5344,82.7476,129.4,2108.56,27.62,24.41,25.3,41816.4
27.5139,81.8259,111.8,1928.39,29.08,14.71,23.2,22326.43
25.7317,75.8496,172.4,1874.31,27.42,21.7,24.4,29415.23
27.1367,68.8459,45.2,1909.58,28.97,5.46,33.0,7821.13
8.2258,85.5479,68.7,2242.14,38.7,13.5,16.7,23343.97
13.877,79.4766,147.9,2134.74,30.09,21.3,21.7,34777.24
25.8655,76.6615,281.8,1967.38,29.51,44.18,25.4,73512.23
21.0677,93.1413,38.5,2053.14,26.3,5.83,21.5,9223.21
8.1435,89.6556,22.3,2187.24,32.84,3.99,8.7,6366.51
29.7214,92.8752,30.3,1860.37,23.62,4.39,37.1,5925.17
28.8659,82.3545,430.8,1793.77,26.62,70.15,35.7,95638.46
22.8073,71.797,34.3,1859.62,28.4,6.85,19.0,10143.42
9.7945,88.1904,47.1,2146.14,33.86,7.33,5.0,11723.14
28.6959,73.9761,107.5,1821.37,25.98,17.64,26.3,24337.35
23.7603,80.7957,47.9,1783.39,29.09,7.67,19.5,11012.47
29.1129,69.885,49.5,1888.79,26.84,9.12,38.1,13319.9
28.2972,91.9339,33.6,1613.26,28.05,4.75,23.6,5788.17
29.6811,71.6523,106.5,2026.93,28.88,14.23,23.3,20891.85
21.9862,94.1898,133.5,2068.4,28.66,24.07,30.0,36872.01
11.7888,93.0627,72.2,2110.92,32.25,11.06,5.0,17731.51
26.1213,81.4729,451.6,1874.57,28.07,87.2,21.3,119279.49
24.7528,89.5867,37.8,1922.69,25.17,6.48,23.5,9079.01
28.0408,85.9639,122.6,1792.13,24.62,20.24,29.9,27497.2
12.5868,91.2892,22.4,2132.85,34.93,2.81,9.1,4431.66
13.2643,80.5223,43.0,2093.72,32.38,7.67,13.2,12981.67
32.0411,90.7884,29.3,1759.72,21.77,5.13,26.0,6597.35
28.2494,81.4112,44.2,1850.03,22.91,7.56,29.7,11075.66
32.5222,95.288,35.3,1653.52,24.06,4.99,30.7,6335.07
28.4853,82.1048,28.2,1834.43,28.07,5.53,35.5,7564.62
24.1232,81.416,145.3,1922.86,30.0,21.17,22.4,33341.68
25.6616,90.7671,43.0,1892.4,27.27,5.68,24.5,8313.44
32.0065,91.8258,148.6,1750.62,28.21,29.56,33.8,37814.27
23.6278,84.0802,30.9,2009.73,27.76,5.56,16.1,8799.13
25.0746,73.2141,39.5,1864.37,27.04,6.05,18.2,8894.85
12.2249,81.565,38.3,2142.14,27.96,7.47,18.0,11511.99
20.7959,96.0741,40.6,2073.46,28.35,5.17,16.3,7651.96
27.3427,89.8366,21.1,1845.48,28.0,2.69,31.0,3860.99
15.3155,91.5237,79.2,2085.48,34.84,13.82,7.3,21039.77
13.4609,68.9519,140.9,2093.99,30.88,18.92,19.9,28896.24
16.4733,81.5679,32.7,2146.47,32.11,6.33,26.2,10522.77
14.5205,86.752,48.8,2062.01,34.16,9.14,12.0,13638.36
13.8026,92.0709,71.4,2198.22,32.41,10.31,13.9,17509.35
19.471,69.4289,49.9,1985.24,25.27,9.54,18.3,15569.47
32.5116,92.7207,40.9,1690.03,24.46,5.05,40.4,6403.07
21.6906,83.9036,127.6,2007.92,30.36,20.92,11.9,28272.95
13.0739,73.7221,89.7,2084.3,30.82,17.47,16.1,26931.13
10.0782,77.2004,140.7,2212.23,33.56,26.51,13.1,44188.86
26.7962,76.176,104.5,1643.32,24.23,15.52,24.4,20807.39
18.3356,83.3949,40.4,2014.38,25.21,5.44,12.7,8177.65
30.1894,69.4989,22.8,1763.82,27.07,3.13,25.0,4566.04
25.8068,72.5975,39.0,1794.42,26.98,6.28,31.8,8006.88
29.4985,91.5681,137.9,1768.77,28.52,23.13,20.8,30894.03
15.3425,71.8455,212.4,2021.94,33.41,26.05,16.6,39076.64
26.6937,74.7685,42.1,1859.67,25.88,6.45,22.8,9835.74
15.1297,81.1477,20.8,1962.28,31.63,3.87,10.4,5266.25
33.3548,82.9965,47.8,1768.91,24.72,7.43,33.5,10477.74
25.1821,90.1447,49.5,2000.02,29.2,6.61,33.1,9775.52
16.7618,80.9726,30.6,2064.76,31.7,6.01,19.1,10068.04
15.2768,90.9061,60.7,2133.74,33.94,8.58,21.0,12970.37
13.155,85.932,380.5,2194.77,32.09,69.96,15.2,118070.09
26.7553,71.2799,20.9,1961.32,24.57,2.83,30.7,4105.89
13.9053,72.5336,34.5,2243.32,32.21,5.3,12.6,9054.11
24.0732,80.674,28.2,1870.75,28.18,4.48,32.6,6172.94
15.1451,79.5098,34.2,2013.91,29.38,5.47,15.2,8278.38
25.8732,89.5628,20.5,1940.96,24.28,3.31,26.9,4512.07
30.0034,84.8414,55.2,1860.6,25.99,7.61,30.5,11211.48
29.0067,79.2559,20.5,1883.93,24.73,3.3,25.3,4541.08
28.543,72.952,366.7,1981.37,25.42,58.13,23.2,83312.68
13.0685,74.5783,106.0,2109.68,32.0,14.49,5.0,20856.71
10.3864,84.6895,73.3,2191.14,36.97,14.59,14.7,22193.92
26.8716,80.2797,39.4,1781.88,29.03,7.46,22.7,10324.28
17.9454,82.9329,138.4,2191.81,28.05,26.44,15.7,45354.39
19.6733,72.9496,28.3,1962.96,28.68,4.95,28.1,7520.79
8.841,87.2243,45.0,2160.2,36.32,5.97,10.2,9074.2
15.0086,92.7236,39.9,2046.11,33.05,6.6,7.0,10054.56
8.9093,75.4802,161.8,2132.04,34.51,30.06,14.9,45770.86
31.738,82.2539,31.3,1714.36,22.04,3.85,26.9,5377.93
14.5717,96.2903,35.2,2039.81,30.68,5.63,15.6,8912.4
23.0481,77.664,42.0,1819.87,27.19,6.36,23.2,8649.82
9.0524,85.2563,28.6,2118.23,35.08,3.92,5.0,6459.44
26.0049,70.6157,49.5,2031.83,30.31,7.44,18.3,11560.84
16.7217,85.5744,40.5,2101.86,29.7,8.05,10.9,11842.57
32.2438,70.5993,87.3,1837.68,22.04,15.52,24.2,20130.15
31.9792,95.8178,22.9,1862.55,23.99,3.3,27.5,4428.74
16.7828,88.7542,68.1,2188.64,33.11,11.48,26.7,19913.26
32.3259,90.8566,98.8,1620.42,21.16,13.8,30.4,16712.18
34.8963,88.419,34.8,1617.48,25.8,5.88,42.2,7911.61
30.2862,85.1021,126.8,1734.55,24.63,24.3,31.3,31076.62
30.8115,81.0475,122.6,1751.81,23.27,20.18,34.1,25874.62
14.7232,92.8928,70.1,2054.94,28.77,12.53,7.9,20225.01
23.571,95.7482,109.5,1883.96,29.41,17.11,19.1,25493.72
9.8159,82.472,52.1,2184.86,33.84,8.43,10.0,14234.51
10.5628,95.0145,32.0,2156.69,34.19,5.61,18.2,9182.81
34.9701,84.9167,126.4,1656.71,21.06,23.38,25.8,28650.41
16.8193,83.6131,32.0,1867.21,30.39,5.53,17.0,8205.08
28.201,81.18,133.6,1756.95,24.94,26.47,19.2,35730.54
29.78,74.0693,49.3,1764.02,25.0,9.15,28.9,12327.97
31.1666,68.1079,110.7,1763.23,23.24,20.17,33.7,27851.14
34.936,75.0037,24.4,1624.78,19.81,4.57,39.8,6134.02
14.5204,82.782,88.0,2043.37,37.52,12.54,7.3,18937.59
9.0895,79.0188,50.9,2089.91,31.78,7.87,5.0,10997.86
19.1022,81.0061,361.0,1990.1,30.37,59.61,18.5,94409.56
11.5122,96.4388,132.2,2050.93,29.88,20.75,21.5,32860.52
8.6055,78.1579,38.9,2121.19,30.73,7.3,5.7,11477.39
17.7315,81.1133,425.1,1920.14,30.82,51.94,16.3,76092.27
29.1609,71.872,130.0,1806.82,25.83,17.77,27.8,24999.84
23.2869,69.3908,135.1,1855.52,30.64,25.74,14.9,31983.36
16.445,90.4869,243.3,2120.53,32.0,30.35,21.9,47027.51
25.6672,84.5498,46.1,1914.46,26.75,6.37,20.7,9136.77
14.2645,90.0604,39.6,2081.65,30.28,5.87,18.3,9142.54
8.3883,72.346,79.0,2129.21,37.82,14.22,7.9,21783.32
28.6375,84.583,148.7,1858.97,27.57,24.51,30.9,36095.89
24.8411,75.3556,48.5,1952.12,24.93,9.52,15.9,13540.82
28.5822,74.6138,107.4,1840.94,25.81,14.85,36.4,21701.35
9.0513,68.3343,45.3,2309.37,34.82,8.6,5.0,15154.83
30.6022,71.7799,76.1,1829.93,24.14,10.86,34.0,16442.93
24.7272,76.9688,91.6,1972.0,29.02,12.79,30.7,20658.92
23.2117,71.3895,25.5,1936.88,29.82,4.08,24.0,6555.39
24.8646,96.5899,102.0,1950.49,27.03,12.82,21.6,18021.3
31.3397,76.9503,99.6,1716.14,23.94,15.01,40.9,19936.53
23.8473,71.7794,26.4,1878.08,30.87,3.92,19.4,5334.53
23.6857,73.7734,40.2,1945.61,29.81,5.34,32.7,9002.56
34.7483,85.0434,23.5,1745.9,23.11,4.44,27.9,6149.69
28.4317,69.8573,56.2,1872.84,22.55,8.47,26.2,13290.36
19.9419,93.0106,31.5,2073.08,30.31,6.26,12.7,9903.35
27.0997,95.8835,32.3,1742.21,27.8,6.2,17.1,7017.1
18.5092,75.1557,29.6,1932.88,24.76,4.01,13.7,5730.7
14.1796,81.0528,27.7,2107.13,32.72,4.45,5.9,6675.42
24.115,68.6419,83.9,1851.98,26.91,14.1,33.8,19239.51
33.0609,86.5806,66.3,2019.12,23.28,12.31,38.3,19559.53
33.0868,80.0039,32.1,1789.7,21.9,6.13,23.2,8616.21
17.2314,75.8317,140.5,2027.57,30.55,23.87,11.7,31531.76
22.2473,73.9983,72.4,1902.31,31.37,8.9,25.6,12586.96
13.7142,86.9667,40.5,2058.73,31.54,6.42,11.7,9736.26
34.882,80.0703,24.3,1718.53,24.83,4.63,41.5,6507.08
34.4902,73.2101,273.9,1732.14,21.47,48.51,34.6,68414.73
25.5367,87.9842,82.1,1847.8,28.63,15.57,28.6,21710.89
29.7192,84.3871,143.7,1787.2,25.23,24.99,31.7,34988.85
27.3077,92.9015,32.8,1960.0,27.02,4.06,30.1,5590.82
24.0153,71.4068,119.0,2022.49,27.81,23.5,18.6,37254.73
9.4404,90.7843,110.2,2194.24,35.64,21.33,6.9,34001.63
20.2786,87.532,64.1,1871.68,24.34,8.34,11.3,11399.17
26.2192,71.3353,478.8,1915.13,23.96,61.78,28.0,98240.77
26.2934,88.1498,271.1,1995.06,27.6,44.22,25.5,68859.4
18.0743,80.8049,165.7,2128.24,26.38,29.91,23.3,46987.97
33.4257,95.4046,29.0,1801.09,22.5,4.37,27.6,5907.34
12.5186,72.1067,267.5,2232.46,32.86,35.01,11.3,59899.67
21.5097,86.6422,22.8,1961.1,27.26,3.66,15.1,5519.96
26.6539,79.0774,367.0,1914.48,25.22,53.95,28.9,80058.58
26.8227,95.7476,30.4,1806.73,27.07,4.5,33.8,5787.22
25.5133,77.5693,112.9,1908.14,29.14,19.38,30.8,26441.91
15.4328,95.9034,20.2,2172.57,29.74,3.86,24.3,6012.47
12.2176,94.1431,148.2,2076.93,31.95,24.41,21.7,36990.19
25.1704,75.8411,25.1,1822.02,25.81,4.4,30.6,6118.49
24.1812,91.3027,39.8,1916.54,22.88,6.87,19.9,10142.96
12.8426,96.8725,121.6,2094.7,33.1,19.95,7.2,30830.6
27.0388,75.3272,67.2,1909.23,28.3,9.73,26.0,15594.28
20.2896,80.6665,23.4,1942.53,31.5,3.51,30.2,5239.85
26.0295,83.0852,24.6,2012.94,25.15,3.57,24.3,5903.71
30.6089,76.553,27.4,1689.87,22.32,5.3,24.6,7094.18
12.5827,68.4427,66.8,2217.81,32.98,12.44,21.5,20350.85
8.5169,74.3837,385.9,2129.51,36.43,64.19,6.2,103122.54
29.0358,76.1762,92.1,1677.68,25.84,17.77,32.9,23168.38
24.4618,80.8644,36.1,1922.72,28.17,6.9,30.2,10445.79
26.8903,72.962,21.4,1839.61,28.78,4.16,33.8,5477.06
30.6302,93.3244,451.4,1703.89,23.34,62.18,37.1,84541.4
29.6759,88.4424,25.1,1675.32,24.81,4.46,36.4,5762.71
33.9448,70.4708,86.0,1732.32,26.59,14.51,37.3,17542.63
22.4702,86.8527,22.2,2017.6,28.09,3.96,20.5,6145.54
21.1894,86.956,63.7,2009.39,26.53,8.98,24.5,12943.58
18.851,95.7304,383.0,2009.22,28.78,67.25,25.6,98982.99
12.1497,68.0876,40.8,2163.61,31.26,6.23,9.2,10078.03
23.4604,75.19,117.7,1919.54,28.76,21.98,19.4,29606.15
15.4793,94.906,105.2,1950.99,29.84,19.32,12.4,28484.11
32.8753,95.0319,48.6,1638.57,24.35,6.65,33.9,8524.3
23.7462,88.897,35.2,1900.32,26.44,4.74,14.8,7054.38
24.0067,90.2071,94.9,1899.03,23.55,16.84,29.6,24109.12
17.583,70.653,27.4,2095.59,31.3,4.5,10.4,7111.02
9.4037,82.9024,59.9,2235.32,34.67,9.86,5.0,16230.6
8.8571,74.7159,36.4,2232.98,35.65,6.57,5.0,10602.43
19.43,73.2553,29.4,1971.84,28.51,5.55,21.0,7677.62
10.2833,91.4988,35.7,2048.45,32.41,4.97,6.0,7563.95
24.3849,71.9161,26.2,1938.04,28.43,4.31,21.7,6612.37
31.7863,81.5909,45.1,1813.86,27.33,8.41,40.4,10946.13
31.8387,95.2188,50.0,1579.82,24.29,9.49,38.8,11357.79
25.7942,73.3891,82.2,1812.96,27.84,11.76,32.8,16036.72
13.7033,96.3618,444.8,2042.06,31.79,57.08,15.3,92888.51
31.3009,96.8344,137.3,1790.05,21.43,19.03,38.6,26397.26
31.9245,84.1129,49.9,1705.09,26.17,9.76,37.5,12886.87
13.3096,72.9341,270.0,2101.38,34.43,42.38,22.4,64998.51
27.9105,77.167,42.7,1824.77,27.46,6.55,19.2,8768.38
15.736,80.3103,26.9,2048.02,31.15,3.25,6.3,4641.6
29.6713,76.9704,38.7,1752.61,26.44,4.81,23.2,6318.66
34.9254,76.1384,41.1,1664.22,24.67,7.14,43.5,9219.49
8.8107,96.1947,409.4,2098.99,37.88,68.44,10.9,106256.48
32.2289,72.4476,26.2,1794.29,26.07,4.35,30.8,6481.42
24.811,89.2665,134.9,1943.09,27.56,17.38,25.1,27283.44
34.2813,68.0119,32.6,1665.29,20.56,4.83,40.9,6647.26
20.5553,85.2893,71.6,2095.66,29.66,13.25,29.1,18603.36
30.8795,94.5623,104.3,1763.0,25.22,13.97,35.5,20424.28
9.6846,76.3501,45.9,2292.09,35.66,8.75,14.9,14939.67
17.0525,73.3803,146.7,1985.68,33.63,19.03,13.5,28725.24
9.8094,86.8987,124.8,2005.3,34.0,16.67,9.2,26210.15
34.3343,88.6654,50.6,1758.16,27.35,8.0,42.0,10627.85
30.0583,87.9529,63.5,1822.83,21.56,12.42,35.8,16653.41
31.0188,77.2602,57.6,1788.41,25.48,8.43,34.7,12447.19
33.3251,75.3139,23.0,1692.77,22.01,3.98,24.6,4980.3
10.2978,95.7216,88.3,2155.87,30.15,14.75,5.0,22727.91
18.4111,94.7757,30.2,1971.7,29.91,3.98,11.0,5798.88
9.9179,81.2622,23.4,2141.29,31.22,3.27,11.5,5197.34
13.6914,92.5396,458.8,2164.89,32.12,89.19,14.4,146028.62
14.1929,81.1174,38.5,2103.27,32.28,5.18,23.0,7991.9
20.6659,80.3073,43.9,2020.81,31.54,7.71,24.6,12484.5
15.2512,72.5461,31.1,2050.93,28.72,6.14,11.1,9775.95
10.7264,80.3658,32.3,2123.56,35.59,4.19,5.0,6251.9
12.5223,83.5851,29.5,2026.32,33.16,4.49,19.5,6478.82
11.9764,68.6526,303.4,2098.82,35.27,41.85,11.2,64266.59
34.2731,80.8793,38.3,1461.4,22.31,5.28,37.3,5911.48
28.5009,90.6593,99.3,1783.77,23.11,12.86,29.8,17495.22
34.1296,87.7213,45.1,1723.12,20.81,7.76,26.3,9784.44
19.873,86.4196,140.0,2031.38,27.07,25.16,11.0,39042.87
15.5159,94.3771,314.4,2043.22,32.57,54.75,13.1,82074.74
29.5539,68.5229,27.2,1839.84,28.25,5.27,26.8,7050.12
16.8089,84.1544,144.5,1867.06,29.91,19.03,20.3,27538.93
16.0834,90.8331,407.3,2049.95,32.62,59.29,18.7,95048.97
14.2777,83.6987,114.0,1952.64,29.13,16.82,23.7,24185.23
11.5013,77.393,42.4,2040.31,33.79,5.87,18.7,9605.46
14.9245,71.9513,57.6,2060.39,33.22,7.57,14.9,13066.37
17.5936,93.7393,56.8,2129.42,27.79,9.02,17.6,15182.77
26.1978,81.6521,24.6,1902.14,26.4,4.59,29.7,6543.98
9.6893,93.4653,24.4,2171.05,35.67,4.8,5.0,7775.15
13.6837,84.9897,32.6,2096.13,26.57,4.25,23.7,6287.75
29.8436,87.5516,24.7,1749.72,27.84,4.59,30.2,5916.5
11.9669,91.3236,449.1,2085.08,33.92,83.51,20.2,117000.94
17.2514,87.1155,37.3,2067.66,32.27,5.64,26.6,8314.16
31.3458,79.5436,31.0,1668.95,23.67,4.0,33.0,4888.17
12.183,82.8954,57.0,2172.15,29.67,11.35,5.0,19040.15
10.2339,91.2883,37.7,2128.71,35.06,6.51,11.7,9941.54
21.0825,78.8359,23.5,2030.56,28.95,4.67,23.0,7337.17
16.1653,79.2555,124.3,2129.91,31.39,19.73,21.9,32559.75
23.212,70.775,44.1,1792.34,30.33,6.68,14.2,9412.73
29.7027,94.5229,36.3,1762.82,26.76,5.08,29.0,6799.56
11.703,70.6401,24.5,2064.9,37.18,4.87,20.2,7385.4
23.6789,86.7981,128.7,1772.76,28.25,18.05,33.5,24317.3
21.6487,79.9826,80.8,1871.72,27.48,9.85,15.5,14863.21
11.8901,79.763,227.9,2325.28,32.87,36.7,19.3,65503.34
24.848,87.707,34.1,1945.5,28.25,5.12,17.8,7994.91
15.3883,69.9457,142.3,2220.39,33.71,20.05,22.2,30096.81
21.1715,85.2175,254.1,2029.24,26.14,43.39,16.7,65211.3
10.2214,90.3889,47.2,2100.67,34.02,7.03,19.4,11354.15
20.4088,92.0182,168.8,1946.1,32.64,25.68,24.3,38431.77
16.2745,72.9454,179.2,2098.13,30.8,21.84,14.3,34485.16
30.2043,94.0252,41.0,1835.32,26.87,6.84,25.8,9363.53
9.5384,87.0282,25.7,2126.12,35.29,3.34,5.0,5445.17
19.3024,93.5738,29.5,1875.76,31.83,4.04,22.9,5124.23
20.3776,82.0731,24.1,2240.22,27.81,4.27,28.3,7487.49
27.5752,83.719,266.3,1836.36,24.58,38.63,32.7,54824.49
23.5058,94.6521,248.2,1894.84,28.06,33.02,30.2,46081.88
26.0147,94.0974,42.1,1884.8,23.83,7.0,31.6,10420.02
28.9803,80.9967,120.2,1802.94,25.02,16.49,38.6,22086.58
31.2795,75.958,145.5,1790.79,25.03,20.61,36.4,28380.76
16.4746,79.4019,41.7,2150.41,34.76,7.08,10.7,11187.68
22.5266,79.2452,119.5,1928.56,29.27,21.41,28.4,32260.61
30.6829,76.3191,393.0,1698.69,26.04,70.41,27.1,92642.2
34.7152,75.7888,46.5,1706.2,25.31,7.37,44.6,8597.48
32.017,92.9708,28.9,1730.54,22.26,4.52,29.6,5696.21
18.0296,70.026,29.0,2133.38,30.16,5.31,13.9,8082.91
13.2695,87.6507,42.2,2198.84,37.48,5.72,8.1,9384.22
21.2136,73.0118,26.9,1970.76,28.9,3.55,24.4,5469.05
28.0243,77.9907,47.4,1737.26,28.22,8.2,20.2,11605.74
21.2994,69.7847,103.5,1862.54,30.94,15.81,30.4,20705.94
21.0459,75.8292,80.0,1966.38,26.17,14.15,16.9,22731.17
30.6322,90.2842,43.3,1819.53,25.44,6.08,26.5,7683.73
17.7579,93.6654,29.4,1994.39,30.9,4.29,8.7,6344.21
31.2145,74.4243,146.3,1743.73,25.21,28.06,26.1,38011.3
18.9837,81.4429,148.3,1954.87,28.55,22.8,17.4,34517.22
16.8623,81.6394,40.0,2038.61,28.78,6.69,14.3,10234.21
20.2577,93.3337,23.4,1788.74,28.53,3.01,15.7,4107.96
28.5861,90.1212,76.3,1741.34,25.54,10.25,19.4,12674.81
11.4021,82.8792,35.5,2088.6,35.84,4.36,7.4,7004.07
13.3033,87.4517,45.5,2201.14,36.25,7.01,18.9,11443.1
33.689,92.5733,25.5,1672.49,26.23,5.09,32.5,6702.34
12.7383,68.2766,23.1,2129.15,34.59,4.39,8.6,6826.42
23.3286,79.6838,22.2,1942.21,26.09,3.79,19.4,5556.84
23.6415,94.3101,35.2,2022.29,27.14,6.65,24.7,10637.65
21.2199,89.4691,138.5,2063.05,29.47,23.2,17.3,39110.6
25.4081,83.7424,54.2,1882.05,25.9,8.11,28.0,10949.35
14.2053,83.3597,224.3,2050.27,33.36,30.03,24.0,41801.6
22.9219,78.0853,40.8,1878.3,29.73,7.03,13.7,9957.38
18.0487,83.0951,44.8,1999.84,31.55,6.06,11.4,8872.33
25.865,87.0061,130.7,1843.71,29.01,20.05,19.4,27997.54
11.813,80.1325,128.5,2175.66,31.47,23.91,10.8,39352.26
23.4137,88.7104,23.9,1956.18,29.93,3.11,14.2,4664.43
13.0023,92.9757,31.9,2157.3,31.36,4.16,12.6,6715.32
15.5234,72.4859,49.5,2165.32,29.73,6.83,24.1,10359.83
13.9052,81.0949,49.7,2242.74,33.41,8.15,5.0,12879.99
12.9366,79.8326,38.1,2121.11,35.21,5.34,10.2,8337.93
30.2942,87.9365,398.2,1886.66,25.94,63.82,35.5,86319.14
15.7141,75.2462,48.5,2033.01,31.57,7.0,8.8,10564.96
33.0323,86.5673,307.5,1844.22,24.36,49.35,24.6,69579.19
34.188,93.4472,63.7,1813.54,23.49,9.06,36.8,12563.37
23.424,80.1258,40.1,2003.04,25.81,7.95,13.6,12142.42
11.861,94.4195,146.0,2138.03,30.78,23.28,17.9,34233.55
18.1128,96.8017,119.7,1964.5,30.29,21.49,9.4,29898.44
29.5388,71.0767,44.1,1700.74,25.47,7.76,30.0,9673.78
17.9195,74.7585,32.7,2018.25,30.56,5.2,22.7,8235.71
10.3495,95.561,59.6,2280.35,35.29,8.3,5.2,15542.87
23.0332,95.7915,66.9,1904.61,27.8,10.76,15.1,14750.23
30.8183,70.8335,148.3,1852.08,25.86,25.87,24.3,36089.77
29.49,68.435,34.8,1880.7,25.04,5.46,36.6,7566.05
12.7283,72.6719,20.4,2092.2,36.52,2.58,16.8,4010.63
26.1646,96.8844,48.7,1978.34,26.99,5.91,20.1,8613.15
13.9536,73.22,34.9,1860.14,37.0,5.11,18.3,7065.18
13.8916,82.5739,133.6,1996.13,33.05,17.64,18.1,27120.54
31.5999,92.6041,342.0,1701.95,23.95,65.83,41.6,79926.53
14.7411,68.5916,60.2,2013.08,30.17,8.07,12.6,12496.26
15.1077,85.5302,111.6,2098.96,28.92,16.91,22.4,24263.7
8.0176,76.0337,149.7,2222.89,33.01,26.5,6.9,43763.5
31.5081,93.0077,53.5,1808.37,22.66,9.91,39.5,13549.47
29.4001,76.2204,134.2,1862.49,26.16,21.23,21.2,29603.26
24.9379,87.9159,27.1,1819.11,26.33,3.64,18.4,4958.75
28.2572,87.5524,287.9,1737.92,26.26,40.78,35.3,52514.73
12.1053,74.4233,31.2,2157.81,35.72,4.79,18.5,7468.01
20.3747,69.0092,47.0,1926.84,29.26,7.01,16.5,10357.18
17.4829,79.8682,35.1,1903.67,34.89,5.2,19.4,7470.88
10.532,76.3866,33.4,2232.13,31.51,4.36,8.2,7383.65
21.1255,91.4604,131.8,2075.35,28.79,25.45,11.3,38251.3
32.86,91.2106,21.5,1877.09,22.73,2.63,23.4,3979.0
9.0816,81.2537,58.6,2195.49,36.39,9.1,5.0,15812.22
15.8694,85.5889,20.7,2108.42,26.98,4.1,17.8,6223.1
13.6036,85.5235,40.6,2208.72,29.59,7.02,9.2,11810.9
14.43,91.9876,35.8,2032.95,31.89,5.31,7.3,7825.46
32.5277,80.3251,137.6,1847.36,27.07,18.12,41.4,26375.38
20.6379,75.988,99.9,1994.55,29.76,19.68,13.1,29332.75
20.5901,75.686,26.7,2046.48,26.63,3.23,24.1,5082.25
28.5355,83.5496,44.2,1845.25,23.36,7.71,36.4,11175.27
12.1713,81.0253,253.0,2228.62,36.47,48.18,5.4,77133.5
21.1562,80.7635,48.1,1981.07,27.84,5.87,15.5,9553.36
19.6096,70.643,27.5,1872.31,27.89,4.9,21.1,7221.4
24.1166,88.8395,25.0,2026.06,30.7,5.0,24.3,8076.96
34.9881,74.1984,34.8,1638.41,24.88,5.96,35.4,7526.84
28.7751,73.7117,21.5,1926.29,28.2,3.3,29.9,4848.8
18.7424,79.97,21.1,1999.42,28.27,4.01,27.7,6249.18
30.3439,74.6056,323.6,1891.89,21.9,53.18,21.4,80073.72
12.6091,84.9319,71.5,2207.82,33.19,12.87,17.8,19784.65
8.8225,78.7724,50.9,2219.61,35.3,8.51,5.0,14053.4
13.5201,81.0184,79.6,2141.32,33.25,9.8,11.0,16080.62
17.1911,83.5779,97.7,2068.37,33.82,13.39,9.0,20194.32
21.7857,73.9025,89.4,1790.75,25.33,11.29,20.7,15995.0
24.6085,72.5168,197.4,1910.51,29.25,25.37,30.7,36325.46
32.5864,93.5322,37.4,1668.16,21.74,4.53,24.6,5172.69
21.7661,80.578,41.3,1965.91,30.52,6.35,17.3,8778.33
21.5344,79.9507,117.6,1864.94,27.96,15.79,19.0,23622.29
9.3566,69.0328,287.8,2080.79,32.76,54.24,5.0,83155.65
8.9426,82.4413,198.2,2311.43,33.36,35.67,14.2,61762.37
22.8813,84.0709,99.9,2017.69,25.41,16.58,28.6,25597.39
19.8308,84.2064,46.7,1986.71,29.76,7.43,26.5,10610.4
30.6579,88.5039,34.1,1806.94,23.26,4.78,32.3,6592.14
12.3383,73.147,218.5,2102.08,34.62,34.52,12.5,55292.71
8.6742,75.3145,22.8,2233.45,35.98,3.9,5.0,6562.7
20.124,91.5112,48.3,1927.68,32.92,8.82,23.2,14114.03
14.4119,95.4679,410.1,2164.08,32.85,51.89,13.3,82538.19
9.3396,71.942,29.4,2155.64,35.44,5.19,18.8,8804.67
27.5642,82.4318,79.5,1814.26,29.0,14.27,36.9,18481.93
11.013,74.2111,139.5,2147.5,32.39,22.98,19.1,37337.25
24.4246,69.7421,25.3,1857.06,24.63,3.47,21.6,5035.86
15.5883,77.4396,36.1,2089.7,31.99,5.88,12.9,9184.45
12.6844,72.1669,41.4,2072.69,30.05,6.63,19.7,10277.2
18.2533,88.5881,89.6,2052.92,35.29,14.17,22.8,20788.79
29.639,83.478,21.2,1907.78,28.17,3.32,33.7,5035.61
18.5865,72.1712,26.8,1951.9,34.56,3.46,14.2,4788.64
28.2708,68.268,465.6,1824.68,26.0,62.69,34.9,88470.83
11.3881,91.4366,35.7,2175.92,34.58,4.56,13.0,7687.33
28.8648,73.1096,44.5,1789.56,24.69,6.2,27.8,9235.17
14.3972,85.5803,36.7,2122.0,33.89,5.17,21.7,8464.23
26.2896,77.7707,48.3,1915.22,24.34,6.74,24.2,10318.36
23.2761,84.9791,468.2,2011.69,23.04,64.08,26.4,97200.25
33.0869,77.154,34.5,1699.96,22.13,6.17,32.4,7933.76
18.4577,70.5212,29.5,1936.34,27.38,5.48,20.3,7688.08
9.7865,74.4656,360.6,2143.24,37.15,52.71,5.0,77530.34
8.5172,73.4537,117.5,2113.27,38.4,16.97,7.7,26409.72
30.3252,80.4126,35.0,1843.31,22.15,6.55,31.5,9147.36
22.1679,87.0902,437.8,1852.04,31.21,74.39,22.0,111029.66
28.9316,75.6504,68.3,2009.87,27.48,9.8,35.9,14462.63
14.3295,68.35,30.0,2189.74,29.01,5.32,10.6,8881.07
17.3173,83.0492,118.6,2033.3,30.03,17.51,25.0,26233.1
8.8128,85.567,236.3,2254.76,33.47,39.45,6.9,61963.53
33.9603,95.9232,33.2,1601.77,24.81,6.62,37.9,8626.06
26.0324,85.0947,146.4,2077.29,24.43,21.1,17.8,34578.56
33.1965,81.664,369.1,1699.25,23.46,71.76,27.2,97782.72
15.1684,84.6286,144.9,2061.33,30.4,21.11,20.4,33659.98
24.5095,94.9091,41.7,1754.35,28.52,6.8,14.8,8567.55
26.3195,92.023,41.7,1909.15,26.32,6.54,35.7,9066.73
16.5738,77.3664,109.2,1957.16,30.07,19.94,10.4,29930.56
30.8989,74.8804,24.3,1795.95,24.27,3.03,38.9,4474.96
33.5734,75.6164,331.9,1696.14,27.56,56.48,33.9,75311.1
31.8911,82.6282,27.6,1683.74,23.42,4.99,33.2,6890.85
27.9548,89.5774,50.0,1776.46,23.94,7.88,19.6,10410.5
15.4915,82.5934,76.7,2083.22,32.8,9.85,12.8,16225.15
15.6036,69.9661,73.1,1960.62,31.29,10.2,8.7,14580.11
34.0107,88.9838,38.7,1671.9,20.46,6.75,34.5,9055.76
8.2777,91.3731,35.3,2248.06,39.34,6.77,9.3,10951.98
27.3333,76.3954,52.1,2060.2,25.6,8.01,31.5,13243.23
27.0686,87.2596,195.3,1894.97,25.66,32.2,34.6,48484.43
24.8126,80.3712,131.1,1823.99,27.75,18.13,24.2,23580.94
34.7329,93.7845,34.5,1689.44,26.43,5.28,29.4,7258.38
16.4207,92.5115,24.4,2050.95,27.85,3.58,13.1,6271.25
17.1792,83.2375,96.5,2006.82,31.42,16.64,24.1,24407.9
10.1314,88.0537,238.6,2233.88,38.22,47.43,5.0,76581.03
19.9555,93.6171,26.7,2002.2,29.88,4.94,22.5,7971.79
15.0483,82.3758,145.8,2145.76,29.36,19.73,5.3,31603.59
17.2714,77.0843,30.9,2007.96,29.59,5.13,12.2,7765.2
30.5334,89.8563,54.6,1900.44,25.27,6.85,32.4,11044.06
33.2581,74.3819,147.0,1732.04,26.3,20.55,32.4,25681.38
13.0148,79.2674,43.8,2032.04,32.06,5.87,12.9,8680.96
18.0577,93.1061,75.4,2193.15,32.13,11.08,21.3,18617.27
33.073,89.0082,32.3,1602.69,20.85,5.62,27.8,6459.38
9.6688,79.7105,45.9,2110.86,31.36,7.34,5.3,11405.92
10.4937,74.2276,85.7,2104.95,32.91,16.69,14.2,25740.29
12.3954,78.3231,37.0,2321.55,35.9,5.07,13.2,9181.68
24.0707,76.239,103.5,2055.28,27.91,15.43,14.4,24558.77
12.0628,73.1066,32.0,2246.38,33.75,4.69,15.5,7188.43
34.1381,89.5567,114.0,1703.06,23.79,15.83,36.5,20250.57
20.0613,75.31,34.2,2176.99,31.79,6.82,11.6,10602.42
21.541,81.1709,52.1,1985.73,27.69,7.87,26.5,11750.91
14.6598,79.1899,131.4,2158.3,33.38,25.66,15.1,39406.64
20.7159,96.4802,189.6,1985.49,27.62,28.68,14.8,44147.74
25.8717,79.3417,312.4,1874.35,30.92,42.59,27.1,58471.84
28.2818,70.3195,37.4,1814.79,24.27,4.84,30.2,7032.83
28.3544,70.6049,41.2,1816.85,24.08,7.76,36.8,10757.92
23.6031,85.1319,91.1,1967.82,29.08,11.16,28.4,15797.38
32.4177,85.3815,123.6,1789.86,24.17,24.36,28.5,36056.24
30.07,80.144,23.9,1800.22,25.72,3.67,22.4,5376.6
28.4403,80.5235,39.6,1952.84,26.26,5.54,35.5,8337.57
9.5013,69.564,132.6,1935.64,32.14,22.47,16.4,31885.45
8.1857,82.9798,461.3,2237.45,38.14,60.26,5.0,93473.2
13.7361,82.6374,352.8,2154.17,34.21,44.38,5.0,73687.08
25.9151,72.3369,29.4,1969.28,29.66,5.47,30.2,8475.7
19.1023,71.0113,24.9,1994.97,28.95,3.83,23.6,5551.79
18.865,71.5836,30.4,2021.06,30.94,4.9,12.4,7140.84
31.8838,70.9298,36.2,1848.97,24.65,4.86,35.2,7106.86
32.1802,85.6815,69.6,1884.05,26.37,8.7,27.8,11808.82
32.5477,73.698,145.3,1734.1,26.27,21.7,27.8,27881.91
16.4747,75.2915,46.9,2068.81,31.57,7.53,13.0,11097.85
26.6585,73.0336,21.0,1998.43,23.57,3.8,27.1,5650.02
15.3341,95.7772,36.9,1898.06,35.26,5.9,21.4,7927.36
13.1465,92.7839,426.3,2052.16,33.8,77.83,13.1,125632.93
12.9851,74.6844,27.4,2227.54,31.54,3.54,8.9,5398.09
17.2369,77.4994,35.7,2121.14,31.66,4.47,24.9,7185.23
19.6089,74.0869,90.6,2032.84,26.75,12.02,10.7,18657.72
30.4356,82.2644,69.7,1760.27,27.01,12.66,36.4,17754.83
11.2371,68.5687,365.2,2071.19,30.6,66.0,16.9,103774.21
27.843,87.4697,49.8,1795.53,25.63,6.54,22.9,8830.71
22.3493,83.1716,86.5,2065.55,29.03,10.6,16.3,15825.85
15.7745,94.0605,36.6,2009.78,33.58,6.39,23.3,9924.19
21.3061,72.7674,264.7,1968.6,29.23,49.88,22.5,76895.13
16.0984,91.3192,137.7,1993.93,32.63,24.83,7.0,35521.54
24.0942,90.9669,136.5,1977.73,27.7,18.59,31.9,28961.29
19.7138,71.6883,25.4,1946.05,29.66,4.23,16.7,6104.73
12.4389,79.5582,140.0,2112.29,33.17,25.28,9.3,39905.84
11.1477,72.9344,24.5,2008.67,33.21,3.45,14.0,5026.32
22.7608,75.3869,22.9,1805.24,24.98,3.71,26.0,5311.85
32.3652,75.6341,39.6,1762.04,22.5,5.75,29.4,7518.28
17.2869,84.1309,88.6,1926.82,31.31,12.23,10.2,17271.54
27.791,79.9309,35.9,2012.17,25.6,7.1,28.8,10719.28
25.7839,95.4843,378.4,1714.97,26.69,73.03,28.3,97572.79
33.152,71.6647,55.3,1683.25,23.03,8.61,40.4,11363.51
30.1665,96.2371,28.8,1802.34,23.3,3.77,29.9,5036.74
23.2983,74.6885,96.1,1895.42,27.13,17.13,26.2,25396.03
25.7398,90.4133,28.0,1792.35,26.4,3.93,16.8,4924.75
32.2564,77.8301,21.5,1686.75,24.09,2.87,40.1,4105.43
18.787,72.1494,58.7,1926.58,30.93,8.83,15.3,12492.11
16.8235,92.8788,430.6,2018.24,30.67,69.93,19.5,112335.86
8.2919,76.957,47.3,2350.9,32.81,6.05,16.6,10584.47
30.3169,87.1068,65.2,1804.53,22.16,10.81,36.5,15284.09
29.6265,84.4269,74.9,1905.36,30.46,9.08,32.4,12327.32
10.8203,81.6809,39.6,2189.79,31.47,7.57,14.9,12965.97
23.5751,82.3788,145.4,2008.76,26.95,28.16,32.0,42775.32
20.5275,89.2349,80.0,1750.51,30.4,14.28,26.8,19159.78
11.2051,70.5454,45.7,2117.95,34.28,7.18,13.4,11294.36
34.4753,87.3772,327.1,1828.01,24.13,45.92,37.6,65501.03
13.7968,93.9786,145.7,2049.92,31.51,26.15,6.7,38093.96
9.8153,69.6759,24.1,2308.32,34.66,4.69,9.2,8041.53
24.0609,72.0789,490.8,2029.62,27.9,65.12,20.1,98567.14
27.9494,88.7823,33.2,1803.38,25.4,5.23,26.6,7056.94
8.876,80.6812,483.5,2143.98,35.1,70.22,12.1,112340.23
25.7854,79.7029,33.8,1798.77,29.11,5.01,18.8,6891.2
22.3719,71.972,103.0,1890.94,28.49,15.7,12.7,22450.14
10.7882,82.6963,44.1,2051.21,33.71,8.66,8.7,13221.87
12.6581,71.6698,122.3,2150.46,35.04,17.2,9.1,27959.6
23.3353,81.822,38.6,1807.48,30.02,6.15,21.7,8558.14
16.0017,90.1448,32.5,2104.27,34.57,6.38,24.6,9858.22
33.3345,75.4897,43.8,1794.22,20.09,6.92,37.5,9833.15
30.106,81.9428,481.9,1669.2,26.86,91.12,26.7,123425.82
34.5563,96.7685,20.3,1845.97,24.25,2.53,28.1,3367.5
15.0111,87.9129,108.8,2114.89,30.07,21.35,17.4,33713.45
34.1825,92.3993,136.6,1788.69,23.72,18.44,37.3,26047.33
19.6433,80.0306,378.6,1929.73,31.86,75.11,19.3,101150.47
17.383,90.268,44.0,2080.9,29.12,5.9,11.6,9896.04
9.3594,69.1748,463.3,2265.64,35.27,72.06,5.0,122049.88
9.4247,71.5644,42.5,2166.47,36.1,6.15,5.0,10268.07
26.6843,73.889,121.7,2023.84,24.45,18.82,25.8,31360.68
20.3641,79.6566,146.5,1980.97,29.15,20.51,26.1,31258.11
14.1161,92.5266,45.9,2181.17,32.85,9.05,21.2,12967.47
24.5772,78.0417,44.5,1925.05,25.95,6.42,22.8,9623.71
14.8272,86.984,22.6,2123.95,30.17,3.89,20.7,6264.78
23.5961,88.5701,27.2,1785.56,27.71,3.56,33.5,4500.57
17.6986,84.9993,344.9,2055.11,32.24,64.13,22.0,89709.03
30.2359,78.36,41.3,1740.96,26.28,6.75,34.8,9201.69
30.1588,84.7345,256.1,1733.43,23.31,50.8,38.3,63238.72
20.8885,77.9257,22.8,2107.54,30.5,3.51,17.7,6164.14
17.4721,70.4323,258.9,2012.4,29.07,35.11,7.7,53317.32
17.7891,96.7913,127.1,1943.53,27.37,18.77,27.5,29209.62
29.7543,71.6883,137.7,1779.69,24.48,24.65,29.6,34323.61
16.8608,70.0981,47.4,1936.47,33.26,8.19,22.6,12198.65
13.6446,93.4774,87.9,2213.11,33.77,16.02,19.9,26253.22
10.2866,76.7532,31.2,2103.19,33.97,3.92,8.2,6471.71
20.6007,86.8586,32.2,2015.53,28.5,5.36,21.4,7443.42
21.0176,77.5412,87.6,2074.17,28.36,17.04,21.8,28337.18
30.7045,79.3522,116.6,1751.31,25.0,15.0,25.1,20819.92
13.9734,75.6013,30.7,2135.04,30.18,3.92,6.3,6198.15
18.2868,77.9483,52.0,1932.43,29.67,9.23,19.2,13337.94
29.827,79.9103,93.9,2002.78,24.75,13.64,22.2,20531.68
30.2378,88.8921,26.7,1874.63,22.29,4.61,27.2,6846.36
18.3845,82.8345,52.9,1997.67,28.65,8.65,12.1,13822.37
20.3963,95.3634,97.1,1915.04,30.24,19.31,24.5,27143.59
16.1887,69.2145,26.2,2043.48,31.33,5.0,23.6,6948.1
33.179,82.589,95.3,1719.58,23.05,16.6,34.7,25108.21
11.2034,84.9425,77.8,2298.57,31.74,10.96,9.4,19656.15
33.2112,94.6857,110.4,1648.16,26.81,15.56,43.1,18889.98
26.4644,69.4256,49.7,1878.43,25.02,9.48,16.9,14291.87
22.3524,84.6315,104.7,1940.19,29.04,17.47,18.4,26905.14
8.8818,92.7553,39.4,2174.73,33.63,7.22,5.0,11974.55
20.8411,75.0159,47.6,1960.17,29.29,7.42,18.0,10789.97
19.0092,93.4125,31.2,1992.55,30.96,4.0,13.6,6169.63
12.3529,68.5523,208.3,2191.49,30.3,30.54,7.6,53118.69
25.7231,89.2412,78.3,1929.7,27.01,10.4,20.9,13986.02
34.2211,95.0603,32.1,1761.53,25.58,5.86,34.3,8120.24
23.1791,87.0587,39.4,1684.06,31.69,6.93,21.0,8932.63
27.2983,80.7318,20.1,1876.61,26.06,2.56,30.1,3749.44
9.8482,69.3015,45.6,2034.28,34.25,7.74,10.1,11843.94
19.277,94.6833,57.6,2048.72,34.35,10.94,12.9,17487.82
11.1417,81.6386,140.1,2261.41,35.86,24.62,17.3,40337.87
24.5455,68.8409,482.3,1828.08,26.32,77.6,24.0,109867.01
33.339,88.0048,496.5,1722.96,22.36,71.97,26.4,97219.38
25.868,81.9733,131.0,1830.43,28.87,25.01,19.2,34145.12
10.0737,71.606,24.3,2261.51,32.04,3.73,16.0,5845.07
17.576,74.2139,41.2,2035.23,32.87,7.76,21.6,11912.12
22.8679,69.8702,70.3,2070.64,28.98,12.85,23.0,20645.97
18.8866,84.6545,46.9,2037.14,31.14,8.69,15.0,13069.44
30.5084,86.0389,81.7,1814.25,24.36,16.27,29.7,22875.98
29.9961,82.6665,264.4,1809.53,23.84,47.56,32.7,56251.81
24.5194,91.696,471.2,1968.09,30.49,57.82,32.1,89961.02
18.0834,92.9693,20.4,1879.48,29.97,2.78,19.2,4160.43
14.8941,85.8531,25.8,2082.73,31.08,3.17,10.4,4625.7
10.8586,68.3699,92.2,2142.94,33.55,12.46,5.0,19093.35
17.5822,88.1617,120.1,2085.55,31.07,15.0,11.1,25035.27
19.1557,80.122,39.4,1984.18,27.92,6.31,22.2,9012.49
26.2472,84.4012,116.9,1788.45,25.66,14.3,19.5,19956.72
25.7703,86.8233,138.0,1880.72,25.77,21.78,25.4,31034.39
9.8929,78.1569,23.6,2079.3,35.84,4.53,13.9,7086.98
18.672,94.5959,35.7,1853.88,28.43,6.42,14.8,9073.63
12.908,71.8853,403.9,2169.83,29.28,78.97,16.3,128191.43
12.2339,87.4738,113.6,2170.11,29.16,15.69,13.9,26494.13
30.3372,68.1264,33.4,1835.3,22.01,5.44,29.1,7658.31
9.1317,94.8149,51.7,2283.86,37.21,7.52,17.1,11328.44
19.3179,71.2626,56.0,1943.07,29.94,8.94,23.2,12519.7
12.5415,70.7516,191.6,2003.76,33.96,31.54,9.8,44661.63
31.7419,77.6572,30.3,1767.04,25.39,3.72,37.8,4622.71
23.0401,78.8334,191.2,1901.48,28.34,26.51,27.8,38944.48
14.2473,74.2147,32.8,2020.17,32.04,5.78,20.1,8621.24
21.5655,84.9685,67.9,1949.43,30.98,12.34,24.4,18480.99
27.7501,80.8445,127.9,1795.57,26.4,21.18,25.3,30045.86
33.8692,68.9911,46.1,1587.47,26.16,6.54,30.8,8289.42
13.952,77.2699,31.7,2057.57,33.56,4.83,17.0,7567.83
31.9269,91.5026,329.0,1678.41,23.0,42.0,24.5,51542.98
33.2262,88.0013,145.3,1764.46,22.65,28.53,39.6,39999.34
32.7434,89.0213,36.1,1702.14,22.41,6.83,30.2,9191.43
25.1562,88.2454,49.9,1980.12,29.71,6.24,27.8,10409.28
25.0052,77.0182,24.3,2022.22,26.54,3.23,25.0,5065.16
18.8867,70.8903,45.9,2058.39,28.5,7.64,19.3,12311.69
28.3147,75.9015,324.0,1710.25,26.5,44.91,33.1,58422.12
22.3449,92.1218,52.3,2062.21,28.35,10.18,24.9,16071.71
26.2908,96.4337,490.3,1996.82,27.36,88.47,21.3,134324.12
19.5684,82.3216,49.0,1993.27,33.57,6.94,11.1,9933.09
27.7504,68.2813,88.3,1950.33,27.94,10.64,34.6,15808.31
30.2607,72.0613,48.6,1755.17,25.04,8.94,38.0,12326.42
11.9538,77.3403,64.1,1979.53,30.4,9.87,5.2,14303.61
30.4891,84.779,40.4,1734.37,23.88,6.92,26.7,9684.27
22.588,70.1777,25.8,2075.76,29.86,3.68,18.2,5972.14
30.806,95.3574,74.7,1670.21,22.4,9.81,39.6,12020.87
19.6451,78.5874,43.4,1990.35,34.04,7.55,13.7,10562.43
18.2341,94.4649,87.7,2018.52,30.42,13.69,11.6,21127.7
32.7066,90.6351,50.7,1714.24,23.98,7.04,26.3,8998.88
14.7816,89.9077,91.4,2042.45,30.62,11.98,19.4,17437.47
30.7937,85.5949,229.8,1795.49,25.74,38.25,38.6,56645.59
21.0686,86.1767,40.5,1919.79,26.8,7.21,18.9,10135.51
21.8806,86.5021,25.8,1836.38,33.08,3.69,14.6,4621.78
16.3286,86.2329,134.2,2067.29,33.89,24.0,18.0,35676.97
23.4721,84.0581,76.7,2007.37,30.01,10.33,17.7,15754.84
16.7807,96.606,31.8,2111.51,28.27,4.68,8.1,7435.43
9.0603,89.2364,79.8,2116.14,34.93,14.33,16.8,24280.26
15.344,90.5314,39.3,1967.71,34.11,6.79,22.8,9440.86
8.1722,93.3014,23.0,2174.16,36.11,3.26,17.7,5192.56
34.4156,74.2536,34.3,1849.94,21.11,4.46,33.9,6893.76
34.0752,70.4303,30.0,1782.29,21.97,3.71,30.0,4985.79
18.6692,82.0039,46.5,2064.27,29.29,8.7,24.1,14021.22
27.666,82.9083,22.2,1917.2,24.94,2.8,21.3,3731.51
17.3368,92.0463,44.9,2065.6,33.86,5.8,12.2,9655.35
26.1195,80.8697,25.0,1883.5,23.0,3.48,21.2,5330.4
29.7466,84.5547,22.7,1861.55,26.53,3.53,38.8,4787.57
33.5624,83.2851,70.2,1696.18,20.91,12.87,38.2,17775.21
18.8057,69.1079,23.1,1892.34,28.21,3.23,11.5,4905.03
29.149,85.8412,35.6,1877.16,21.46,5.82,21.0,7887.73
15.1801,92.0133,49.6,2169.78,30.67,6.32,22.0,9931.4
34.739,72.5675,21.0,1629.24,25.99,3.31,40.8,4390.62
8.6958,85.2356,33.8,2253.23,35.22,4.54,12.1,7600.1
24.2953,85.2147,31.6,2041.15,25.27,4.32,18.2,6892.23
25.8067,72.7614,84.0,1879.3,29.02,12.54,25.4,18128.15
26.5772,71.5804,83.2,1800.17,29.1,15.05,28.6,21578.06
11.2505,96.4215,463.3,2151.33,33.75,83.16,19.9,134536.79
33.3403,79.4179,51.9,1699.83,27.67,7.95,26.7,10275.68
12.8919,74.5952,43.2,2062.61,34.44,5.6,13.2,7751.01
24.8143,72.9684,27.6,1932.0,28.8,3.93,18.0,5895.39
14.0123,87.3604,88.3,1963.48,30.69,14.17,12.9,21907.07
16.2948,85.6739,32.6,1935.18,32.52,6.18,10.3,8334.22
22.7544,86.663,29.1,1935.96,28.79,5.75,29.5,7887.73
19.2642,70.5522,22.8,1995.46,30.97,3.9,14.4,5989.11
12.3261,93.9125,61.4,2149.61,31.68,9.1,10.7,14919.73
12.6153,79.2887,254.3,2266.94,33.18,44.63,10.8,68415.77
19.2899,77.0877,437.6,2005.14,28.29,64.29,26.6,93059.14
28.4466,81.4085,24.0,1879.81,21.5,4.09,33.6,6080.72
32.245,79.3119,42.3,1685.55,26.09,5.9,23.4,7772.53
10.2714,93.0437,78.9,2220.55,30.97,11.15,5.0,18010.56
18.6138,94.9486,138.3,1966.84,30.44,17.43,19.6,25885.69
10.7066,76.8001,32.8,2156.99,34.45,5.05,9.3,7781.96
8.448,93.0541,67.2,2183.23,35.45,11.38,5.0,19593.44
25.8664,90.6642,148.6,1961.04,26.39,27.21,31.7,41016.99
24.2661,94.9934,211.8,1802.41,28.22,39.15,16.8,51346.76
12.4015,75.1268,106.8,1938.11,33.96,21.29,21.9,28405.38
14.3129,84.7318,37.1,2069.29,33.63,4.71,5.0,6682.76
8.6401,75.9618,87.3,2225.96,38.18,13.92,5.0,24695.61
30.5436,91.8987,145.1,1806.4,25.32,23.47,26.8,32369.0
34.3166,68.1544,134.4,1824.88,23.29,24.78,34.5,34785.3
11.6574,84.3798,133.0,2169.16,31.54,18.79,6.0,30108.05
14.2498,77.8369,491.0,2042.4,33.06,61.64,19.0,90732.17
31.4471,77.3578,95.7,1591.92,25.78,13.89,28.6,16954.95
33.0145,86.7023,22.9,1730.75,23.36,4.55,23.8,6022.08
19.3299,92.693,126.5,2078.3,30.99,24.29,26.9,37589.46
9.3668,85.6667,88.1,2144.03,33.8,13.35,18.2,19642.71
9.0636,92.742,25.7,2183.12,35.86,4.89,11.4,8261.25
23.4966,75.6733,34.5,1954.77,29.85,4.23,29.6,6036.44
18.6082,83.0656,142.6,1927.83,32.02,20.69,11.0,28577.05
8.7736,81.0656,25.1,2235.93,34.89,4.48,5.0,7158.18
23.7478,68.3377,134.9,2047.51,25.83,18.57,20.3,27709.35
8.3052,84.1476,32.5,2180.68,33.64,4.42,17.5,7152.17
29.259,87.1842,197.9,1727.01,26.62,37.39,29.5,52240.69
16.2737,85.1655,45.5,2045.75,36.17,7.69,6.4,10964.63
9.087,89.3521,49.1,2002.48,33.83,9.77,6.7,13268.45
23.8855,84.5688,28.7,1941.01,28.76,3.76,14.0,5161.87
18.7375,69.9358,80.4,2042.91,29.06,11.93,13.5,17994.85
34.2926,71.3769,31.7,1860.78,21.22,4.6,33.4,6342.85
22.6934,85.2978,44.4,1920.0,27.04,8.46,19.2,12061.17
15.4315,75.9744,51.0,2098.91,27.49,7.17,6.1,10984.11
27.1548,70.3097,26.7,1786.31,29.09,3.96,19.5,5298.3
15.3303,80.4585,120.6,2039.54,27.24,15.85,16.3,23100.18
32.4146,84.0754,90.6,1638.52,23.49,16.49,36.3,21561.6
18.1175,77.5336,83.0,2002.3,28.09,11.54,16.2,19168.14
22.8465,88.8926,46.2,1908.34,26.55,5.79,27.5,9049.56
9.3655,86.6693,141.7,2199.36,37.14,21.94,5.0,34309.51
19.5053,77.6517,48.4,1943.02,30.22,7.33,11.9,10985.59
30.4738,89.8913,245.4,1802.14,22.96,32.93,37.3,46974.43
29.7525,86.8122,469.4,1781.78,24.03,61.34,26.5,84569.75
14.0566,86.4859,42.1,2064.46,30.74,8.07,12.7,12756.71
14.1041,84.0494,24.6,2096.55,32.17,3.09,23.1,4939.59
30.0672,68.3303,38.3,1806.03,25.42,4.9,28.5,7162.79
33.1208,88.1987,20.8,1808.72,27.49,2.9,23.2,3770.47
10.5747,78.9052,120.8,2144.0,30.01,23.71,19.3,39249.74
20.1516,95.3357,123.4,1953.28,29.46,15.65,10.4,24629.8
17.1113,91.7216,43.7,2021.53,30.27,8.09,20.4,12911.29
31.5086,85.0431,67.3,1719.67,26.31,12.87,28.0,18295.08
10.2552,75.3133,369.9,2130.61,34.69,55.57,9.7,77165.13
13.7004,73.9078,67.9,2259.89,33.62,9.74,14.6,17022.45
28.3166,77.8712,48.4,1761.29,26.55,8.43,26.5,11597.48
9.3849,81.8205,117.5,2152.78,32.51,20.7,14.9,34862.08
21.2985,76.5859,59.5,1929.63,31.44,10.86,29.9,14639.93
19.9369,82.933,215.5,1965.36,31.23,40.17,11.7,57074.51
17.0288,72.7957,39.9,2010.98,32.77,5.65,23.0,8812.01
18.6535,96.3537,34.3,2030.58,32.73,6.0,11.2,8526.88
22.3084,71.1298,123.6,1805.63,29.4,16.17,13.9,22074.05
12.3569,95.0264,78.1,2204.55,36.0,12.56,21.5,20065.41
23.4439,94.4938,115.8,1972.62,28.81,19.57,23.2,29343.5
29.7467,83.2355,25.3,1709.13,24.78,3.36,22.8,4515.56
28.5243,89.0224,104.4,1649.04,25.75,13.16,29.9,15868.03
12.1553,80.6454,48.7,2047.04,33.08,6.61,7.4,9675.12
12.0297,86.271,38.8,2108.05,32.15,5.97,11.3,9449.02
15.2407,77.8767,55.0,2276.09,35.01,10.51,17.7,16710.45
17.749,76.7336,49.7,2067.98,31.21,8.07,25.1,13176.69
19.0283,84.7687,24.7,1856.88,30.23,4.44,9.1,5864.62
26.3518,82.4458,121.8,1814.49,27.52,16.31,20.6,23342.2
9.5304,84.8066,103.3,2168.2,40.27,13.27,5.0,19875.03
8.9362,76.3132,28.8,2203.44,32.32,4.01,5.0,6844.05
18.5816,78.6418,67.7,1904.35,28.55,9.83,27.5,12882.26
26.8234,70.433,25.3,1850.38,23.77,4.15,35.5,6274.54
13.2228,69.516,45.8,2048.58,32.18,8.72,18.2,14087.36
25.3206,75.3503,46.2,1799.93,27.7,7.12,28.2,9532.52
15.0154,70.1532,34.0,2094.49,30.91,5.48,22.0,8205.16
31.9243,71.0095,186.3,1831.27,23.15,22.42,23.1,32125.07
32.1836,91.5749,46.5,1831.98,24.4,5.71,24.6,7382.21
16.0268,69.1273,98.7,2101.47,30.38,12.51,12.4,19878.44
14.2098,87.1093,93.9,2048.43,32.83,16.51,20.9,24032.51
19.1052,75.9042,292.6,2057.27,32.23,46.49,18.5,71403.03
14.4944,93.2748,31.0,2107.83,33.43,4.19,14.6,6440.79
26.1544,82.0648,334.1,1883.94,28.59,55.93,20.7,76509.44
30.3037,76.8617,361.6,1749.6,27.14,59.14,33.3,86065.81
26.1735,83.0115,34.0,1833.13,27.39,4.32,33.9,6208.76
30.2575,79.0768,46.9,1805.28,24.67,8.03,26.8,10377.22
18.7188,84.3647,29.5,2202.25,28.63,5.36,21.1,8614.04
12.2206,71.3215,107.8,2148.13,32.32,15.41,8.9,25875.25
27.9247,96.9127,80.0,1792.46,24.99,14.0,33.8,20162.37
17.7328,80.3411,42.6,1958.22,32.08,5.79,17.2,7986.0
26.1243,78.0987,60.2,1834.42,27.54,10.87,22.9,15779.75
15.3074,88.5961,25.7,2242.65,33.11,4.95,13.7,8448.45
10.1932,78.5531,130.1,2128.58,31.69,20.21,5.0,29026.53
34.7997,92.165,25.5,1790.15,25.8,3.56,42.1,4748.38
12.2174,81.1739,112.6,2094.01,32.25,17.1,21.4,26195.23
34.6874,88.8672,49.1,1740.52,20.79,6.88,34.2,9507.73
34.3866,71.1161,35.7,1788.38,22.25,4.29,28.8,5556.2
29.4331,92.5375,68.7,1768.45,30.32,11.83,32.7,15209.73
25.8044,89.3358,29.6,1828.23,26.21,3.66,24.9,5017.77
23.6008,74.1398,132.3,2051.9,27.33,18.11,18.6,27530.18
31.3847,72.2133,273.1,1857.84,24.09,48.55,22.2,66872.92
15.8149,77.1725,41.7,2122.59,31.19,7.23,23.6,11325.35
20.6274,96.306,127.7,2035.69,27.75,16.08,26.6,25185.49
24.7235,75.4481,35.0,1935.74,27.76,6.05,31.3,9641.15
19.1021,81.2277,43.5,2161.58,32.16,8.46,17.9,14406.76
19.5421,68.8706,29.5,1995.75,30.43,3.72,24.6,5946.25
16.9177,79.5196,330.7,2085.66,28.76,50.67,18.5,78851.71
23.2343,84.5683,40.6,1809.71,27.46,7.24,20.7,9539.23
30.9655,95.6406,208.8,1720.62,23.56,36.21,37.8,49789.54
13.4413,82.9853,245.8,2005.99,32.66,33.95,23.4,49912.16
33.2297,91.7541,39.6,1847.79,26.31,5.26,41.2,7629.58
26.6054,83.8667,115.5,1660.9,26.33,21.11,32.1,25571.63
30.2284,69.1828,99.3,1767.7,24.82,19.52,35.2,27394.12
23.0171,77.1352,43.9,1690.19,31.8,7.96,26.0,10028.07
29.047,84.6909,34.5,1754.65,27.28,6.79,36.1,8805.12
8.4374,95.5672,46.4,2152.85,35.95,7.82,8.3,12320.93
30.0963,92.9148,123.6,1913.06,28.97,24.02,23.7,35447.52
9.0837,74.6223,81.5,2212.22,35.49,14.28,14.4,24125.89
32.0277,74.3832,31.9,1700.85,20.21,6.14,40.4,7944.42
34.783,73.834,40.0,1803.18,24.61,5.32,31.6,7550.52
15.9398,94.7525,463.1,2058.51,28.24,85.78,21.6,135913.98
13.6786,92.7273,25.4,2100.79,33.35,3.44,9.2,5573.04
28.6648,90.4716,101.5,1731.82,22.27,12.4,37.5,17296.55
14.8317,79.3893,23.6,1997.83,30.99,3.8,18.5,6233.66
31.3702,82.627,77.9,1713.33,23.76,11.34,32.8,14814.09
10.7767,81.4656,390.1,2153.74,32.21,48.17,16.4,82908.53
11.4008,75.3485,22.3,2145.02,32.77,4.43,17.7,7087.75
34.4371,82.6458,39.9,1847.66,25.17,6.91,42.3,9185.58
26.1937,68.8844,47.0,1903.32,25.38,9.04,34.2,12652.18
30.866,71.8225,49.1,1571.81,25.8,9.81,21.9,11938.7
16.7569,93.7111,26.5,2063.39,29.13,4.01,9.2,6428.18
26.2651,89.7987,124.9,1755.23,26.4,17.53,32.8,22209.51
24.0445,80.2632,47.8,1833.92,28.43,6.44,33.0,8504.94
24.2851,82.9974,22.7,1841.9,25.68,3.67,20.4,5059.07
26.4284,78.73,91.4,1815.22,24.08,15.4,16.6,20322.26
23.5347,89.4826,141.9,1810.36,28.99,22.4,20.0,27899.55
19.5847,90.7414,26.1,2007.75,32.03,3.94,17.2,5293.76
15.4499,90.1353,143.4,1953.04,31.49,19.14,20.7,27421.94
28.7517,88.9557,102.7,1855.0,24.75,15.96,19.7,22771.88
14.1094,73.9306,60.0,2268.99,32.56,7.61,8.4,13256.43
26.6936,77.8011,33.5,1757.17,26.7,6.34,34.6,7852.5
14.3,81.6255,29.8,2063.84,32.65,3.69,7.4,5259.77
24.8839,77.593,78.2,1694.21,22.35,11.77,30.1,15066.05
28.1711,89.8933,104.1,1812.85,23.78,13.33,25.4,18786.03
13.9053,77.5513,98.4,2145.12,30.65,17.9,17.2,30449.47
9.6185,72.0087,34.5,2228.52,34.57,5.0,5.0,8538.39
11.5363,79.5722,58.8,2142.54,33.78,7.59,7.3,11859.81
24.3619,96.4175,130.2,1976.63,28.91,21.17,22.9,32559.8
30.9351,74.5506,34.4,1990.85,25.19,6.66,38.1,9686.04
9.2149,85.7526,44.6,2315.12,31.85,8.6,10.5,15102.56
27.8221,80.5562,132.5,1801.4,28.97,18.54,18.7,24858.96
17.2156,70.0597,81.7,1918.03,33.4,14.51,23.3,22045.16
20.9203,82.1484,20.1,1934.94,26.67,2.46,12.0,3677.98
33.0792,88.3628,141.1,1672.82,24.38,18.42,41.8,22561.67
16.9632,82.8834,126.1,2074.77,29.78,20.17,11.2,30267.65
20.5641,93.2911,60.7,1879.35,29.62,8.4,20.3,11875.87
8.3694,76.3792,120.2,2187.52,36.94,22.1,5.0,32764.15
10.2032,70.5012,52.0,2227.38,38.27,10.11,11.4,16380.29
14.982,95.1604,20.8,2066.27,33.36,2.51,14.9,3881.32
8.752,78.9677,35.8,2110.76,35.25,4.96,7.0,7970.76
25.0471,84.7158,59.6,1987.14,26.65,9.25,15.8,14269.5
19.5128,90.9681,48.9,1842.45,30.18,8.08,27.1,11167.53
22.7999,77.4051,139.4,1907.38,31.06,26.94,28.9,35269.03
12.7155,88.7688,115.0,2111.79,32.79,22.0,15.4,32702.68
15.9902,71.9271,21.9,2057.45,29.63,3.75,17.4,5703.01
25.9233,76.4475,82.5,1891.82,23.7,11.6,29.8,17559.9
34.0632,72.1966,87.2,1779.7,24.3,15.92,26.9,22359.01
9.3613,91.5257,34.4,2172.66,34.88,4.69,18.0,7342.97
32.0404,74.4568,25.1,1737.83,22.89,4.94,27.7,7451.91
23.5758,88.8047,352.1,1887.03,30.04,42.42,26.7,65335.17
23.2258,95.3557,33.1,1877.01,27.3,5.48,25.4,8387.88
21.5075,83.3054,144.7,2019.87,28.65,18.39,24.2,29308.09
9.8736,83.6608,48.1,2114.55,34.12,7.34,17.5,11660.56
10.4267,81.37,37.0,2224.06,33.21,6.31,6.3,10659.04
24.2246,77.4508,39.3,1909.48,28.17,6.89,29.2,9079.68
17.2059,81.794,63.8,1992.59,33.16,11.66,19.2,16511.16
32.7662,85.4814,26.7,1803.68,21.57,4.47,24.3,6143.83
18.9779,96.5938,47.0,1944.2,31.04,6.59,17.3,9764.06
11.8686,95.1952,119.9,2181.42,33.6,22.92,18.6,36663.32
27.2974,93.0024,25.7,1869.66,26.62,4.75,23.6,6898.52
15.9205,93.7848,37.1,2009.72,33.18,4.93,15.6,6682.08
22.1877,81.5676,48.0,1986.91,28.71,8.94,22.0,13984.86
26.8415,87.0659,30.4,1904.58,27.48,6.0,29.2,8789.69
32.3071,93.9569,68.6,1855.07,25.49,11.73,40.0,16393.9
29.3892,79.3956,48.3,1892.29,24.37,6.88,22.9,10443.88
26.2617,95.8911,33.8,1910.59,27.38,5.7,26.4,7971.55
26.3501,80.0578,296.0,1779.49,26.24,43.64,24.8,59287.26
33.54,85.4314,243.6,1936.17,23.24,42.41,29.5,64614.74
15.9873,88.5843,139.2,1943.94,30.76,22.76,24.4,31464.45
8.03,95.5672,446.0,2275.4,35.93,86.68,5.0,131176.15
15.3428,75.0939,90.3,2102.33,31.86,15.3,7.8,22472.76
13.8831,89.6378,53.1,2000.17,33.14,7.28,18.5,10799.0
25.8695,83.1037,94.7,1868.4,26.92,16.85,21.1,23722.53
25.1102,75.7882,68.1,1885.72,24.09,9.81,29.6,14274.55
24.0235,90.5216,64.3,2016.02,27.85,9.11,30.7,13422.18
8.4386,84.0144,31.8,2135.04,34.93,4.81,5.0,7113.24
27.677,87.1682,59.9,1824.86,26.63,7.25,21.5,10131.71
16.7353,77.3641,145.7,1855.88,29.88,28.79,9.6,39659.58
25.9565,81.9569,54.8,2015.56,24.53,8.9,20.0,14205.2
23.0276,85.9033,32.0,1843.87,29.49,5.83,18.4,7815.75
17.2537,79.7424,24.9,2059.59,30.29,3.5,24.6,4838.15
11.6336,73.7528,40.7,2126.48,33.71,7.31,17.0,10013.65
10.5493,95.8876,57.9,2146.27,33.29,9.57,5.0,14926.18
30.451,82.8326,36.4,1860.67,24.88,5.6,37.9,7999.47
32.7967,89.2837,43.2,1887.36,22.94,8.54,24.4,12211.69
25.5443,79.9204,48.5,1904.32,25.17,7.74,28.6,11060.35
10.7927,78.2988,41.0,2202.14,34.69,7.07,5.0,10557.63
18.8547,79.8078,59.9,2030.93,28.91,7.27,10.1,9995.94
27.6814,79.8667,181.0,1927.14,26.47,26.08,32.9,39068.99
29.0552,83.7812,41.9,1783.97,26.35,8.02,28.4,10951.83
11.1919,83.7606,71.5,2228.58,32.39,12.93,13.2,21287.96
8.0008,82.4175,33.4,2288.83,32.59,5.45,6.5,8668.06
27.2277,71.9088,49.3,1940.5,31.2,9.47,18.6,12957.47
17.6281,82.3862,132.0,1973.88,29.61,20.97,22.4,31305.24
14.871,72.904,134.7,2062.86,33.15,22.26,21.3,34466.22
8.3482,71.6579,136.1,2212.89,38.72,20.49,5.0,32818.11
22.5881,95.0467,38.6,1827.75,30.02,6.54,20.1,9693.92
30.9811,85.5436,410.4,1913.93,24.06,59.72,32.1,86616.24
33.8561,87.1252,30.8,1733.61,23.23,4.64,36.0,6682.81
23.2751,79.652,50.0,1947.76,26.46,9.86,24.8,14983.2
21.8905,94.3604,28.4,1903.81,30.51,3.66,25.7,5282.03
10.2965,86.5,109.0,2052.51,35.1,14.0,19.6,21880.34
22.8196,90.3059,28.5,1884.93,27.3,3.51,20.6,4920.95
18.2594,78.6883,23.4,2032.87,28.3,3.4,19.4,5214.68
24.3927,95.8403,106.8,1958.81,24.98,16.21,28.4,22975.63
18.4956,91.7934,30.6,2024.02,32.25,3.9,20.3,6223.38
14.4881,92.7645,37.5,2110.95,32.32,6.15,12.2,9926.68
10.5641,72.9936,36.8,2126.88,34.28,6.13,13.0,10252.74
16.5028,75.8579,36.3,2086.65,29.53,6.53,19.5,10447.59
10.6094,76.2832,62.3,2271.66,30.9,12.35,12.3,22430.02
12.7762,75.8564,94.0,2170.41,34.78,15.94,6.9,24519.43
34.6581,92.8068,44.4,1784.92,23.09,5.72,34.8,8417.58
19.9908,68.9247,29.5,2007.69,31.42,3.74,27.7,5463.97
22.3605,70.2069,94.4,1821.26,27.77,17.2,29.7,23632.25
31.5877,75.9435,99.4,1691.85,23.91,17.1,36.6,23136.01
34.8804,73.7963,136.3,1752.54,24.33,18.12,38.8,27398.76
23.7333,74.7239,39.7,1915.93,29.38,5.56,16.8,8321.19
29.9368,91.1404,23.0,1840.33,26.72,4.14,29.1,6156.61
16.8274,84.3307,452.8,2175.22,30.44,74.85,9.0,118025.24
16.2551,68.1673,133.2,2109.49,32.51,22.22,22.6,35059.92
18.873,80.4504,42.6,2105.0,32.33,5.83,14.7,9131.31
26.1577,79.8287,34.0,1880.74,26.62,5.79,31.5,8888.07
26.4192,71.3044,42.7,1803.88,25.68,7.76,32.7,10605.15
16.5115,87.6081,34.4,2042.16,33.86,6.56,24.4,10495.62
11.5967,88.3608,407.8,2070.88,32.07,72.97,16.7,105448.06
25.0747,88.9059,458.0,2017.32,28.58,76.08,26.4,125762.99
11.4648,89.1257,46.7,2200.86,33.32,8.12,13.4,12818.93
23.6193,68.0015,33.6,1960.49,24.29,5.34,20.0,8446.81
26.7224,95.6637,135.9,1961.87,28.83,18.78,20.3,26550.13
26.9165,91.6121,23.0,1697.9,20.97,4.39,19.5,5955.3
28.3437,94.2155,60.2,1880.86,21.88,9.79,22.0,13578.08
31.5672,68.4537,104.8,1670.94,25.45,17.56,40.2,23403.66
21.4989,95.0819,115.2,1956.44,29.98,22.95,14.8,35054.97
27.7167,91.4839,65.3,1820.16,24.85,12.98,32.2,17645.04
24.7177,92.2794,97.2,1952.02,27.77,16.23,18.4,24667.91
13.0393,70.7053,183.0,2127.55,27.67,22.46,22.5,37519.52
8.6936,89.4246,38.1,2295.12,36.1,5.77,6.0,9339.68
15.6826,95.8376,449.3,2013.56,32.04,87.6,13.9,126125.92
19.9619,87.6779,42.1,2041.41,29.53,6.03,18.1,8871.65
24.6619,84.5463,31.3,1913.06,27.54,6.27,31.0,8533.98
30.9489,95.4233,49.8,1656.1,25.66,6.31,25.3,7562.05
13.2986,80.8452,116.3,2031.14,32.56,19.24,19.9,30312.74
11.3898,85.3795,44.5,2126.99,29.73,7.17,14.5,11883.0
34.014,81.8138,117.0,1820.73,27.69,16.43,28.4,20770.72
10.9172,95.0525,148.9,2184.59,36.09,29.18,5.0,45482.6
20.9193,70.2065,44.6,1874.05,26.62,7.57,26.4,10186.63
23.8102,82.5325,101.9,1904.19,27.2,14.11,18.2,21302.59
22.6171,87.9216,278.4,2098.32,27.95,41.96,30.4,64790.57
10.3229,90.9653,118.2,2167.09,36.11,21.01,5.0,30814.63
9.5397,84.9075,37.7,2146.1,29.99,5.42,11.9,8904.85
10.8481,94.3586,370.3,2188.07,32.72,70.49,14.7,118740.42
23.8109,95.3178,84.3,1976.48,24.36,11.23,27.0,16372.74
22.6973,69.8653,32.9,1898.95,27.82,4.64,19.0,6631.26
14.311,79.6687,36.7,2126.61,31.22,4.84,21.8,7307.12
25.2199,68.6803,45.2,1863.73,27.41,5.8,30.6,8726.04
30.1418,77.5531,417.0,1858.99,23.83,60.06,30.3,85557.16
9.1226,83.5692,23.6,2193.37,32.99,4.71,11.2,7472.24
21.4495,94.4131,27.4,1996.47,30.19,3.49,22.8,5287.22
26.6114,92.5501,159.3,1804.26,27.53,21.83,35.5,29288.26
14.8124,71.6975,20.2,2011.67,33.04,2.87,22.7,4401.36
16.3098,70.6979,228.5,2126.06,30.91,38.74,11.0,65483.66
24.5682,85.0888,44.0,1895.42,26.4,7.9,19.8,12149.27
32.2443,83.4314,140.5,1786.41,23.85,25.31,41.9,33748.38
29.868,75.725,31.8,1781.87,26.16,3.83,24.6,5294.21
23.7445,94.0841,347.1,1988.5,23.56,59.76,32.8,97435.63
27.716,94.8936,120.6,1796.49,26.92,20.56,30.7,30495.39
17.8502,79.6757,483.5,2011.85,31.19,78.05,8.9,111134.41
25.3061,93.8188,141.3,1951.37,27.34,21.24,22.0,32649.95
20.5869,79.1345,21.7,2067.27,29.04,3.99,20.1,6454.56
13.1283,89.3677,27.4,2065.79,27.56,4.05,19.8,6623.12
26.9469,81.8023,21.5,2015.73,25.59,2.97,23.5,4897.32
23.0245,71.5549,111.7,1954.62,31.82,16.17,19.2,22473.98
17.6828,94.9101,398.7,1942.28,30.67,61.86,26.1,86198.61
32.6062,81.1688,29.2,1786.61,23.31,4.01,24.2,5732.64
8.5652,89.3001,135.4,2159.19,34.78,22.83,9.6,37103.83
16.5259,78.648,308.5,2081.26,31.87,58.84,16.6,82527.99
9.5358,68.5475,50.0,2168.93,35.63,8.37,5.0,12259.46
28.6962,70.9154,150.1,1833.41,25.23,23.38,20.5,33657.2
26.9569,82.3904,23.3,1785.85,27.32,4.28,24.6,6110.8
16.9465,88.009,80.2,2118.17,34.33,14.42,9.6,20918.41
26.2429,77.7073,20.8,1779.14,28.8,3.1,25.8,4463.46
18.6903,88.1692,43.5,1918.87,34.87,7.32,20.9,10351.65
28.4189,88.2604,21.6,1861.85,24.5,3.85,32.2,5254.9
20.263,88.4141,412.1,2107.49,32.83,57.55,21.2,88823.21
19.1316,82.2831,55.3,1971.42,28.41,8.25,16.7,11663.26
33.2377,94.5317,27.6,1801.8,24.35,3.54,25.8,4727.05
14.7737,82.1867,444.4,2163.94,33.42,88.45,9.7,128803.7
11.2521,81.0577,145.1,2206.64,32.52,18.41,9.6,30472.86
23.7827,73.782,295.1,1891.02,28.07,39.39,32.3,57567.06
34.1717,76.922,49.1,1641.63,25.04,7.78,28.2,9123.51
18.2017,69.2277,38.8,1839.77,28.99,7.34,16.5,10319.86
9.675,86.3725,91.6,2148.82,37.59,13.6,14.3,20486.71
17.1612,75.2075,44.1,2129.34,28.11,8.0,21.3,13393.75
21.6602,76.8205,28.9,1864.18,32.73,5.02,31.0,6080.33
12.3719,90.3536,28.0,2177.32,35.04,4.79,6.2,7936.33
25.7688,77.4894,39.7,1804.15,26.82,7.45,16.1,9187.03
34.9392,75.0237,31.7,1723.58,22.07,3.84,31.4,5113.01
20.197,72.9027,197.6,2037.08,28.5,38.39,13.2,56794.09
17.5777,90.4709,22.0,1974.84,30.42,4.1,18.5,6049.59
18.819,71.7615,43.6,2018.9,30.03,8.51,26.8,11836.87
11.1089,81.1589,117.6,2110.83,36.11,21.58,14.9,36354.11
31.8484,82.701,91.2,1827.14,28.21,17.35,24.6,22340.33
19.2003,87.9343,139.6,2017.22,30.36,19.02,11.5,26883.05
18.4564,86.3652,91.1,2016.31,28.6,13.26,26.7,21845.22
25.8116,91.5109,41.3,2004.06,25.89,6.0,25.6,9489.21
19.9349,69.2978,47.3,2038.16,29.26,6.09,28.4,8693.0
25.5023,76.5968,134.1,1829.73,25.06,23.91,30.2,33415.32
9.659,76.1239,328.9,2163.27,31.9,43.05,19.5,67737.97
29.9705,72.2345,118.1,1798.46,29.31,14.66,37.4,18093.07
33.3936,76.3862,32.4,1749.34,24.18,5.9,31.7,7730.71
25.5167,76.9832,39.4,2086.66,25.45,7.58,30.7,12108.11
33.7733,83.1346,27.7,1765.75,25.04,5.02,33.2,7338.04
12.0887,87.2474,93.5,1963.53,30.8,17.39,6.8,25357.13
20.8902,79.0519,26.3,1924.55,27.01,4.41,15.7,6428.14
24.2488,88.8646,21.1,1752.93,26.08,4.04,22.2,5243.26
23.7069,77.7488,37.7,1890.89,31.24,6.02,15.9,8918.72
18.8395,76.4182,45.9,1845.9,29.62,9.14,12.4,13238.57
17.1283,83.6945,20.8,1965.96,26.01,2.66,17.1,4222.7
11.4242,68.6878,25.9,2016.71,35.88,4.78,20.5,7035.13
18.577,70.3139,96.0,2040.35,29.63,16.45,20.1,23531.12
12.3918,80.1211,40.0,2120.99,29.32,6.65,10.6,11336.09
27.8279,95.3445,67.1,1867.34,25.44,11.95,22.7,17155.32
13.6384,88.9238,21.7,2090.14,33.5,4.06,7.6,6180.38
9.5813,70.5557,35.6,2059.99,35.1,6.72,12.7,10493.23
22.9139,92.5432,131.9,1972.63,31.89,17.67,29.9,26176.78
24.0712,89.2367,21.1,2064.5,26.06,2.86,22.0,4314.4
31.5417,85.7174,84.9,1808.99,24.5,10.3,32.6,14285.35
23.5785,91.7885,116.4,1885.51,26.59,15.19,27.7,19835.35
17.328,79.7192,63.1,1917.85,27.72,8.9,8.5,12875.11
29.6813,74.4235,27.1,1737.09,27.01,4.81,26.7,6832.97
22.5875,82.8487,36.1,1973.67,29.36,5.7,27.2,7739.56
10.1406,83.9164,145.3,2247.32,34.6,26.25,13.8,44037.47
23.278,83.6115,28.6,1945.87,28.98,4.55,14.3,6834.91
32.5165,84.3871,34.6,1822.69,22.6,5.69,27.3,8366.9
18.7004,95.5124,90.0,2064.01,28.17,11.6,22.3,17558.5
16.0008,94.1651,46.9,2096.51,31.47,8.55,11.4,12692.41
11.8737,93.3958,22.2,2077.6,35.58,4.0,18.2,5911.91
12.089,91.2411,106.6,2140.31,36.38,15.42,5.0,25480.79
19.6848,95.3594,446.1,1921.8,31.33,65.26,13.5,85577.05
24.0834,70.8563,495.8,1911.89,27.82,68.22,19.7,93231.92
10.1766,75.6886,41.0,2187.29,34.56,7.58,18.7,11842.21
33.3684,82.3566,88.0,1877.67,23.61,15.82,39.3,21768.17
28.3886,92.5495,32.4,1728.23,23.77,5.46,36.1,7210.76
23.8388,82.6498,30.6,1953.42,27.92,4.25,22.6,6828.08
30.3678,89.693,110.4,1915.88,22.26,14.76,36.8,20550.69
10.165,72.0298,42.2,2221.74,33.78,5.23,17.2,8497.01
20.8746,75.32,44.6,2034.89,32.48,5.51,18.9,8429.54
25.0125,89.2215,295.8,1940.79,28.99,39.93,34.9,56751.68
30.3736,72.7773,121.7,1901.14,23.09,15.58,37.4,20991.13
29.1537,78.1893,141.6,1732.24,25.34,23.3,38.6,29570.9
15.4809,75.6811,472.3,1954.47,29.96,70.2,22.8,99330.74
33.4038,78.146,120.4,1742.23,23.44,18.73,38.9,25984.73
11.3573,88.5414,39.1,1966.67,35.57,6.55,20.2,9563.11
31.6286,78.6676,103.2,1873.14,25.67,17.82,30.0,23835.72
34.2154,84.1026,25.5,1825.78,28.17,4.38,39.9,5936.59
12.7831,70.898,23.7,2079.24,35.23,3.34,7.0,4977.91
27.4958,91.3455,98.6,1819.41,26.63,18.21,32.2,27789.15
9.0877,78.7268,24.8,2174.63,35.86,4.79,14.8,7750.35
18.9464,86.8075,37.3,2007.13,29.67,5.42,23.3,7775.91
21.9396,89.0363,39.4,1959.26,26.47,4.78,28.9,6833.34
23.6774,74.0802,35.8,1962.46,30.56,6.87,21.9,10035.25
33.2703,93.6556,162.7,1731.32,25.65,31.55,34.2,43149.75
26.1508,85.8705,55.8,1948.74,26.35,6.92,16.4,10400.78
20.9945,80.433,61.3,2001.77,29.7,7.38,13.9,11177.19
29.8612,73.2877,65.4,1757.94,27.64,12.11,32.7,16116.55
33.6644,95.3267,149.0,1844.85,25.14,21.47,34.9,30552.57
8.5958,89.897,84.4,2080.62,31.81,16.31,5.0,25306.6
34.5281,74.0327,79.2,1715.12,23.55,10.88,29.4,13129.34
10.3256,77.7936,168.3,2235.49,33.62,31.79,7.2,52857.67
29.9884,91.4806,372.4,1746.36,27.33,46.73,34.3,60445.01
15.569,88.1747,378.3,2088.52,33.66,53.28,17.8,76359.83
11.5689,90.2077,67.5,2179.23,36.03,13.36,5.0,23852.04
19.8761,80.7948,471.7,1917.39,27.42,65.33,25.1,96732.84
25.3868,88.7778,44.0,1881.24,25.61,5.75,20.6,8302.42
18.2857,79.2083,230.6,2002.34,32.6,43.49,21.7,63970.68
9.4733,74.1266,320.0,2129.34,33.15,41.42,5.0,68054.35
24.1855,86.3476,310.4,2092.8,24.67,39.67,34.1,59248.26
32.3649,96.3044,84.9,1700.38,25.1,12.38,24.0,15749.52
18.3468,77.0074,44.5,2094.15,29.25,7.61,23.2,11468.65
13.841,81.3681,23.3,2063.44,35.95,4.12,14.7,6553.06
19.9496,87.546,32.5,1897.98,30.22,6.18,11.7,8374.5
9.3058,83.7037,92.8,2184.72,34.73,15.15,5.0,25839.9
30.1532,92.4594,34.1,1853.17,24.29,5.16,27.4,7381.29
30.3112,90.0905,45.8,1872.04,28.14,6.82,36.4,10028.93
23.876,69.6906,71.8,2039.21,28.57,13.48,14.7,20963.73
17.5338,96.9542,60.3,2264.01,29.89,10.73,21.6,19321.59
29.5942,89.8197,366.2,1831.35,23.69,70.48,32.7,95571.43
22.9765,93.0532,67.4,1877.37,28.11,13.28,18.3,19791.6
30.3002,86.8847,57.5,1834.83,23.01,8.28,21.9,10557.42
25.0494,92.8323,92.7,1871.81,29.39,15.05,33.4,21095.21
29.1789,71.2591,72.0,1892.86,21.85,12.27,25.2,17629.37
24.1612,78.0844,30.8,1805.33,27.45,4.1,16.4,5191.47
19.1818,93.4162,27.8,2188.19,31.19,3.45,22.8,5426.36
33.8645,73.848,182.4,1802.92,24.05,34.55,28.2,46407.66
22.6101,70.269,106.0,1802.3,26.99,17.27,22.1,23813.14
24.3374,90.8554,52.7,1849.2,28.97,8.73,15.3,11741.37
13.9532,92.2291,49.0,2158.13,30.55,8.05,23.8,12909.64
24.8926,72.7169,30.2,1990.04,27.35,5.46,23.8,8021.63
23.4334,92.776,119.5,1820.42,29.36,15.73,33.4,20781.25
12.9906,87.9163,44.3,2167.21,33.68,7.49,10.7,11962.41
9.6089,83.0824,28.4,2015.25,32.93,4.47,6.6,6802.89
24.3177,92.0773,42.5,1899.13,30.05,8.14,32.6,12009.4
28.6197,80.1582,133.2,1917.81,25.89,21.53,25.2,33118.68
22.1318,73.6258,74.1,1901.51,30.13,14.49,20.8,21213.54
14.1229,76.2607,497.4,1969.23,35.3,73.74,5.7,108125.15
25.9961,82.6498,52.1,1887.77,29.14,10.28,35.1,14705.38
10.1629,83.4086,226.0,2112.69,36.27,42.93,5.0,65463.33
19.9295,91.3618,128.0,2035.63,30.02,21.34,25.4,34134.08
12.4109,90.9492,69.4,2049.78,34.6,10.29,13.2,15061.65
12.9804,84.8596,40.9,2048.54,33.19,6.15,5.0,8327.44
13.4619,90.6428,45.7,1940.0,30.12,8.3,5.0,11365.53
18.4411,73.5614,145.9,2025.66,30.91,24.29,27.2,39052.58
9.3811,69.4519,34.2,2162.27,34.89,5.21,14.2,8193.89
18.7404,93.3354,147.1,1911.6,31.33,25.14,22.5,36621.7
21.8161,70.1911,91.2,1966.81,28.53,16.29,20.6,24211.12
21.0489,75.154,226.3,2047.28,27.61,27.58,15.8,44104.32
18.3352,88.1642,329.9,1996.72,31.66,41.96,21.9,63144.81
30.657,79.874,39.5,1813.63,22.18,5.04,32.8,7138.8
11.9238,93.4131,33.7,2151.24,36.15,4.67,16.5,7611.51
21.6538,76.6414,106.7,1857.88,28.39,16.45,19.0,22782.53
9.6751,68.3443,32.5,2334.37,34.74,5.99,19.4,10364.94
9.9212,76.719,35.7,2127.75,35.25,5.29,5.0,8222.7
23.4944,84.7642,145.3,1973.59,29.21,17.63,15.1,25870.13
23.2825,78.9022,324.9,1986.45,25.3,51.56,31.6,74611.37
31.7069,83.5113,75.3,1762.11,25.98,15.04,34.7,20187.76
23.0626,93.4213,125.9,1977.42,28.83,18.62,19.6,27227.45
33.9144,94.4621,30.1,1753.21,22.07,5.93,39.2,8531.67
9.3148,75.7132,131.6,2062.92,32.91,16.86,8.4,23990.56
10.6462,81.4021,21.7,2125.79,33.14,2.91,5.0,4792.95
9.1898,83.9252,83.2,2129.58,31.87,14.81,12.2,21640.21
13.0025,95.5243,22.8,2073.02,36.19,3.66,7.9,5715.45
22.6143,96.9599,179.9,1832.62,31.4,32.59,14.9,42488.62
25.4304,74.8268,115.8,1976.37,28.06,21.9,19.9,33726.12
9.2308,89.0824,88.5,2306.01,34.0,12.4,8.8,21339.77
33.5412,78.9629,455.0,1818.5,23.11,79.46,24.5,102579.13
30.7385,68.2351,35.5,1892.35,26.28,5.98,38.4,9162.29
16.0085,68.2683,28.9,2028.28,34.91,5.45,17.2,8570.97
10.0841,81.3564,122.1,2111.59,32.92,18.85,5.9,30436.49
12.587,82.1617,368.4,2055.15,30.7,45.74,16.3,68577.66
11.4275,68.6545,130.0,2189.83,36.55,21.56,17.5,35881.42
11.3287,87.9209,39.3,2158.25,29.93,7.73,13.6,11856.36
22.0012,76.5261,66.7,1941.8,26.68,8.08,16.1,10608.91
14.6379,84.2369,40.1,2184.13,31.52,5.58,6.8,8335.52
17.6698,76.7267,89.2,2058.34,27.53,12.95,24.9,19208.35
34.7166,72.8469,33.9,1652.01,25.2,6.14,29.4,7485.95
26.4765,79.808,472.5,1812.95,28.4,68.93,16.9,91349.71
33.6225,74.7359,30.8,1793.35,22.32,4.28,36.5,5882.11
11.849,83.5092,364.2,2214.06,35.83,62.6,5.0,98009.36
18.3178,73.766,30.9,2058.41,33.26,3.82,28.1,5146.93
22.9778,82.7438,22.8,2082.15,28.03,3.05,30.4,4830.74
10.0725,72.564,308.7,2293.5,33.17,47.13,12.2,79955.17
8.1131,87.4583,37.9,2233.25,39.47,5.63,14.8,8739.18
26.1017,89.8642,90.8,1807.08,28.3,13.41,25.5,19921.03
25.3291,71.2014,31.7,1783.28,27.71,4.08,31.1,5449.52
19.0913,81.5663,132.0,1969.37,32.74,19.66,22.0,29092.92
21.2204,70.0553,20.9,2022.29,29.65,3.84,11.8,6006.12
19.217,85.3473,28.9,2144.23,28.94,4.42,28.2,6552.58
8.6481,75.6677,131.2,2221.73,34.87,21.89,15.9,35607.46
17.055,83.3011,47.6,2130.51,33.0,6.34,26.1,10314.23
12.7812,83.0064,32.4,2094.31,28.86,4.06,17.4,6409.71
10.6575,94.8063,138.9,2201.99,33.23,26.44,8.9,40838.82
33.8315,83.9234,69.9,1800.9,26.14,10.24,28.0,13727.39
24.1827,84.907,26.6,1750.34,26.69,3.94,17.8,5289.64
27.6737,79.6479,134.6,1812.8,29.24,25.61,20.6,31169.51
16.5148,95.5233,466.1,2122.71,34.0,82.33,10.9,120467.28
18.615,90.5384,26.7,2030.89,30.09,4.82,19.6,8192.92
14.3969,76.2768,55.9,1989.13,30.98,9.76,18.1,14971.62
10.6181,92.4821,59.0,1958.46,33.25,7.58,6.9,11893.6
12.8339,80.5395,27.8,2083.73,38.15,5.47,13.8,8761.79
29.5329,92.0313,42.8,1806.68,29.06,8.26,26.4,11565.45
26.2937,91.8638,35.3,1800.0,27.02,4.9,30.2,6639.37
22.7671,73.4772,95.6,1945.64,27.14,17.61,32.5,26209.96
20.8274,88.3331,37.5,2009.62,29.46,5.73,24.6,9353.73
32.9057,76.4286,139.0,1805.35,24.28,24.29,24.1,34773.92
9.9638,76.6273,59.0,1976.18,31.63,7.87,9.5,11891.5
15.5762,76.5941,40.8,1958.49,31.75,6.66,21.0,9654.69
17.4483,89.0415,142.7,2005.56,33.39,18.57,18.3,28701.06
29.1255,74.665,224.7,1865.51,21.89,36.6,38.1,51063.46
34.7979,68.0263,45.1,1756.78,24.59,6.3,25.9,8625.58
14.4981,88.7419,40.9,2120.78,34.83,6.39,10.3,9677.78
31.6063,72.9644,51.4,1744.41,23.26,8.92,26.0,11804.15
30.4268,71.03,26.9,1770.11,28.3,5.12,35.8,6511.17
14.0657,74.888,38.2,2032.55,30.89,5.09,14.5,7695.26
18.782,79.0171,35.1,2067.38,31.03,6.71,11.5,9976.98
19.0612,81.8013,35.8,1927.26,29.41,5.42,14.8,8569.42
34.412,69.2925,27.0,1792.59,22.5,5.05,34.9,6803.37
12.8841,96.1466,117.5,2128.71,31.57,18.92,22.8,30249.94
29.5773,88.7658,243.2,1808.01,26.69,45.97,26.9,60843.34
17.0232,77.3726,31.7,1985.05,32.64,5.48,10.2,8075.2
27.7335,77.2422,31.1,1736.35,25.99,4.99,27.7,6827.82
19.3403,81.0077,40.2,1944.06,27.18,5.82,15.5,7848.29
23.6157,86.1611,22.7,1892.52,28.78,4.49,24.9,6047.55
30.4805,72.2448,26.2,1605.83,25.73,4.82,29.8,5720.91
29.7125,73.479,26.0,1793.39,24.8,3.92,33.5,5072.0
31.3934,92.9236,187.9,1852.87,28.21,25.06,39.7,35010.81
9.6097,75.4314,26.2,2216.4,31.15,4.78,5.0,8045.37
26.6854,79.0257,38.2,1823.97,22.16,7.61,33.1,10168.01
11.7797,93.2669,42.0,2135.72,31.84,5.97,20.8,9470.9
19.2271,87.2313,39.8,1953.42,31.37,7.69,16.7,11091.64
22.8119,77.9096,316.3,1945.29,26.22,41.13,15.1,60360.97
18.874,87.8273,21.6,2127.48,28.14,4.23,25.3,6583.65
22.0295,68.5708,485.7,2024.95,30.59,87.24,26.1,136331.36
34.9062,89.3336,25.0,1757.35,23.82,3.7,29.2,5417.25
11.6509,82.1235,116.8,2094.85,34.11,16.87,10.6,27498.39
26.2373,91.5823,469.5,1931.72,28.36,80.51,27.8,127418.47
18.692,95.6845,40.9,1872.59,29.34,6.86,12.1,8974.03
11.5913,94.8479,26.5,2115.17,32.63,5.14,15.9,7841.26
12.2859,94.3687,81.6,2169.55,34.69,14.79,16.1,24456.27
33.6304,82.8529,20.9,1797.89,20.78,3.41,41.4,5108.06
31.7492,78.4441,111.3,1826.1,20.03,21.61,33.1,32282.81
32.4901,81.486,38.4,1782.76,23.11,6.43,34.0,8508.41
34.7714,88.007,41.8,1702.46,24.81,7.85,37.2,10132.06
13.6245,93.6359,20.3,2141.8,32.98,3.81,9.1,6179.51
17.5969,74.0026,436.2,1951.03,32.4,84.43,22.8,121739.34
26.0689,94.6276,42.2,1807.19,22.84,5.29,29.3,7150.55
21.0627,91.6402,24.2,1969.81,29.75,4.04,27.8,5878.78
19.2965,96.3868,84.8,2010.52,31.22,13.35,24.7,20070.82
17.6609,93.5273,39.2,1880.05,27.95,6.24,20.4,8480.96
24.0321,76.1182,34.9,1947.83,29.51,5.47,17.2,8388.22
23.541,71.0727,23.5,1982.08,27.78,4.39,31.9,6398.87
12.3594,71.255,58.7,2115.35,39.18,8.54,9.7,13137.73
20.737,76.4455,128.1,2160.69,24.91,20.12,30.0,34682.33
22.9437,85.8113,24.7,1876.38,31.01,3.36,21.0,4741.25
23.3977,91.3253,25.2,1893.95,27.28,3.53,16.3,5305.33
13.6729,94.0783,133.1,2066.28,29.21,23.0,21.4,33770.79
28.0413,86.0888,111.2,1833.16,24.93,14.39,33.9,20655.03
8.6804,68.1633,38.1,2161.46,35.25,5.15,14.4,8527.02
17.5805,73.4032,34.4,1915.01,32.76,5.58,9.4,7550.23
29.0657,70.8921,37.1,1777.09,28.96,4.58,36.7,6051.18
23.2251,78.5364,110.2,1918.14,30.99,14.34,25.2,20655.24
15.0514,82.5392,488.7,2171.36,29.9,92.41,14.5,154778.69
26.7637,69.2585,26.7,2038.43,28.82,5.01,35.0,7831.32
23.3196,78.1059,26.4,2031.09,28.89,3.91,26.6,5762.24
29.4986,73.1962,21.7,1751.0,24.02,3.21,22.2,4291.55
27.8457,86.765,39.7,1787.11,25.65,7.75,28.2,11618.9
24.4729,81.4639,36.5,1890.74,26.17,4.45,27.2,6819.95
21.1808,82.3642,188.9,2105.51,29.14,31.44,29.2,51531.25
11.5959,80.4031,30.9,2122.04,31.92,5.19,7.2,8162.82
15.056,95.7246,67.9,1966.79,29.77,12.42,20.9,20314.36
19.3157,74.2273,29.9,1956.22,30.87,5.87,25.3,9031.52
24.1811,82.9833,145.1,1969.31,28.98,21.55,16.7,31908.19
21.8701,89.3445,118.3,2005.53,28.38,18.34,12.2,27784.38
15.781,84.1485,20.2,2043.92,34.23,3.51,17.4,5239.81
8.1745,94.9416,238.4,2251.53,34.4,47.05,14.0,79677.63
21.3985,78.9611,20.3,1776.97,28.37,3.88,22.5,5444.93
15.7119,81.4466,121.5,2069.49,32.85,21.06,22.0,33443.55
27.8344,70.5671,314.3,1911.84,25.81,59.26,30.3,86647.87
8.6465,85.661,49.8,2121.73,34.88,6.32,11.7,9220.17
23.7904,76.3581,123.4,1848.87,22.85,18.52,14.4,26491.13
33.4198,72.649,101.8,1593.13,23.59,12.32,25.2,15546.01
12.7091,83.7914,431.6,2242.43,29.23,57.93,17.2,93459.11
20.7345,83.437,120.5,1913.17,26.83,20.53,26.0,29796.77
10.4684,70.2003,27.3,2174.85,31.22,5.21,11.3,9173.11
24.8934,88.2482,103.0,1944.23,25.31,17.58,26.7,24889.12
22.8644,86.0894,105.6,2053.41,27.21,18.28,25.2,28411.1
18.9989,73.4815,95.1,1989.71,29.08,12.2,11.1,19535.92
22.0772,81.6136,212.7,1903.46,29.99,36.84,25.4,53482.04
32.2075,88.8894,26.7,1778.11,24.55,4.17,31.8,5634.19
13.2999,83.3536,28.4,2207.33,28.81,4.89,15.4,8236.89
8.6092,79.4692,51.0,2175.42,34.89,7.45,9.9,12594.63
31.265,77.3478,470.9,1704.84,25.17,78.42,36.5,101523.17
23.5822,85.7014,40.6,1796.26,27.33,6.25,20.0,8837.07
32.0478,95.2342,391.4,1669.44,24.06,64.45,29.5,84583.9
24.1175,87.4806,350.3,1979.04,28.13,46.16,21.9,71013.99
29.8743,70.1676,391.3,1780.61,26.69,59.34,35.1,83236.22
19.6012,81.3599,493.7,1942.58,26.63,74.02,18.2,109328.41
28.2462,93.8339,284.8,1778.29,25.4,50.96,21.8,65936.09
32.6521,70.7394,121.3,1763.07,26.92,21.4,42.3,29028.94
23.4473,96.6774,86.0,1902.79,30.88,16.56,23.3,23831.36
12.8812,95.523,45.6,2090.29,34.51,7.78,5.1,11649.33
15.2575,70.27,45.7,2177.31,32.81,6.64,18.7,11097.52
13.3634,95.069,47.1,2226.5,35.9,8.6,18.1,14978.67
14.6651,78.5308,20.2,1951.23,35.84,3.22,14.7,4651.98
16.2732,92.4966,28.9,2077.29,31.02,3.92,19.2,6146.73
22.9886,80.1331,196.9,1868.06,26.32,35.4,16.4,47329.27
23.8758,80.7848,95.4,1894.38,27.32,12.46,21.2,17894.51
19.5155,86.393,34.9,2017.46,36.01,4.68,12.8,6973.64
24.6164,90.4598,75.6,1883.89,24.38,13.66,22.4,19965.34
10.2025,68.9799,41.7,2178.79,33.07,7.57,11.5,12178.23
10.3703,85.2015,28.1,2211.17,31.11,5.15,9.2,8948.79
12.6394,73.4153,448.9,2140.06,33.16,64.4,14.5,103708.11
21.9881,78.0325,25.3,1896.47,26.3,4.8,22.0,7976.91
13.7779,78.0911,86.7,2045.66,32.18,15.42,10.1,23881.79
15.6487,81.6027,38.7,1947.15,27.66,7.22,8.5,9158.9
18.8084,77.69,110.5,1937.13,31.37,19.53,13.9,26755.12
29.9204,71.1135,57.8,1962.4,27.58,9.62,23.9,14692.14
8.3743,72.2232,45.4,2129.9,34.06,5.84,12.5,8937.0
25.5332,68.9697,359.3,1788.93,26.84,63.56,31.9,83837.33
26.0597,81.6372,46.1,1900.52,26.55,8.08,30.5,11018.52
29.5637,95.679,136.8,1803.02,25.66,19.83,32.4,26917.51
33.1843,71.3546,341.1,1731.03,23.59,61.01,29.3,82679.43
8.5437,95.4417,468.8,2302.94,36.29,76.9,12.8,132738.33
12.1522,89.2675,45.5,2169.19,35.6,7.49,14.3,11444.17
31.9266,86.4875,48.7,1726.92,22.6,7.28,22.9,10018.79
20.38,86.7131,135.0,1943.2,28.81,17.47,28.5,23922.63
23.2439,91.9751,44.6,1885.4,29.94,6.13,14.8,8802.52
25.9017,71.1007,34.1,1947.75,24.1,6.19,26.0,9595.43
26.3348,82.6379,71.2,1845.32,22.81,10.09,26.6,13955.01
33.157,88.2156,141.1,1603.72,24.13,16.95,39.9,19748.32
34.9176,85.0178,41.7,1711.62,23.88,8.33,43.2,11102.27
27.4443,92.1506,28.5,1727.04,24.81,3.89,36.2,4962.98
15.755,70.0959,269.3,2235.15,30.35,46.44,17.1,78147.93
31.7533,88.0303,118.6,1695.19,22.79,23.03,35.3,31434.84
9.329,83.4868,97.8,2163.13,32.67,16.43,5.0,27157.5
14.2392,78.9957,22.4,2108.35,33.58,4.13,14.0,6253.85
32.2294,77.868,24.2,1740.78,21.74,4.8,40.2,6427.69
14.9172,86.0041,42.4,2052.29,31.36,8.0,14.0,11865.76
13.9576,93.8389,82.9,2126.51,30.51,13.64,5.3,22492.03
11.7294,82.3891,35.2,2254.97,30.41,5.25,5.7,9553.55
31.196,91.917,126.7,1843.87,26.3,20.09,29.8,27412.37
21.5016,79.6625,125.1,2075.25,27.88,23.44,16.3,36856.31
26.2221,70.9694,66.7,1788.27,27.18,12.56,24.1,18046.08
14.4548,69.7837,23.0,2109.2,29.08,4.31,11.1,6913.47
28.4671,69.4887,109.1,1844.01,24.31,18.31,24.8,26855.4
28.5201,79.0244,124.2,1858.72,27.28,19.64,20.3,27593.61
16.4401,77.7799,24.5,2158.18,36.38,3.55,24.1,5278.58
19.0884,88.8202,31.2,1982.75,26.06,3.75,22.9,5742.16
13.6616,89.5418,137.0,2065.65,32.05,24.82,16.1,40748.97
34.3671,69.4748,48.3,1768.11,23.96,6.87,36.5,9601.81
25.4313,74.4126,33.6,1743.98,25.92,4.92,23.4,7164.53
33.2327,75.9536,22.4,1726.86,25.34,4.2,39.7,5049.13
16.1914,83.8807,27.7,2041.82,29.58,3.44,24.8,5338.76
29.1111,72.1909,231.5,1746.37,25.81,44.97,19.2,57328.05
28.6782,71.8843,73.9,1912.36,24.65,8.88,20.3,12363.3
26.6747,95.3699,99.4,1778.88,29.04,19.39,30.2,27939.48
34.0723,91.3219,354.1,1719.83,21.91,55.38,28.8,73072.56
18.626,73.239,62.3,2032.18,29.51,7.98,26.9,11900.96
11.5294,79.7905,138.9,2244.75,35.3,24.17,14.9,40857.7
26.1361,78.313,38.6,1872.7,24.78,7.4,23.5,9577.99
27.6914,90.9391,109.7,1920.45,26.28,17.01,26.0,26929.74
23.5266,82.7962,49.6,1976.57,24.37,8.7,27.3,14558.67
13.5841,71.7076,38.8,2109.36,30.31,7.7,6.4,12687.7
21.6203,89.4308,47.9,1867.67,29.64,6.67,29.3,9509.15
16.4291,79.5098,28.6,1933.51,29.23,5.31,6.5,7556.2
19.5416,75.6248,27.2,2000.77,28.72,3.91,29.1,5524.6
25.4209,78.8895,35.5,1843.01,28.15,5.47,18.8,8063.88
28.1208,82.4349,100.9,1911.37,24.79,14.38,33.0,22114.01
14.2701,77.9503,26.8,2146.81,33.82,4.17,5.1,6697.71
18.9438,75.0153,120.0,1988.24,30.51,14.44,17.6,22174.44
15.2674,79.5566,53.0,1976.57,32.6,7.64,17.9,11501.66
13.3631,68.556,119.1,2144.32,35.07,18.53,5.0,28235.73
29.1515,90.4024,33.7,1737.84,26.12,5.75,28.0,8699.9
32.5498,72.9574,391.2,1697.43,27.03,66.88,28.6,85552.58
17.9963,69.2732,34.3,1941.71,32.32,5.72,18.0,8229.07
28.2845,86.9573,147.7,1823.8,24.83,21.19,28.4,31846.62
32.2189,90.4441,83.5,1857.68,26.69,16.34,37.9,23080.39
30.8454,91.601,49.5,1788.38,25.25,7.49,23.3,10192.26
12.936,82.3118,21.9,2075.7,31.99,3.01,5.0,4951.36
33.8199,73.9557,40.5,1613.19,23.94,6.66,31.9,8650.15
18.1703,89.3796,309.0,2061.11,32.65,55.59,25.9,87707.75
17.1595,88.2917,132.2,1972.7,31.79,16.0,24.3,21778.65
9.6856,75.1419,426.4,2179.06,37.89,60.59,10.9,99272.06
21.1267,94.1988,44.0,1935.38,31.27,8.19,28.9,11180.63
10.9434,71.0268,22.8,2214.07,34.72,3.67,17.1,5843.9
14.7106,96.498,44.7,2066.63,29.93,6.82,10.3,10726.73
16.5575,92.9472,224.9,2041.25,30.79,43.74,10.0,66561.71
29.8383,87.9491,20.8,1845.77,25.32,2.64,25.9,3873.41
31.6382,95.2237,26.5,1943.07,25.76,4.49,26.2,6930.51
16.1666,88.947,317.7,2124.08,32.6,46.83,18.6,77831.91
31.1848,73.5233,124.2,1775.58,24.91,15.61,32.9,20070.96
31.1452,80.8225,71.9,1783.64,24.83,9.85,33.1,15242.72
28.6456,70.0736,23.4,1786.39,27.15,3.98,22.4,5388.85
11.9608,79.3001,39.4,2052.71,31.5,4.81,17.8,7816.69
26.6387,89.5065,494.4,1820.28,30.0,82.75,25.3,100263.05
33.5156,79.2069,110.1,1678.95,19.42,21.64,33.0,28539.8
26.4286,77.5785,40.7,1920.55,29.62,7.48,36.4,9891.06
16.9537,85.2653,36.8,1953.14,30.88,5.44,12.6,7642.92
21.5156,93.2939,43.5,2063.38,30.92,5.7,19.4,8922.02
25.4346,69.3799,147.6,1946.34,27.88,23.2,29.0,33869.79
21.7854,79.1786,36.3,1953.5,29.49,5.5,29.4,8570.59
11.2387,72.589,91.7,2141.73,34.65,18.13,5.0,31100.11
16.4257,88.1653,136.0,2003.75,32.83,27.1,21.1,38495.29
29.6647,71.066,147.0,1831.64,24.59,22.46,38.0,30569.59
31.2583,87.2794,23.9,1868.4,26.6,3.15,29.7,4306.06
11.7071,76.2992,107.8,2077.02,31.16,20.79,7.4,34305.03
33.7144,73.7686,129.2,1614.47,23.42,23.71,37.3,29962.58
16.8782,95.1542,36.0,2096.45,32.68,5.79,11.8,9052.04
25.8825,68.5372,293.2,1904.06,28.94,43.76,23.6,64514.38
28.2993,80.6955,39.7,1745.0,26.79,6.18,36.2,8025.73
29.9225,68.6272,77.0,1746.72,24.35,14.8,31.7,19246.12
33.5352,82.0242,30.5,1671.64,25.3,4.11,25.4,5235.71
16.4488,82.5304,149.2,1989.96,29.86,27.54,13.0,40933.64
31.1797,77.3282,113.6,1756.87,28.07,13.8,33.7,18857.58
11.5555,71.8327,46.2,2114.68,33.23,8.94,11.2,13082.39
27.0361,78.9152,130.8,1805.29,23.35,20.93,30.2,29654.38
28.0334,87.4956,115.2,1778.75,23.6,15.92,33.3,21109.94
26.2985,90.6895,134.1,1852.32,26.85,16.12,25.9,23265.55
14.8125,83.3918,28.6,2090.79,32.21,4.71,24.6,7569.27
31.5722,85.1052,39.1,1750.4,28.33,5.46,39.9,6972.76
12.5592,73.8179,109.1,2210.63,30.87,18.59,5.0,32422.38
9.4481,76.3326,38.7,2214.58,34.43,5.51,5.0,8250.16
27.3716,72.695,66.9,1724.04,24.16,8.49,23.4,12191.72
20.8378,75.2296,28.3,2010.82,28.24,4.54,14.5,7322.34
30.9256,74.5217,28.6,1835.78,28.05,4.72,27.2,6308.21
18.3517,83.064,110.2,1978.89,28.07,17.21,16.8,24972.81
12.5435,84.318,147.3,1998.6,34.13,23.07,5.0,31335.08
30.5839,95.4035,145.4,1794.13,25.62,24.31,23.1,34704.78
22.8206,73.6715,229.5,1932.61,28.28,37.21,14.7,53121.97
13.1083,86.6086,80.5,2018.32,33.74,10.51,5.0,15264.41
27.4504,91.7005,53.6,1733.8,23.93,7.28,27.1,9321.98
21.8001,84.247,289.6,1944.59,32.1,38.04,18.5,60528.45
24.3165,75.3951,133.5,1887.66,31.51,23.42,33.0,31117.08
20.4443,75.614,141.6,1942.62,29.49,22.98,12.5,33419.7
30.3751,69.1383,27.1,1790.57,29.78,4.18,38.9,5640.3
30.3982,76.8579,243.0,1708.61,24.12,44.68,22.1,57110.77
27.1535,89.5935,26.6,1820.45,27.18,3.89,29.5,5272.91
10.8458,69.378,30.5,2191.44,36.58,5.05,5.8,7957.85
30.6491,74.3596,44.1,1764.32,23.89,5.56,37.2,7747.76
26.1174,88.4807,39.4,1740.13,24.08,7.08,17.3,9228.16
26.8197,90.6969,43.6,1823.43,23.31,7.65,35.9,11522.8
17.8005,81.2042,108.3,1937.98,34.71,19.95,8.7,27102.48
31.7405,88.2442,75.8,1794.04,23.26,14.45,26.6,20801.01
27.585,79.2506,26.8,1872.98,25.82,4.85,26.9,6428.3
11.0399,72.6375,50.9,2012.58,31.41,9.55,16.2,13824.37
19.01,79.5463,128.1,2062.54,31.94,18.91,28.0,27602.21
31.9323,84.8191,134.7,1680.24,22.67,19.87,30.5,24726.41
9.2743,95.4935,43.0,2301.8,33.44,8.42,14.4,14585.01
33.9582,69.9938,176.0,1728.85,23.92,34.01,38.5,45182.99
26.3374,82.7144,42.9,1770.22,24.62,7.02,27.8,8564.88
25.0472,77.5387,21.4,1801.79,26.97,3.19,28.9,4835.62
15.3051,82.741,23.2,2096.36,34.52,4.39,6.1,6772.78
14.7174,68.6953,94.0,2047.78,32.83,13.72,13.5,21154.7
33.4356,77.0777,97.6,1734.43,23.82,12.91,39.2,18376.93
16.0534,91.7762,44.5,2184.06,31.81,7.61,15.5,13214.3
28.9386,84.0643,40.4,1767.16,24.8,4.98,36.4,6615.8
18.6143,81.0669,65.3,2013.74,34.22,9.82,25.3,13137.18
11.7599,76.2802,72.6,2245.91,31.68,13.41,19.0,22996.26
8.2893,76.6432,28.6,2216.43,35.29,4.1,5.0,6405.33
22.6949,79.1099,62.4,1806.96,28.62,12.13,17.6,17618.36
34.346,92.2316,250.7,1766.2,25.16,49.25,24.9,63333.91
17.9667,96.0492,41.9,1927.56,32.72,7.75,27.6,10717.37
17.6442,80.721,74.1,2138.95,30.6,14.75,12.4,22086.77
17.2905,79.4072,45.1,1966.94,31.4,7.32,14.6,10170.51
22.0547,92.55,97.0,2184.58,29.33,16.05,17.6,26367.25
19.898,80.3803,29.7,2103.23,25.1,5.55,10.7,8760.36
31.7577,84.0085,32.4,1708.63,21.13,5.16,27.0,6719.51
21.6491,74.6973,120.9,1955.92,27.65,18.45,13.6,29967.94
21.7095,89.5616,101.7,2013.52,27.71,17.2,19.6,27352.73
11.736,83.4277,20.2,2195.44,30.92,3.49,21.1,5674.38
34.534,91.462,47.7,1757.78,24.56,8.58,38.5,10038.95
14.7493,90.6412,22.0,2178.69,31.97,3.81,18.9,6472.7
9.9808,74.2351,143.9,2154.51,33.68,25.85,9.0,48076.26
25.9049,88.7534,52.8,1848.37,24.43,9.19,32.1,12909.19
24.0749,91.2016,127.1,1882.9,27.68,20.14,32.2,27388.49
19.2089,78.0371,103.5,2066.91,24.7,13.53,28.4,21407.48
19.3992,73.0057,100.6,2024.03,29.54,18.39,11.4,25828.41
29.1967,68.0763,57.3,1841.76,25.59,7.01,36.8,10044.68
13.2842,81.0762,73.9,2168.5,33.11,14.73,7.8,25487.78
30.1468,78.2205,127.8,1637.27,21.91,23.8,28.1,29554.97
25.5162,84.0924,461.9,1909.51,27.57,80.23,22.4,113431.03
19.3122,73.4532,35.9,2013.87,27.83,7.08,22.8,10836.73
20.3668,92.9303,30.6,2110.9,27.81,5.17,22.3,8157.6
14.9295,75.4749,21.8,1952.98,33.32,2.71,7.1,3602.57
28.3071,74.5665,118.2,1959.05,29.89,19.48,34.0,28136.47
21.8476,81.9407,28.4,1956.78,28.87,4.03,20.6,5856.66
16.6631,82.4667,21.7,2083.18,29.47,3.24,6.7,5358.86
24.0934,74.2375,383.0,2044.39,28.14,60.05,22.4,99505.73
34.8848,75.884,320.0,1760.93,24.78,58.23,35.2,85559.88
19.7521,72.9215,154.2,2020.49,30.95,24.71,11.1,38516.28
32.8587,88.8353,23.3,1771.93,29.3,3.69,25.9,4957.82
17.3155,90.3326,394.7,1993.64,29.38,56.9,27.2,80669.99
9.4778,81.4075,21.9,2171.12,34.84,3.58,16.9,6071.88
13.5145,88.7085,46.0,2043.5,35.62,6.43,6.2,9764.73
19.3048,89.3421,29.3,1992.95,32.89,4.13,20.9,5801.51
13.9301,72.01,58.9,1906.38,28.43,10.63,11.5,14769.5
8.0061,96.0192,42.8,2234.21,34.99,6.31,8.9,9863.89
32.705,91.8099,102.4,1745.57,26.85,12.71,32.1,15387.41
30.7847,73.93,80.7,1762.98,30.53,11.9,21.7,15870.71
28.0419,73.3988,32.2,1856.83,27.39,5.51,24.4,7332.69
12.531,71.6442,20.6,2003.76,32.23,3.82,5.0,5453.35
11.2498,72.013,39.9,2295.84,31.52,7.85,11.0,13708.39
9.8253,89.6967,278.0,2158.92,38.62,49.96,18.0,76875.35
27.5488,81.62,41.4,1836.45,27.66,6.39,37.5,8473.16
33.0778,90.7051,38.8,1671.37,22.02,5.59,42.0,7722.96
19.6245,89.6414,39.5,1992.68,29.36,5.15,29.3,7052.84
11.2168,85.5338,427.5,2253.05,34.17,72.77,5.0,111928.31
21.8346,87.9046,38.9,2033.85,29.86,6.26,26.4,9823.54
17.4185,68.5323,32.6,2098.82,28.96,5.67,12.9,8728.59
18.1203,77.0416,31.7,2061.55,29.22,4.41,25.4,6591.93
24.7759,86.4968,191.9,1869.35,24.14,27.99,31.1,38012.91
27.4054,68.271,43.4,1734.69,28.35,6.22,25.9,8405.09
10.9863,68.9563,126.1,2130.16,32.97,23.18,10.5,37646.07
8.9609,92.7048,27.4,2163.83,35.5,3.66,5.0,5882.37
34.8469,87.8367,451.9,1800.66,25.76,76.23,30.6,102314.8
14.2837,75.6957,108.9,2111.65,32.61,13.52,23.9,20179.85
9.4534,87.9509,97.9,2302.82,34.12,16.05,17.2,26908.05
13.1266,90.9812,20.5,2203.52,33.08,2.57,7.0,4398.12
9.0519,76.897,31.5,2144.55,34.65,4.22,5.0,7229.58
18.5789,69.0451,39.2,1865.97,32.73,5.06,10.8,7356.53
29.6648,95.0506,59.0,1920.88,25.87,8.71,39.4,12942.27
17.2136,78.0102,310.8,2142.91,29.77,45.85,25.4,76940.89
19.993,71.088,49.8,1874.83,31.7,9.27,21.0,12374.44
26.2408,82.2638,400.8,1992.4,29.25,55.33,30.1,80564.42
21.7401,90.2856,36.4,1983.25,26.14,4.62,26.7,7192.15
31.259,74.4278,336.6,1794.19,27.6,56.64,25.3,76592.71
31.383,75.8152,21.3,1908.29,25.21,3.73,40.1,5493.87
8.2676,75.0387,48.7,2302.76,35.45,7.0,8.8,12617.44
29.0073,96.7585,47.8,1873.98,27.56,8.05,20.9,11829.53
20.4398,73.7247,118.2,2013.94,28.27,21.53,18.4,31363.16
34.6987,84.6901,59.9,1768.74,24.89,8.85,36.7,12147.45
21.0473,94.8327,26.2,1933.14,28.38,4.25,18.1,5977.54
34.6462,72.26,68.4,1715.96,20.06,9.01,38.6,11678.52
28.3734,96.1548,35.6,1761.09,23.84,4.34,36.0,5351.5
14.7123,95.4768,26.2,2052.53,33.11,5.21,20.2,7991.76
22.5367,93.6526,40.9,1909.01,26.57,5.88,25.4,7856.33
34.7877,74.2221,104.5,1667.0,26.17,14.87,35.0,19609.62
31.1533,86.3876,51.8,1794.18,26.96,10.24,26.2,14960.19
10.6289,90.0659,124.4,2126.76,36.48,22.18,9.7,35937.11
27.072,96.5948,68.9,1896.88,26.67,11.49,22.9,16720.35
17.3306,73.2323,44.7,1902.26,31.32,7.87,26.0,11936.29
8.1885,90.2148,85.5,2187.54,32.53,15.12,16.3,24810.27
18.894,77.8252,30.2,2014.43,32.09,5.46,12.0,7811.49
14.3384,73.0932,51.2,2061.06,32.91,6.42,20.8,9862.35
30.1095,80.2199,49.6,1788.24,26.19,7.59,34.2,11428.1
17.1079,91.0212,111.2,1909.24,34.28,15.97,26.6,21031.64
30.3431,81.4806,92.3,1826.34,23.73,11.59,29.6,15415.02
8.0161,83.5882,22.9,2251.52,34.74,3.5,12.5,6007.61
16.3111,96.8596,119.9,2089.88,31.91,20.3,16.7,31781.53
14.5115,79.5742,28.5,2165.89,30.2,3.82,5.9,5992.27
14.3063,85.8466,49.6,2102.61,31.79,7.17,5.2,10428.07
9.841,78.5921,145.1,2205.16,35.16,24.82,5.0,36426.12
13.0524,79.3908,123.5,2121.54,32.08,20.55,9.0,30262.84
22.9998,88.1736,49.1,1985.01,30.87,9.31,18.2,14993.12
15.8667,95.1987,23.2,1932.22,28.44,4.25,20.4,6227.91
19.2697,83.7284,78.0,1925.66,32.17,15.38,23.6,19974.31
18.1754,90.2836,75.3,2143.79,31.74,12.64,27.6,21167.46
31.6494,70.587,22.2,1577.48,23.22,3.9,27.9,5072.86
32.4431,74.1236,490.3,1748.81,22.15,92.58,41.2,132008.14
21.3098,82.5618,56.0,2054.2,24.85,10.48,23.6,16335.64
16.9142,68.5803,45.7,2032.08,29.4,8.11,16.8,12455.16
10.8836,75.3328,43.0,2115.69,35.8,6.89,14.2,10843.67
33.7419,83.0046,31.3,1747.0,23.3,4.44,37.8,6438.67
9.6261,68.4339,51.9,2142.48,36.59,9.87,5.0,15080.51
16.0366,75.6718,20.2,2057.81,30.14,3.68,21.1,5482.91
16.0478,82.9069,221.4,2000.47,32.79,41.41,20.6,63902.98
16.6508,84.6213,34.8,2132.98,29.67,4.57,26.6,7676.05
12.4357,94.8468,95.8,2234.02,31.07,13.91,20.7,23004.43
29.1454,86.715,37.6,1808.71,25.27,5.78,32.8,8325.36
11.3074,80.0273,420.2,2029.55,32.18,78.6,15.6,119983.98
25.1425,94.9802,87.7,1849.53,24.2,16.8,34.1,23365.87
11.3438,90.7616,24.8,2125.09,33.13,3.54,20.7,5289.05
9.9045,73.8003,430.0,2206.16,34.36,75.22,16.4,115103.51
32.5546,71.7944,30.0,1677.38,26.49,3.78,37.9,4688.59
13.1335,87.5985,78.7,2046.06,34.56,12.02,5.4,17139.67
30.1738,84.2366,126.4,1841.73,27.46,20.09,36.8,28406.7
22.705,90.9005,143.4,2010.42,29.82,25.99,17.8,41774.66
10.1021,89.4253,470.2,2112.43,34.72,89.98,11.4,143398.64
33.7971,86.1311,198.1,1628.99,20.93,29.12,31.9,35667.51
14.668,96.6051,326.1,2342.71,32.3,52.9,11.6,96949.5
31.2104,83.4741,22.8,1844.88,25.75,3.91,27.4,5628.11
12.5579,71.2801,48.8,2096.6,35.86,7.14,19.7,11201.23
31.0565,92.0199,71.5,1854.51,26.0,14.22,36.4,19633.13
8.3572,75.3037,69.7,2183.61,37.32,13.26,8.8,22656.56
21.8181,90.5418,138.9,2020.65,26.72,19.96,25.1,32679.67
28.7749,95.7561,49.0,1838.8,25.0,7.88,38.5,10872.52
33.2395,88.2071,119.8,1752.99,24.5,16.58,31.2,23386.97
32.5485,85.2849,192.4,1749.04,26.28,31.0,33.6,44257.32
30.1299,81.3512,34.6,1685.87,24.75,6.04,30.8,7749.77
31.9812,78.5679,44.5,1923.39,24.04,5.64,40.7,8237.95
13.3789,78.2371,37.2,2027.86,33.95,7.05,10.4,10698.56
15.673,86.4548,24.0,1953.08,29.3,4.02,25.4,5522.52
15.8022,89.7869,67.2,2042.53,34.7,13.38,11.9,20696.34
18.1805,87.677,452.4,1939.83,28.66,55.22,10.4,84506.86
18.6197,73.7539,35.8,2004.71,26.38,6.68,12.4,10121.81
22.703,82.3256,120.6,1990.37,28.4,22.11,21.2,34281.04
12.3168,90.9576,87.3,2201.92,36.45,11.4,15.3,19809.25
26.6637,81.7954,36.0,1929.23,27.77,5.28,27.0,7690.24
12.5243,83.5621,147.7,2094.11,34.47,28.18,10.0,44749.59
16.3783,90.3629,83.0,2053.16,31.31,13.4,17.6,20246.15
21.5903,87.1767,117.5,1988.0,28.58,17.87,28.4,25959.14
29.5039,79.871,25.2,1672.31,22.23,4.84,36.3,6360.25
27.9657,93.967,62.2,1886.26,21.5,7.93,32.5,11811.05
25.4294,72.7144,43.5,1769.69,27.55,6.87,34.5,9384.96
12.2059,96.87,45.3,2287.52,35.73,7.8,14.0,13298.17
22.7702,71.4467,40.0,1901.77,29.04,6.76,12.9,9796.8
10.3611,68.4335,24.7,2142.71,35.18,3.49,6.2,5985.18
18.1888,93.8105,27.2,1955.02,33.58,4.49,14.8,6890.48
19.1649,75.1037,47.3,1948.63,30.63,8.36,20.1,12594.6
9.0749,89.1613,78.9,2362.58,34.27,13.15,17.2,23342.22
15.3977,91.5194,131.9,2142.07,30.03,23.05,22.2,36418.72
33.8025,92.9106,28.6,1611.62,27.43,4.01,28.4,4872.45
33.7481,96.7562,48.2,1856.87,24.47,8.99,34.1,13354.28
17.5128,76.5272,141.4,2124.23,28.83,22.06,20.7,35803.46
9.1637,88.5971,21.3,2156.56,32.13,4.24,18.9,6992.66
12.8356,71.3466,43.1,2137.5,35.33,5.25,5.0,8713.24
18.5899,79.7975,66.9,2008.19,28.16,10.07,17.9,15461.32
33.5901,92.5912,26.5,1897.19,27.19,3.56,43.4,4559.75
11.8124,78.6621,33.8,2067.67,27.77,5.56,21.4,9489.88
28.6149,85.1418,37.3,1840.61,28.57,5.2,25.2,7046.57
10.9344,82.6094,29.8,2112.93,34.65,5.33,5.0,8375.69
34.494,86.7326,351.4,1608.47,23.31,66.96,36.2,87194.7
18.3036,96.2139,25.1,2189.87,30.01,3.44,25.6,6027.98
28.9313,69.6163,52.2,1728.71,29.36,6.94,25.4,9919.17
17.25,84.6449,107.1,2051.11,32.25,20.36,25.9,30243.89
24.9471,93.0278,35.5,1755.7,25.57,5.29,21.6,7580.99
13.1844,81.9601,40.7,2074.75,29.23,6.3,15.4,10055.16
11.9426,70.2773,115.0,2162.79,33.58,15.83,16.4,28934.72
33.3277,84.2556,464.1,1678.12,23.6,71.49,30.2,98356.44
32.7765,77.6301,33.8,1800.97,20.81,4.68,29.8,6566.35
31.9617,72.4933,20.3,1747.17,24.11,3.51,31.4,4601.83
24.8867,92.622,113.1,1988.85,26.25,18.08,31.6,23754.33
29.8232,83.1264,40.3,1916.12,25.2,7.37,21.8,11105.1
9.864,95.065,35.6,2119.51,35.61,5.17,12.5,8529.14
17.0393,91.3745,40.7,2043.43,33.92,6.53,20.6,10300.08
16.47,88.0962,29.7,2062.22,33.01,4.18,17.6,5722.55
25.1624,68.1457,24.5,1940.62,25.83,4.76,33.9,6553.44
17.6109,80.4069,39.9,2028.16,31.41,6.46,19.7,10134.31
12.0097,73.7271,74.5,2143.04,33.32,9.98,14.7,17424.9
24.1046,94.4131,95.6,1890.64,25.09,13.56,26.1,19815.03
29.9884,73.0629,34.7,1813.43,25.9,4.4,34.4,6452.56
18.3173,76.2957,34.3,2118.12,34.07,4.19,11.0,6187.86
11.5713,82.9883,109.8,2187.4,33.46,17.8,19.5,28945.02
13.3106,75.6375,20.9,2160.51,29.42,3.07,5.0,4887.29
14.412,74.0861,49.7,2142.43,32.18,9.79,17.2,16691.89
16.0972,85.3739,41.5,2041.95,28.93,5.55,18.4,8407.16
25.3555,70.579,32.8,1913.11,28.92,6.01,19.5,9400.39
24.2255,69.6869,217.0,1821.13,28.75,31.52,15.0,42227.02
26.7942,78.7951,58.0,1963.21,26.2,8.0,19.6,11289.36
17.7876,88.8993,40.2,1801.19,29.93,7.94,13.2,10226.34
30.2479,84.0894,81.7,1792.57,24.56,15.05,37.9,19955.36
13.5104,80.2634,26.9,2192.09,32.54,4.58,20.6,7570.53
20.6641,84.4068,31.4,1862.94,27.76,5.52,11.9,7489.42
29.6253,78.5981,37.8,1842.73,22.49,7.53,25.4,10350.59
12.8643,95.1482,117.2,2057.98,35.09,19.62,20.7,30830.86
10.9663,69.5922,39.4,2117.1,32.89,5.04,5.7,6658.93
31.8595,87.5284,45.9,1846.2,24.6,5.75,41.8,7873.81
17.2591,93.8472,26.6,2049.18,31.4,4.6,12.4,6588.64
26.4645,91.3127,39.1,1704.89,27.34,6.75,31.2,8384.2
8.6844,73.3372,60.1,2109.57,32.34,10.81,7.0,17388.34
26.6313,76.5819,104.8,1942.66,23.26,13.49,19.4,19927.19
16.5347,88.7944,108.4,2082.29,29.98,21.2,11.6,32759.42
9.505,70.4438,71.6,2312.76,35.11,11.75,13.0,21322.17
24.4649,91.544,287.1,2038.24,26.13,49.37,21.2,77317.01
14.5017,88.8483,44.8,2055.59,31.36,5.5,16.6,9311.5
18.4438,89.1586,24.5,2212.27,34.55,4.81,12.6,8120.98
10.1757,70.907,33.0,2162.8,30.33,5.45,9.1,8536.68
11.9734,88.8151,48.0,2051.47,31.7,7.92,12.2,13516.15
16.0454,87.7147,35.1,2004.49,35.17,6.87,14.3,10392.81
10.4235,92.0968,41.8,1975.84,33.82,8.11,5.0,12971.7
32.5923,69.2063,44.8,1885.9,22.52,6.17,31.8,9023.25
8.1633,68.6702,70.4,2324.64,37.26,13.69,12.0,23649.65
21.0642,78.8172,226.4,1883.6,29.23,40.51,30.4,58107.1
11.3277,72.3149,42.8,2121.87,32.81,5.2,17.1,8123.89
16.3073,84.1931,42.6,2058.12,31.65,5.93,9.5,9655.65
33.0036,94.6031,56.0,1673.11,22.43,8.57,28.5,12221.75
12.3658,79.3529,29.7,1981.01,31.0,4.94,5.0,6449.96
34.0775,92.5036,32.0,1713.78,23.04,5.63,26.8,7721.39
13.5564,68.007,44.9,2074.3,30.48,6.14,8.6,9143.14
28.0223,72.8869,92.2,1808.53,26.01,17.23,22.0,20689.11
22.7603,68.8823,142.6,1952.13,29.07,26.76,17.0,40413.37
31.8809,77.5163,149.7,1884.5,25.96,25.56,26.5,37778.22
22.9578,94.3375,43.4,1906.51,30.52,8.41,19.0,12494.62
22.4331,70.8116,40.0,1953.84,27.69,7.4,14.9,11107.74
13.2774,85.5859,31.8,2163.16,33.62,4.37,8.8,7331.4
12.4882,81.0934,173.5,2163.54,33.97,31.9,16.3,49768.71
32.7452,95.2156,107.3,1705.43,24.52,21.06,27.5,27988.35
16.8516,71.5531,30.9,2048.38,30.06,4.04,10.3,6416.17
18.0462,74.1488,85.1,2062.97,28.42,16.87,9.4,27843.88
28.5152,68.8567,40.6,1740.46,26.77,4.96,28.5,6700.4
17.1482,80.5841,312.3,2136.41,27.47,50.52,24.0,80771.97
33.7057,76.0572,125.2,1851.82,22.9,22.78,24.9,32213.63
27.924,93.2273,31.9,1783.54,20.93,5.85,28.8,7757.55
24.1306,85.5433,65.1,1925.14,25.07,11.64,27.1,17982.4
31.7842,85.8086,33.8,1823.27,22.54,5.49,33.6,7269.28
9.3394,83.4254,48.5,2132.24,36.59,8.35,16.9,13196.4
14.9407,70.6637,130.2,2113.6,33.25,22.91,22.3,35870.86
20.556,80.9055,70.6,1987.05,28.24,11.26,11.7,15467.7
14.1284,96.9857,31.7,1972.25,33.7,5.32,11.3,7248.2
28.0854,92.2216,142.8,1875.19,27.74,26.8,31.5,36734.66
32.8186,93.9103,62.4,1665.25,23.51,9.05,41.9,11306.22
19.4418,91.8736,27.6,2069.18,27.08,4.47,25.5,7543.44
17.2376,70.9882,27.9,1980.03,30.43,3.36,10.8,4950.53
33.9619,74.596,107.1,1719.78,23.12,18.74,29.5,25674.68
20.011,68.0905,32.3,2093.58,27.13,4.38,25.3,7421.43
21.2043,76.8018,178.0,2002.03,29.79,28.2,20.6,45432.35
17.4945,71.1496,38.9,1942.74,31.29,5.32,18.4,7833.79
32.5578,81.711,23.0,1676.77,24.84,2.8,34.7,3512.03
23.3618,87.6367,38.2,1875.54,28.65,6.06,15.4,8740.84
28.5787,93.3607,100.7,1861.15,27.2,15.51,35.7,21092.46
29.9188,89.7273,99.4,1834.13,24.78,15.3,37.2,23375.19
17.2299,95.219,22.0,1966.41,31.25,3.01,16.6,4687.69
19.7097,69.5631,39.2,1895.85,28.94,7.67,22.2,11194.21
30.9087,68.3532,93.1,1810.17,23.52,11.2,34.1,16158.35
17.8079,87.1788,32.3,2008.91,33.26,6.19,11.6,9286.28
29.4362,76.3912,37.9,1986.72,21.27,6.78,21.7,10223.82
33.4068,75.3515,38.2,1745.61,25.32,5.11,23.8,6917.13
24.8267,77.5957,20.5,2042.26,26.19,3.23,33.1,4933.33
28.0239,75.8241,23.8,1745.94,24.49,4.73,24.9,7014.12
29.7376,82.8317,27.1,1682.87,25.74,4.65,21.5,5728.89
30.8161,80.7643,40.3,1699.7,21.75,5.25,30.1,7215.2
18.6664,82.8604,107.7,2103.13,28.57,16.86,10.2,25529.16
9.3841,87.5087,42.7,2315.57,32.68,6.73,5.0,11165.95
18.8507,79.2268,124.1,1942.11,29.67,22.85,18.6,30913.05
26.1914,75.2879,135.3,1835.71,25.21,26.16,26.4,38176.23
20.1595,72.8198,31.3,1887.61,32.73,3.96,21.8,5473.29
28.222,78.1347,84.5,1691.07,29.49,12.26,31.3,16583.93
17.6385,89.5124,44.9,2083.98,26.62,6.46,21.0,10540.85
25.1381,89.9444,27.1,1909.36,28.38,5.42,23.8,7989.74
13.0333,87.3403,311.4,2110.24,34.45,51.3,15.9,74866.27
28.233,74.7868,69.4,1723.8,26.98,13.22,24.3,17937.38
22.7338,85.0545,469.8,2065.99,27.05,72.39,21.6,111471.82
13.5097,84.55,90.8,2060.56,32.03,16.14,11.4,23255.08
15.8816,82.0437,26.4,2100.82,29.96,3.77,12.5,6122.11
28.2124,83.9494,40.8,1719.81,25.06,7.86,23.0,9722.99
21.0302,82.2619,27.3,1950.21,26.72,4.28,12.6,5643.4
13.8328,84.3982,144.4,2118.32,32.15,26.6,14.0,45447.56
34.1163,88.7497,278.7,1756.07,20.24,39.14,34.9,52981.31
27.3084,71.1792,116.5,1864.82,25.91,20.44,24.0,26773.23
33.8426,89.7391,30.4,1774.39,20.87,4.63,43.4,6023.28
19.5318,71.9407,44.2,1901.99,30.22,5.42,20.7,7563.03
20.8277,69.9322,139.7,1984.89,27.87,21.38,28.6,33785.6
32.2448,96.3063,425.8,1772.69,24.67,69.83,33.6,88269.49
22.1763,95.7528,45.5,1963.36,30.78,6.01,16.0,8232.93
27.0965,69.7527,23.1,1862.05,29.59,3.11,36.6,4519.01
14.8087,80.8543,47.7,1975.59,26.88,7.5,22.5,10953.11
20.0616,73.4011,38.7,1877.47,27.9,5.71,19.5,8344.53
11.3331,82.075,136.9,1962.86,32.89,21.26,6.2,30274.19
13.5615,92.0751,40.5,2165.3,33.42,6.36,8.0,11238.41
8.0255,95.5677,70.2,2265.75,31.69,9.21,14.1,14547.67
9.0602,86.3933,38.3,2248.4,32.56,5.15,5.0,8774.11
34.3867,78.2633,22.7,1749.58,23.39,4.27,37.1,6253.26
14.5435,85.4964,40.9,1911.57,32.23,5.44,17.3,7664.07
25.9094,77.048,90.9,1795.49,27.7,15.75,19.6,20597.36
30.6557,94.3849,65.2,1805.83,25.69,10.0,34.8,14405.91
22.8678,93.2416,49.4,1943.22,28.99,9.75,27.0,15084.39
12.1349,84.1887,47.0,2107.75,33.53,5.89,9.1,8898.29
27.6591,77.4192,46.8,1875.65,26.26,8.73,27.3,13622.86
24.2068,76.5083,43.7,1909.21,29.04,6.96,30.9,10019.37
27.7438,68.9691,119.2,1854.27,21.64,14.35,28.2,21539.21
28.7832,91.6588,115.5,1774.78,28.74,16.3,31.1,23712.02
34.3361,81.0611,23.2,1804.51,18.74,3.54,32.6,5275.95
23.4862,77.4289,140.1,1886.79,25.87,20.33,16.5,29187.87
17.2243,81.6622,138.1,1927.51,30.4,20.58,27.2,28382.51
25.5085,91.7434,42.4,1823.17,28.47,8.2,26.1,13031.87
9.8479,71.6138,47.8,2138.86,28.18,7.12,6.6,11154.18
32.2297,92.872,105.3,1843.39,24.04,16.17,36.5,23406.23
11.2233,94.0278,94.8,2138.6,35.13,17.14,13.6,27927.92
16.8518,95.4545,49.0,2025.78,33.01,9.0,11.5,13922.39
30.0251,79.5272,96.4,1703.65,23.69,12.22,37.6,17651.76
24.1274,74.2971,39.2,1972.54,27.14,6.92,15.5,10308.52
